"","date","opt JHH","opt SH","opt BMC","opt HCGH","opt SMH","mod JHH","mod SH","mod BMC","mod HCGH","mod SMH","pess JHH","pess SH","pess BMC","pess HCGH","pess SMH"
"1",2020-03-01,NA,NA,NA,NA,NA,NA,NA,NA,NA,NA,NA,NA,NA,NA,NA
"2",2020-03-02,NA,NA,NA,NA,NA,NA,NA,NA,NA,NA,NA,NA,NA,NA,NA
"3",2020-03-03,NA,NA,NA,NA,NA,NA,NA,NA,NA,NA,NA,NA,NA,NA,NA
"4",2020-03-04,NA,NA,NA,NA,NA,NA,NA,NA,NA,NA,NA,NA,NA,NA,NA
"5",2020-03-05,NA,NA,NA,NA,NA,NA,NA,NA,NA,NA,NA,NA,NA,NA,NA
"6",2020-03-06,NA,NA,NA,NA,NA,NA,NA,NA,NA,NA,NA,NA,NA,NA,NA
"7",2020-03-07,NA,NA,NA,NA,NA,NA,NA,NA,NA,NA,NA,NA,NA,NA,NA
"8",2020-03-08,NA,NA,NA,NA,NA,NA,NA,NA,NA,NA,NA,NA,NA,NA,NA
"9",2020-03-09,NA,NA,NA,NA,NA,NA,NA,NA,NA,NA,NA,NA,NA,NA,NA
"10",2020-03-10,NA,NA,NA,NA,NA,NA,NA,NA,NA,NA,NA,NA,NA,NA,NA
"11",2020-03-11,NA,NA,NA,NA,NA,NA,NA,NA,NA,NA,NA,NA,NA,NA,NA
"12",2020-03-12,NA,NA,NA,NA,NA,NA,NA,NA,NA,NA,NA,NA,NA,NA,NA
"13",2020-03-13,NA,NA,NA,NA,NA,NA,NA,NA,NA,NA,NA,NA,NA,NA,NA
"14",2020-03-14,NA,NA,NA,NA,NA,NA,NA,NA,NA,NA,NA,NA,NA,NA,NA
"15",2020-03-15,NA,NA,NA,NA,NA,NA,NA,NA,NA,NA,NA,NA,NA,NA,NA
"16",2020-03-16,NA,NA,NA,NA,NA,NA,NA,NA,NA,NA,NA,NA,NA,NA,NA
"17",2020-03-17,NA,NA,NA,NA,NA,NA,NA,NA,NA,NA,NA,NA,NA,NA,NA
"18",2020-03-18,NA,NA,NA,NA,NA,NA,NA,NA,NA,NA,NA,NA,NA,NA,NA
"19",2020-03-19,NA,NA,NA,NA,NA,NA,NA,NA,NA,NA,NA,NA,NA,NA,NA
"20",2020-03-20,NA,NA,NA,NA,NA,NA,NA,NA,NA,NA,NA,NA,NA,NA,NA
"21",2020-03-21,NA,NA,NA,NA,NA,NA,NA,NA,NA,NA,NA,NA,NA,NA,NA
"22",2020-03-22,NA,NA,NA,NA,NA,NA,NA,NA,NA,NA,NA,NA,NA,NA,NA
"23",2020-03-23,NA,NA,NA,NA,NA,NA,NA,NA,NA,NA,NA,NA,NA,NA,NA
"24",2020-03-24,0,0,0,0,0,0,0,0,0,0,0,0,0,0,0
"25",2020-03-25,0,0,0,0,0,0,0,0,0,0,0,0,0,0,0
"26",2020-03-26,0,0,0,0,0,0,0,0,0,0,0,0,0,0,0
"27",2020-03-27,0,0,0,0,0,0,0,0,0,0,0,0,0,0,0
"28",2020-03-28,0,0,0,0,0,0,0,0,0,0,0,0,0,0,0
"29",2020-03-29,0,0,0,0,0,0,0,0,0,0,0,0,0,0,0
"30",2020-03-30,0,0,0,0,0,0,0,0,0,0,0,0,0,0,0
"31",2020-03-31,0,0,0,0,0,0,0,0,0,0,0,0,0,0,0
"32",2020-04-01,0,0,0,0,0,0,0,0,0,0,0,0,0,0,0
"33",2020-04-02,0,0,0,0,0,0,0,0,0,0,0,0,0,0,0
"34",2020-04-03,0,0,0,0,0,0,0,0,0,0,0,0,0,0,0
"35",2020-04-04,0,0,0,0,0,0,0,0,0,0,0,0,0,0,0
"36",2020-04-05,0,0,0,0,0,0,0,0,0,0,0,0,0,0,0
"37",2020-04-06,0,0,0,0,0,0,0,0,0,0,0,0,0,0,0
"38",2020-04-07,0,0,0,0,0,0,0,0,0,0,0,0,0,0,0
"39",2020-04-08,0,0,0,0,0,0,0,0,0,0,0,0,0,0,0
"40",2020-04-09,0,0,0,0,0,0,0,0,0,0,0,0,0,0,0
"41",2020-04-10,0,0,0,0,0,0,0,0,0,0,0,0,0,0,0
"42",2020-04-11,0,0,0,0,0,0,0,0,0,0,0,0,0,0,0
"43",2020-04-12,0,0,0,0,0,0,0,0,0,0,0,0,0,0,0
"44",2020-04-13,0,0,0,0,0,0,0,0,0,0,0,0,0,0,0
"45",2020-04-14,0,0,0,0,0,0,0,0,0,0,0,0,0,0,0
"46",2020-04-15,0,0,0,0,0,0,0,0,0,0,0,0,0,0,0
"47",2020-04-16,0,0,0,0,0,0,0,0,0,0,0,0,0,0,0
"48",2020-04-17,0,0,0,0,0,0,0,0,0,0,0,0,0,0,0
"49",2020-04-18,0,0,0,0,0,0,0,0,0,0,0,0,0,0,0
"50",2020-04-19,0,0,0,0,0,0,0,0,0,0,0,0,0,0,0
"51",2020-04-20,0,0,0,0,0,0,0,0,0,0,0,0,0,0,0
"52",2020-04-21,0,0,0,0,0,0,0,0,0,0,0,0,0,0,0
"53",2020-04-22,0,0,0,0,0,0,0,0,0,0,0,0,0,0,0
"54",2020-04-23,0,0,0,0,0,0,0,0,0,0,0,0,0,0,0
"55",2020-04-24,0,0,0,0,0,0,0,0,0,0,0,0,0,0,0
"56",2020-04-25,0,0,0,0,0,0,0,0,0,0,0,0,0,0,0
"57",2020-04-26,0,0,0,0,0,0,0,0,0,0,0,0,0,0,0
"58",2020-04-27,0,0,0,0,0,0,0,0,0,0,0,0,0,0,0
"59",2020-04-28,0,0,0,0,0,0,0,0,0,0,0,0,0,0,0
"60",2020-04-29,0,0,0,0,0,0,0,0,0,0,0,0,0,0,0
"61",2020-04-30,0,0,0,0,0,0,0,0,0,0,0,0,0,0,0
"62",2020-05-01,0,0,0,0,0,0,0,0,0,0,0,0,0,0,0
"63",2020-05-02,0,0,0,0,0,0,0,0,0,0,0,0,0,0,0
"64",2020-05-03,0,0,0,0,0,0,0,0,0,0,0,0,0,0,0
"65",2020-05-04,0,0,0,0,0,0,0,0,0,0,0,0,0,0,0
"66",2020-05-05,0,0,0,0,0,0,0,0,0,0,0,0,0,0,0
"67",2020-05-06,0,0,0,0,0,0,0,0,0,0,0,0,0,0,0
"68",2020-05-07,0,0,0,0,0,0,0,0,0,0,0,0,0,0,0
"69",2020-05-08,0,0,0,0,0,0,0,0,0,0,0,0,0,0,0
"70",2020-05-09,0,0,0,0,0,0,0,0,0,0,0,0,0,0,0
"71",2020-05-10,0,0,0,0,0,0,0,0,0,0,0,0,0,0,0
"72",2020-05-11,0,0,0,0,0,0,0,0,0,0,0,0,0,0,0
"73",2020-05-12,0,0,0,0,0,0,0,0,0,0,0,0,0,0,0
"74",2020-05-13,0,0,0,0,0,0,0,0,0,0,0,0,0,0,0
"75",2020-05-14,0,0,0,0,0,0,0,0,0,0,0,0,0,0,0
"76",2020-05-15,0,0,0,0,0,0,0,0,0,0,0,0,0,0,0
"77",2020-05-16,0,0,0,0,0,0,0,0,0,0,0,0,0,0,0
"78",2020-05-17,0,0,0,0,0,0,0,0,0,0,0,0,0,0,0
"79",2020-05-18,0,0,0,0,0,0,0,0,0,0,0,0,0,0,0
"80",2020-05-19,0,0,0,0,0,0,0,0,0,0,0,0,0,0,0
"81",2020-05-20,0,0,0,0,0,0,0,0,0,0,0,0,0,0,0
"82",2020-05-21,0,0,0,0,0,0,0,0,0,0,0,0,0,0,0
"83",2020-05-22,0,0,0,0,0,0,0,0,0,0,0,0,0,0,0
"84",2020-05-23,0,0,0,0,0,0,0,0,0,0,0,0,0,0,0
"85",2020-05-24,0,0,0,0,0,0,0,0,0,0,0,0,0,0,0
"86",2020-05-25,0,0,0,0,0,0,0,0,0,0,0,0,0,0,0
"87",2020-05-26,0,0,0,0,0,0,0,0,0,0,0,0,0,0,0
"88",2020-05-27,0,0,0,0,0,0,0,0,0,0,0,0,0,0,0
"89",2020-05-28,0,0,0,0,0,0,0,0,0,0,0,0,0,0,0
"90",2020-05-29,0,0,0,0,0,0,0,0,0,0,0,0,0,0,0
"91",2020-05-30,0,0,0,0,0,0,0,0,0,0,0,0,0,0,0
"92",2020-05-31,0,0,0,0,0,0,0,0,0,0,0,0,0,0,0
"93",2020-06-01,0,0,0,0,0,0,0,0,0,0,0,0,0,0,0
"94",2020-06-02,0,0,0,0,0,0,0,0,0,0,0,0,0,0,0
"95",2020-06-03,0,0,0,0,0,0,0,0,0,0,0,0,0,0,0
"96",2020-06-04,0,0,0,0,0,0,0,0,0,0,0,0,0,0,0
"97",2020-06-05,0,0,0,0,0,0,0,0,0,0,0,0,0,0,0
"98",2020-06-06,0,0,0,0,0,0,0,0,0,0,0,0,0,0,0
"99",2020-06-07,0,0,0,0,0,0,0,0,0,0,0,0,0,0,0
"100",2020-06-08,0,0,0,0,0,0,0,0,0,0,0,0,0,0,0
"101",2020-06-09,0,0,0,0,0,0,0,0,0,0,0,0,0,0,0
"102",2020-06-10,0,0,0,0,0,0,0,0,0,0,0,0,0,0,0
"103",2020-06-11,0,0,0,0,0,0,0,0,0,0,0,0,0,0,0
"104",2020-06-12,0,0,0,0,0,0,0,0,0,0,0,0,0,0,0
"105",2020-06-13,0,0,0,0,0,0,0,0,0,0,0,0,0,0,0
"106",2020-06-14,0,0,0,0,0,0,0,0,0,0,0,0,0,0,0
"107",2020-06-15,0,0,0,0,0,0,0,0,0,0,0,0,0,0,0
"108",2020-06-16,0,0,0,0,0,0,0,0,0,0,0,0,0,0,0
"109",2020-06-17,0,0,0,0,0,0,0,0,0,0,0,0,0,0,0
"110",2020-06-18,0,0,0,0,0,0,0,0,0,0,0,0,0,0,0
"111",2020-06-19,0,0,0,0,0,0,0,0,0,0,0,0,0,0,0
"112",2020-06-20,0,0,0,0,0,0,0,0,0,0,0,0,0,0,0
"113",2020-06-21,0,0,0,0,0,0,0,0,0,0,0,0,0,0,0
"114",2020-06-22,0,0,0,0,0,0,0,0,0,0,0,0,0,0,0
"115",2020-06-23,0,0,0,0,0,0,0,0,0,0,0,0,0,0,0
"116",2020-06-24,0,0,0,0,0,0,0,0,0,0,0,0,0,0,0
"117",2020-06-25,0,0,0,0,0,0,0,0,0,0,0,0,0,0,0
"118",2020-06-26,0,0,0,0,0,0,0,0,0,0,0,0,0,0,0
"119",2020-06-27,0,0,0,0,0,0,0,0,0,0,0,0,0,0,0
"120",2020-06-28,0,0,0,0,0,0,0,0,0,0,0,0,0,0,0
"121",2020-06-29,0,0,0,0,0,0,0,0,0,0,0,0,0,0,0
"122",2020-06-30,0,0,0,0,0,0,0,0,0,0,0,0,0,0,0
"123",2020-07-01,0,0,0,0,0,0,0,0,0,0,0,0,0,0,0
"124",2020-07-02,0,0,0,0,0,0,0,0,0,0,0,0,0,0,0
"125",2020-07-03,0,0,0,0,0,0,0,0,0,0,0,0,0,0,0
"126",2020-07-04,0,0,0,0,0,0,0,0,0,0,0,0,0,0,0
"127",2020-07-05,0,0,0,0,0,0,0,0,0,0,0,0,0,0,0
"128",2020-07-06,0,0,0,0,0,0,0,0,0,0,0,0,0,0,0
"129",2020-07-07,0,0,0,0,0,0,0,0,0,0,0,0,0,0,0
"130",2020-07-08,0,0,0,0,0,0,0,0,0,0,0,0,0,0,0
"131",2020-07-09,0,0,0,0,0,0,0,0,0,0,0,0,0,0,0
"132",2020-07-10,0,0,0,0,0,0,0,0,0,0,0,0,0,0,0
"133",2020-07-11,0,0,0,0,0,0,0,0,0,0,0,0,0,0,0
"134",2020-07-12,0,0,0,0,0,0,0,0,0,0,0,0,0,0,0
"135",2020-07-13,0,0,0,0,0,0,0,0,0,0,0,0,0,0,0
"136",2020-07-14,0,0,0,0,0,0,0,0,0,0,0,0,0,0,0
"137",2020-07-15,0,0,0,0,0,0,0,0,0,0,0,0,0,0,0
"138",2020-07-16,0,0,0,0,0,0,0,0,0,0,0,0,0,0,0
"139",2020-07-17,0,0,0,0,0,0,0,0,0,0,0,0,0,0,0
"140",2020-07-18,0,0,0,0,0,0,0,0,0,0,0,0,0,0,0
"141",2020-07-19,0,0,0,0,0,0,0,0,0,0,0,0,0,0,0
"142",2020-07-20,0,0,0,0,0,0,0,0,0,0,0,0,0,0,0
"143",2020-07-21,0,0,0,0,0,0,0,0,0,0,0,0,0,0,0
"144",2020-07-22,0,0,0,0,0,0,0,0,0,0,0,0,0,0,0
"145",2020-07-23,0,0,0,0,0,0,0,0,0,0,0,0,0,0,0
"146",2020-07-24,0,0,0,0,0,0,0,0,0,0,0,0,0,0,0
"147",2020-07-25,0,0,0,0,0,0,0,0,0,0,0,0,0,0,0
"148",2020-07-26,0,0,0,0,0,0,0,0,0,0,0,0,0,0,0
"149",2020-07-27,0,0,0,0,0,0,0,0,0,0,0,0,0,0,0
"150",2020-07-28,0,0,0,0,0,0,0,0,0,0,0,0,0,0,0
"151",2020-07-29,0,0,0,0,0,0,0,0,0,0,0,0,0,0,0
"152",2020-07-30,0,0,0,0,0,0,0,0,0,0,0,0,0,0,0
"153",2020-07-31,0,0,0,0,0,0,0,0,0,0,0,0,0,0,0
"154",2020-08-01,0,0,0,0,0,0,0,0,0,0,0,0,0,0,0
"155",2020-08-02,0,0,0,0,0,0,0,0,0,0,0,0,0,0,0
"156",2020-08-03,0,0,0,0,0,0,0,0,0,0,0,0,0,0,0
"157",2020-08-04,0,0,0,0,0,0,0,0,0,0,0,0,0,0,0
"158",2020-08-05,0,0,0,0,0,0,0,0,0,0,0,0,0,0,0
"159",2020-08-06,0,0,0,0,0,0,0,0,0,0,0,0,0,0,0
"160",2020-08-07,0,0,0,0,0,0,0,0,0,0,0,0,0,0,0
"161",2020-08-08,0,0,0,0,0,0,0,0,0,0,0,0,0,0,0
"162",2020-08-09,0,0,0,0,0,0,0,0,0,0,0,0,0,0,0
"163",2020-08-10,0,0,0,0,0,0,0,0,0,0,0,0,0,0,0
"164",2020-08-11,0,0,0,0,0,0,0,0,0,0,0,0,0,0,0
"165",2020-08-12,0,0,0,0,0,0,0,0,0,0,0,0,0,0,0
"166",2020-08-13,0,0,0,0,0,0,0,0,0,0,0,0,0,0,0
"167",2020-08-14,0,0,0,0,0,0,0,0,0,0,0,0,0,0,0
"168",2020-08-15,0,0,0,0,0,0,0,0,0,0,0,0,0,0,0
"169",2020-08-16,0,0,0,0,0,0,0,0,0,0,0,0,0,0,0
"170",2020-08-17,0,0,0,0,0,0,0,0,0,0,0,0,0,0,0
"171",2020-08-18,0,0,0,0,0,0,0,0,0,0,0,0,0,0,0
"172",2020-08-19,0,0,0,0,0,0,0,0,0,0,0,0,0,0,0
"173",2020-08-20,0,0,0,0,0,0,0,0,0,0,0,0,0,0,0
"174",2020-08-21,0,0,0,0,0,0,0,0,0,0,0,0,0,0,0
"175",2020-08-22,0,0,0,0,0,0,0,0,0,0,0,0,0,0,0
"176",2020-08-23,0,0,0,0,0,0,0,0,0,0,0,0,0,0,0
"177",2020-08-24,0,0,0,0,0,0,0,0,0,0,0,0,0,0,0
"178",2020-08-25,0,0,0,0,0,0,0,0,0,0,0,0,0,0,0
"179",2020-08-26,0,0,0,0,0,0,0,0,0,0,0,0,0,0,0
"180",2020-08-27,0,0,0,0,0,0,0,0,0,0,0,0,0,0,0
"181",2020-08-28,0,0,0,0,0,0,0,0,0,0,0,0,0,0,0
"182",2020-08-29,0,0,0,0,0,0,0,0,0,0,0,0,0,0,0
"183",2020-08-30,0,0,0,0,0,0,0,0,0,0,0,0,0,0,0
"184",2020-08-31,0,0,0,0,0,0,0,0,0,0,0,0,0,0,0
"185",2020-09-01,0,0,0,0,0,0,0,0,0,0,0,0,0,0,0
"186",2020-09-02,0,0,0,0,0,0,0,0,0,0,0,0,0,0,0
"187",2020-09-03,0,0,0,0,0,0,0,0,0,0,0,0,0,0,0
"188",2020-09-04,0,0,0,0,0,0,0,0,0,0,0,0,0,0,0
"189",2020-09-05,0,0,0,0,0,0,0,0,0,0,0,0,0,0,0
"190",2020-09-06,0,0,0,0,0,0,0,0,0,0,0,0,0,0,0
"191",2020-09-07,0,0,0,0,0,0,0,0,0,0,0,0,0,0,0
"192",2020-09-08,0,0,0,0,0,0,0,0,0,0,0,0,0,0,0
"193",2020-09-09,0,0,0,0,0,0,0,0,0,0,0,0,0,0,0
"194",2020-09-10,0,0,0,0,0,0,0,0,0,0,0,0,0,0,0
"195",2020-09-11,0,0,0,0,0,0,0,0,0,0,0,0,0,0,0
"196",2020-09-12,0,0,0,0,0,0,0,0,0,0,0,0,0,0,0
"197",2020-09-13,0,0,0,0,0,0,0,0,0,0,0,0,0,0,0
"198",2020-09-14,0,0,0,0,0,0,0,0,0,0,0,0,0,0,0
"199",2020-09-15,0,0,0,0,0,0,0,0,0,0,0,0,0,0,0
"200",2020-09-16,0,0,0,0,0,0,0,0,0,0,0,0,0,0,0
"201",2020-09-17,0,0,0,0,0,0,0,0,0,0,0,0,0,0,0
"202",2020-09-18,0,0,0,0,0,0,0,0,0,0,0,0,0,0,0
"203",2020-09-19,0,0,0,0,0,0,0,0,0,0,0,0,0,0,0
"204",2020-09-20,0,0,0,0,0,0,0,0,0,0,0,0,0,0,0
"205",2020-09-21,0,0,0,0,0,0,0,0,0,0,0,0,0,0,0
"206",2020-09-22,0,0,0,0,0,0,0,0,0,0,0,0,0,0,0
"207",2020-09-23,0,0,0,0,0,0,0,0,0,0,0,0,0,0,0
"208",2020-09-24,0,0,0,0,0,0,0,0,0,0,0,0,0,0,0
"209",2020-09-25,0,0,0,0,0,0,0,0,0,0,0,0,0,0,0
"210",2020-09-26,0,0,0,0,0,0,0,0,0,0,0,0,0,0,0
"211",2020-09-27,0,0,0,0,0,0,0,0,0,0,0,0,0,0,0
"212",2020-09-28,0,0,0,0,0,0,0,0,0,0,0,0,0,0,0
"213",2020-09-29,0,0,0,0,0,0,0,0,0,0,0,0,0,0,0
"214",2020-09-30,0,0,0,0,0,0,0,0,0,0,0,0,0,0,0
"215",2020-10-01,0,0,0,0,0,0,0,0,0,0,0,0,0,0,0
"216",2020-10-02,0,0,0,0,0,0,0,0,0,0,0,0,0,0,0
"217",2020-10-03,0,0,0,0,0,0,0,0,0,0,0,0,0,0,0
"218",2020-10-04,0,0,0,0,0,0,0,0,0,0,0,0,0,0,0
"219",2020-10-05,0,0,0,0,0,0,0,0,0,0,0,0,0,0,0
"220",2020-10-06,0,0,0,0,0,0,0,0,0,0,0,0,0,0,0
"221",2020-10-07,0,0,0,0,0,0,0,0,0,0,0,0,0,0,0
"222",2020-10-08,0,0,0,0,0,0,0,0,0,0,0,0,0,0,0
"223",2020-10-09,0,0,0,0,0,0,0,0,0,0,0,0,0,0,0
"224",2020-10-10,0,0,0,0,0,0,0,0,0,0,0,0,0,0,0
"225",2020-10-11,0,0,0,0,0,0,0,0,0,0,0,0,0,0,0
"226",2020-10-12,0,0,0,0,0,0,0,0,0,0,0,0,0,0,0
"227",2020-10-13,0,0,0,0,0,0,0,0,0,0,0,0,0,0,0
"228",2020-10-14,0,0,0,0,0,0,0,0,0,0,0,0,0,0,0
"229",2020-10-15,0,0,0,0,0,0,0,0,0,0,0,0,0,0,0
"230",2020-10-16,0,0,0,0,0,0,0,0,0,0,0,0,0,0,0
"231",2020-10-17,0,0,0,0,0,0,0,0,0,0,0,0,0,0,0
"232",2020-10-18,0,0,0,0,0,0,0,0,0,0,0,0,0,0,0
"233",2020-10-19,0,0,0,0,0,0,0,0,0,0,0,0,0,0,0
"234",2020-10-20,0,0,0,0,0,0,0,0,0,0,0,0,0,0,0
"235",2020-10-21,0,0,0,0,0,0,0,0,0,0,0,0,0,0,0
"236",2020-10-22,0,0,0,0,0,0,0,0,0,0,0,0,0,0,0
"237",2020-10-23,0,0,0,0,0,0,0,0,0,0,0,0,0,0,0
"238",2020-10-24,0,0,0,0,0,0,0,0,0,0,0,0,0,0,0
"239",2020-10-25,0,0,0,0,0,0,0,0,0,0,0,0,0,0,0
"240",2020-10-26,0,0,0,0,0,0,0,0,0,0,0,0,0,0,0
"241",2020-10-27,0,0,0,0,0,0,0,0,0,0,0,0,0,0,0
"242",2020-10-28,0,0,0,0,0,0,0,0,0,0,0,0,0,0,0
"243",2020-10-29,0,0,0,0,0,0,0,0,0,0,0,0,0,0,0
"244",2020-10-30,0,0,0,0,0,0,0,0,0,0,0,0,0,0,0
"245",2020-10-31,0,0,0,0,0,0,0,0,0,0,0,0,0,0,0
"246",2020-11-01,0,0,0,0,0,0,0,0,0,0,0,0,0,0,0
"247",2020-11-02,0,0,0,0,0,0,0,0,0,0,0,0,0,0,0
"248",2020-11-03,0,0,0,0,0,0,0,0,0,0,0,0,0,0,0
"249",2020-11-04,0,0,0,0,0,0,0,0,0,0,0,0,0,0,0
"250",2020-11-05,0,0,0,0,0,0,0,0,0,0,0,0,0,0,0
"251",2020-11-06,0,0,0,0,0,0,0,0,0,0,0,0,0,0,0
"252",2020-11-07,0,0,0,0,0,0,0,0,0,0,0,0,0,0,0
"253",2020-11-08,0,0,0,0,0,0,0,0,0,0,0,0,0,0,0
"254",2020-11-09,0,0,0,0,0,0,0,0,0,0,0,0,0,0,0
"255",2020-11-10,0,0,0,0,0,0,0,0,0,0,0,0,0,0,0
"256",2020-11-11,0,0,0,0,0,0,0,0,0,0,0,0,0,0,0
"257",2020-11-12,0,0,0,0,0,0,0,0,0,0,0,0,0,0,0
"258",2020-11-13,0,0,0,0,0,0,0,0,0,0,0,0,0,0,0
"259",2020-11-14,0,0,0,0,0,0,0,0,0,0,0,0,0,0,0
"260",2020-11-15,0,0,0,0,0,0,0,0,0,0,0,0,0,0,0
"261",2020-11-16,0,0,0,0,0,0,0,0,0,0,0,0,0,0,0
"262",2020-11-17,0,0,0,0,0,0,0,0,0,0,0,0,0,0,0
"263",2020-11-18,0,0,0,0,0,0,0,0,0,0,0,0,0,0,0
"264",2020-11-19,0,0,0,0,0,0,0,0,0,0,0,0,0,0,0
"265",2020-11-20,0,0,0,0,0,0,0,0,0,0,0,0,0,0,0
"266",2020-11-21,0,0,0,0,0,0,0,0,0,0,0,0,0,0,0
"267",2020-11-22,0,0,0,0,0,0,0,0,0,0,0,0,0,0,0
"268",2020-11-23,0,0,0,0,0,0,0,0,0,0,0,0,0,0,0
"269",2020-11-24,0,0,0,0,0,0,0,0,0,0,0,0,0,0,0
"270",2020-11-25,0,0,0,0,0,0,0,0,0,0,0,0,0,0,0
"271",2020-11-26,0,0,0,0,0,0,0,0,0,0,0,0,0,0,0
"272",2020-11-27,0,0,0,0,0,0,0,0,0,0,0,0,0,0,0
"273",2020-11-28,0,0,0,0,0,0,0,0,0,0,0,0,0,0,0
"274",2020-11-29,0,0,0,0,0,0,0,0,0,0,0,0,0,0,0
"275",2020-11-30,0,0,0,0,0,0,0,0,0,0,0,0,0,0,0
"276",2020-12-01,0,0,0,0,0,0,0,0,0,0,0,0,0,0,0
"277",2020-12-02,0,0,0,0,0,0,0,0,0,0,0,0,0,0,0
"278",2020-12-03,0,0,0,0,0,0,0,0,0,0,0,0,0,0,0
"279",2020-12-04,0,0,0,0,0,0,0,0,0,0,0,0,0,0,0
"280",2020-12-05,1.81932651813572,2.44948974278318,1.86946461832891,2.41064814724089,1.35290692320541,3.01043824286262,3.75944553465339,1.72003665474351,4.49191032183642,1.85003021623707,0.471404520791032,3.85861230093008,1.69967317119759,2.49443825784929,1.63299316185545
"281",2020-12-06,3.29869330963344,2.02377450950103,1.81932651813572,2.1222220738208,0.772618130456569,3.48065018876465,2.39300715418838,2.04137067218285,3.6646628874158,1.4561747041799,1.4142135623731,2.49443825784929,1.63299316185545,3.39934634239519,1.88561808316413
"282",2020-12-07,2.71686907137985,2.90912533316831,3.34934504715444,4.77877962390792,2.25961663716188,3.15335906663559,3.45920137926233,2.60573808200922,4.28741758137514,2.16231230709913,0.816496580927726,2.94392028877595,3.39934634239519,3.85861230093008,2.49443825784929
"283",2020-12-08,1.44984165215603,3.70328039909021,1.90962919789926,3.61597222086133,1.39970842444753,3.23048039324474,3.90608855481649,2.89372959487675,3.97124638178644,2.36534100740772,3.85861230093008,2.05480466765633,2.49443825784929,2.35702260395516,0.471404520791032
"284",2020-12-09,1.84197099403252,3.86243023845594,1.24539969815448,5.20534948541461,2.24375550707072,3.02520322577839,4.11949189302515,1.79778832281903,4.50798064071094,1.56824051000353,2.16024689946929,1.63299316185545,1.24721912892465,3.68178700572909,0.471404520791032
"285",2020-12-10,2.04134559463475,3.04138126514911,1.09962887988148,4.00047828773164,1.58918539009193,2.92469676179356,3.05974913472823,2.47464211216754,4.17817985690496,1.54792498120003,2.05480466765633,1.24721912892465,2.62466929133727,3.55902608401044,1.24721912892465
"286",2020-12-11,2.0303814862217,3.47788200853711,1.57952459910686,4.09252055459663,1.63624445556504,3.18577717413353,2.34829458553083,1.84722035335383,3.84696288619634,1.59609538983935,4.18993502999218,0.816496580927726,2.44948974278318,3.55902608401044,1.24721912892465
"287",2020-12-12,2.11258377445289,2.61349519663939,2.32115382989599,2.77263412660235,2.05380433461855,2.47040760291401,4.14124457903903,2.90649117221736,3.64983853359588,2.39788614535265,3.09120616516523,4.54606056566195,2.86744175568088,1.24721912892465,1.24721912892465
"288",2020-12-13,1.69030850945703,3.28008057392323,1.68728740157396,3.03466368374971,1.27124798075412,2.95753567815467,3.95241971728986,2.27116384530911,4.448991262408,1.75016086776704,2.05480466765633,0.471404520791032,1.4142135623731,1.88561808316413,1.4142135623731
"289",2020-12-14,3.51871816873992,3.94008054408505,2.07849778956449,4.30160743567009,1.60356745147455,3.72123330456943,4.26355575047015,2.6055511902692,5.18177022208882,2.40515233004142,3.2659863237109,4.89897948556636,1.63299316185545,5.43650214343336,2.82842712474619
"290",2020-12-15,2.99212401521878,3.65526598043906,1.6486698410834,3.50564413714891,1.4047114599498,3.72164768244968,3.77936249626514,2.66572298861397,3.62061301001612,1.67412502116131,0.942809041582063,2.94392028877595,2.94392028877595,5.09901951359278,2.05480466765633
"291",2020-12-16,2.52639131197534,5.62429133857986,2.38056544474935,4.50891973125017,1.94306721553363,3.50136499870428,4.16432610180236,2.17242309986511,4.7965337970451,2.32243795231793,4.02768199119819,4.24264068711928,1.24721912892465,2.62466929133727,0.942809041582063
"292",2020-12-17,3.27852474289823,2.64864231681988,2.53143502095276,3.92321062812756,2.65825629513263,3.42955827740049,3.97449461167442,2.58823670469101,4.99238930553348,2.41236298488568,0.942809041582063,3.68178700572909,3.85861230093008,2.16024689946929,0.942809041582063
"293",2020-12-18,3.69828283374424,3.88153661976958,2.89682267884195,4.89624491684334,1.838852237408,3.45053277722687,4.49326525768501,2.7703252027074,5.85324959326624,2.2956892446555,2.44948974278318,0.816496580927726,1.63299316185545,4.54606056566195,1.4142135623731
"294",2020-12-19,3.51581702990288,4.32187128783024,2.1627056938861,5.53594469566572,1.86091649573043,4.20667666465981,4.86823373511376,2.6199338240558,6.09279485755127,2.48357970843864,4.08248290463863,5.8878405775519,3.74165738677394,5.43650214343336,0.816496580927726
"295",2020-12-20,3.93748987689013,4.41862361984788,2.94399249943588,5.18472540748499,2.41064814724089,4.15292841040506,5.38767361920032,2.88327700008726,6.0847169644359,2.45260239373303,0.471404520791032,4.24264068711928,3.29983164553722,3.68178700572909,0.471404520791032
"296",2020-12-21,3.63444406663101,4.22622401059801,2.7055781380741,5.10551922243098,2.39552090539057,4.20326029729977,4.36657289538863,2.69413055001082,5.15020705805592,2.19069017612535,1.4142135623731,3.55902608401044,2.86744175568088,4.71404520791032,1.88561808316413
"297",2020-12-22,3.32181257380819,4.10123799129293,2.8200720066071,4.48395666202727,2.06371717331338,3.78708564642642,5.06020887137379,2.93431043778822,6.37226764850421,2.54876949834335,3.85861230093008,6.34209919681348,1.4142135623731,5.18544972870135,0.816496580927726
"298",2020-12-23,2.87915626813248,3.03466368374971,2.42541812090709,5.22589217068166,2.07849778956449,3.75577363073109,5.89421944823783,2.95245444630866,6.55728380840092,2.33060120403352,4.49691252107735,4.49691252107735,2.86744175568088,0.471404520791032,1.63299316185545
"299",2020-12-24,3.80436779054211,2.58330590286073,2.78365308359284,5.42387014473418,2.52613886218086,4.47792156153287,5.99221690363232,3.14725316741394,6.05302168374906,2.65336345699797,2.16024689946929,4.02768199119819,4.78423336480244,4.10960933531265,0.471404520791032
"300",2020-12-25,3.33254667588299,4.14408848696008,1.95452118464459,4.85031032038999,2.60298102261266,4.24621651343915,5.09363665012657,2.83215504223627,6.42845664094534,2.26210457696304,1.4142135623731,3.09120616516523,2.94392028877595,10.4029910228848,2.86744175568088
"301",2020-12-26,4.0739340661712,4.32644337128061,2.99914953931672,5.97315422775701,2.19780734889506,4.56215362280914,5.36486297380471,3.44203098577522,6.70206090117254,2.76125758711159,3.85861230093008,4.18993502999218,2.94392028877595,8.52447456836295,3.09120616516523
"302",2020-12-27,3.55280860441311,5.56593135393662,2.80214932084758,4.96762477632594,2.62153561478608,4.35900135176356,5.63258344514636,3.02149859806395,6.49028917563101,2.80016463856755,4.64279609239471,4.02768199119819,1.24721912892465,8.80656320908194,1.69967317119759
"303",2020-12-28,3.23958299155673,4.74986573387037,2.49361429353017,3.78166899769973,2.63681742304032,4.97347888796221,6.05430876770046,3.16497141710603,8.05439667127033,2.88012255237994,1.24721912892465,2.16024689946929,2.05480466765633,2.82842712474619,2.16024689946929
"304",2020-12-29,3.77339640220363,3.84836965215035,2.86672500336149,4.9528388066742,2.1957751641342,4.24862419664544,6.19616821985304,3.52941653895226,7.35413301903432,2.62513309304283,1.69967317119759,6.48074069840786,1.4142135623731,6.94422221866655,2.05480466765633
"305",2020-12-30,2.89153408898375,3.51889941050103,2.42541812090709,5.9607560128643,2.65417460939232,5.40668153104574,5.7706482705623,3.73470964925955,7.17876143194478,2.82440694161963,4.64279609239471,6.37704215656966,4.54606056566195,5.24933858267454,1.69967317119759
"306",2020-12-31,4.44754002173088,4.34013072313238,2.71874633473832,5.16513033994026,2.16034530497666,4.95041561112104,7.17889710126964,3.33338203032362,6.88096053528564,3.00663444094427,0.942809041582063,5.71547606649408,2.05480466765633,8.16496580927726,5.09901951359278
"307",2021-01-01,3.71771819419232,4.35933785460731,2.42515516019499,4.42741920494621,2.07604166133337,5.71568906904202,6.23804757611596,3.7531579106681,8.28506596193835,2.96676939440167,1.24721912892465,10.2089285540757,2.49443825784929,0,3.39934634239519
"308",2021-01-02,3.55191095448231,4.53838504046431,2.74489321750596,6.46606131888585,2.37332110369088,5.45330131681798,6.34232954544164,3.56185273460472,7.65547398647748,2.99633192955305,3.09120616516523,3.09120616516523,4.49691252107735,1.63299316185545,3.55902608401044
"309",2021-01-03,3.73688181700809,4.2346662157936,2.64189171555813,6.5926481935624,1.72133965389798,5.56609502670218,7.48634012931386,4.35989499415246,8.61017154143237,3.12839702547968,2.62466929133727,6.64997911442,0.471404520791032,2.49443825784929,1.69967317119759
"310",2021-01-04,4.51979771987325,4.64930870437439,2.94420912078928,4.7186127328325,2.89968330431206,5.21293989125881,7.07906350919345,4.18766803729924,8.85473309536103,3.40683510671757,9.46337971105226,4.02768199119819,2.86744175568088,8.60232526704263,1.4142135623731
"311",2021-01-05,4.01829362708468,3.44989647877813,3.27716278484413,6.41904055390314,1.80242184013508,5.63219437745159,7.52216107455536,3.67039454561015,8.86481908726187,3.03845440613334,4.24264068711928,8.33999733546454,3.68178700572909,4.32049379893857,0.471404520791032
"312",2021-01-06,3.42782730020052,4.5629105909742,2.85624986044746,4.68647097548695,2.00859124151984,6.00670566495295,6.76432009122623,4.37400144551898,9.27777474026817,3.0290372990194,4.32049379893857,2.16024689946929,6.54896090146283,6.48074069840786,2.49443825784929
"313",2021-01-07,4.57742352447848,4.85543562433288,3.10939983709699,5.03558763771845,2.627124990229,6.2401419698783,6.82320479622727,4.11807310445811,9.01996630950787,3.06491729780213,5.31245915016974,2.49443825784929,2.49443825784929,6.94422221866655,4.10960933531265
"314",2021-01-08,4.09703725705714,5.55124549363584,2.82910348531337,6.24172922141528,2.25735758472293,6.22686123402914,7.91143862590121,4.01842198914579,10.2114245877365,3.1579885703925,10.4029910228848,8.5764535535124,4.64279609239471,6.34209919681348,3.74165738677394
"315",2021-01-09,4.18208033380127,5.39179270479018,2.54249596150824,5.71562484308923,2.85356919363403,5.89236023154453,7.94071450429561,4.34299647422513,10.5760624213165,3.28486802253805,1.63299316185545,1.69967317119759,4.32049379893857,11.5854314646552,1.4142135623731
"316",2021-01-10,3.44397581114547,4.82076715039913,2.87139303460597,4.93568327465966,1.961361459678,6.65755403496142,6.88495794388988,4.49994363697805,9.12295507993279,2.9874612842554,4.92160768674447,3.74165738677394,2.94392028877595,5.24933858267454,0.471404520791032
"317",2021-01-11,3.7245736641382,4.53107186490106,3.00403640022513,5.1369013132472,1.75364052817013,5.62019212594245,8.04647243776207,4.59884982250565,10.0107563285346,3.21794437130097,5.8878405775519,9.2736184954957,0.942809041582063,1.88561808316413,2.62466929133727
"318",2021-01-12,4.03603032896515,3.5878195299641,3.34324631434289,5.35476137542609,2.28348105187797,6.53420883307715,7.88816811237832,4.6301924285248,9.44062474976822,3.07849846979078,10.4243305140746,5.55777733351102,4.10960933531265,10.6562449087639,1.69967317119759
"319",2021-01-13,3.56195171219375,5.85834046989627,2.97159168508346,7.11566251737844,2.00890873006075,5.61825667367508,6.94039927634485,4.40915295935718,10.3181671182817,3.29168034350363,2.94392028877595,2.35702260395516,4.71404520791032,10.9645894689324,4.32049379893857
"320",2021-01-14,3.43526133040316,4.32997973318536,2.83630796232406,5.20632954651728,2.23492683530886,6.35375968651994,7.91165405876807,4.08351656540933,10.8842848568951,3.00728223636423,0.816496580927726,7.11805216802087,3.29983164553722,2.05480466765633,1.4142135623731
"321",2021-01-15,3.26624667576391,3.97873813449153,3.38570675104647,5.07042243540609,2.40535117721182,6.17271631869434,7.87218321470373,4.63933349816534,10.6815774160981,2.83567771354965,1.69967317119759,5.55777733351102,5.8878405775519,14.0079342596338,0.942809041582063
"322",2021-01-16,3.7421686935001,4.99629965115,2.99318954853671,6.36426166421622,2.19315958826343,6.13493008084253,6.50565236558879,4.18363479493546,10.1764563068717,3.27479646076317,3.68178700572909,6.68331255192114,4.92160768674447,7.07106781186548,1.24721912892465
"323",2021-01-17,3.87347731768398,3.28784868562892,2.75231813241871,6.41824567549579,1.90159707313916,6.00427302325444,7.61158370358935,4.7373340842839,10.0950277493891,3.07807661319822,1.69967317119759,4.71404520791032,1.24721912892465,4.92160768674447,2.86744175568088
"324",2021-01-18,3.4537764010676,4.11861751126293,2.6166655834306,4.69204711426143,1.76126114370542,5.95610652479154,7.34321002997702,4.75977586416502,10.177229900168,3.1649970609125,2.16024689946929,1.69967317119759,1.69967317119759,7.11805216802087,4.02768199119819
"325",2021-01-19,3.8933485928319,4.93167604080282,2.89528117135875,5.70747361816424,2.32005453841596,6.01622404074726,7.6716459413053,5.00354553295289,10.9931691830703,3.0287961368291,3.2659863237109,1.24721912892465,4.98887651569859,9.79795897113271,2.49443825784929
"326",2021-01-20,2.49770302641512,4.43590981855666,3.2973396821668,6.37717549914841,2.16888949295557,6.62557337495188,7.40156845864986,4.43870865984685,10.042891539855,3.09073352374414,5.24933858267454,4.92160768674447,2.49443825784929,5.43650214343336,1.24721912892465
"327",2021-01-21,3.82393108980691,3.94541842275471,3.22359762263423,5.2566769979926,2.23378511015884,5.88408993866496,7.21062981795354,4.25026675282539,9.58743123869348,3.27561422751312,7.93025150224688,8.05536398239638,1.69967317119759,2.86744175568088,2.62466929133727
"328",2021-01-22,4.49872430897507,4.24564602906102,3.2864905915221,4.60631221747918,2.27536720517093,6.74327784689648,7.5633943877332,5.01062907238186,10.9367514121136,3.17804843949485,2.16024689946929,2.49443825784929,2.16024689946929,5.90668171555645,1.24721912892465
"329",2021-01-23,3.3751417203805,4.51457390580998,2.50713268211203,5.90312957468411,1.9219462924391,6.07354220714477,6.7510245955593,4.43003304280317,10.1026225258999,3.40740681927516,7.93025150224688,4.92160768674447,1.88561808316413,7.11805216802087,3.09120616516523
"330",2021-01-24,3.37457480314792,5.46171741697217,2.38484800354236,6.77292026969105,2.45443164375738,5.90338301417867,6.72087771234169,4.21427151578218,9.73096421931612,2.88951938828384,0.942809041582063,2.05480466765633,6.84754619472471,3.09120616516523,2.82842712474619
"331",2021-01-25,3.35239025296329,4.01321160007029,3.42912941888004,5.1512827806008,2.63875163743798,6.31555306642729,7.21334198363305,4.4982479071561,9.78461330745857,2.67043804411478,6.54896090146283,4.10960933531265,3.74165738677394,12.0277457017791,0.816496580927726
"332",2021-01-26,3.24568001742473,4.2540496912366,3.01188123461543,4.74502962292639,2.29462548631557,5.89847278287859,6.67249562559236,4.6003320474547,9.50396224062597,2.5225868717661,5.73488351136175,2.44948974278318,0.471404520791032,12.7627931460511,0.471404520791032
"333",2021-01-27,4.36883676667801,5.02887072972914,2.33648960482802,5.93448500250004,2.42094390429748,6.47547864760649,6.95528169890182,4.74185489978271,10.4519026639327,3.00233926598829,2.16024689946929,4.78423336480244,5.43650214343336,5.31245915016974,0.816496580927726
"334",2021-01-28,3.22616851161035,3.47659814961085,3.65194943747549,5.93631164262519,1.9519090602771,5.67423119041734,6.65952868416889,4.54859502965155,8.69273672555933,3.02592751373847,2.86744175568088,2.49443825784929,1.24721912892465,10.8730042868667,6.12825877028341
"335",2021-01-29,3.4158992003481,4.42280730868935,2.74791200881019,5.55400205036964,2.2890600512803,6.2954217521736,6.83088466522704,4.19458143708657,9.65658189517505,2.91686058000906,4.96655480858378,5.35412613473634,1.24721912892465,8.60232526704263,2.49443825784929
"336",2021-01-30,2.4854166488473,4.38733683340998,2.69234553684996,4.28497017349656,2.31537672696153,5.9532442241578,6.76364813730834,4.3893385971405,9.72252819906472,3.31440939444093,2.62466929133727,3.74165738677394,1.69967317119759,2.62466929133727,1.63299316185545
"337",2021-01-31,4.26348401174056,4.4805418313013,2.8200720066071,5.05316126553568,2.07849778956449,6.1524870044221,7.0714236232237,4.40246590337219,9.6585568359142,3.09104862605487,1.69967317119759,0.942809041582063,0.942809041582063,4.08248290463863,0.942809041582063
"338",2021-02-01,4.85543562433288,3.5919055825962,2.23606797749979,5.31399288747767,1.39423009256737,5.74752181204673,6.5560088103809,4.01454218827176,9.75542985495248,2.99763183320071,2.86744175568088,7.76029781788188,6.48074069840786,6.18241233033047,0.816496580927726
"339",2021-02-02,3.81658571639787,3.97745560141461,2.62518220941958,5.08749968660682,2.39125746102296,5.53251451194961,6.09477936636872,4.36999159682099,8.80967770307421,2.92899495456655,2.94392028877595,4.10960933531265,3.68178700572909,4.89897948556636,0.942809041582063
"340",2021-02-03,3.99409640875743,4.79529956928487,2.35064038170062,5.49710034881099,2.05907647219994,6.13862001011641,6.16555936070187,3.97149162389796,9.06619686833377,3.09558778664504,6.84754619472471,3.29983164553722,0.816496580927726,5.71547606649408,1.63299316185545
"341",2021-02-04,3.16630860847164,4.5395090986959,3.03613442470816,6.94989355372896,1.51312286887963,5.94647827264931,6.10329609278209,4.14463373527872,8.68487159157403,3.07557064794262,2.82842712474619,5.79271573232759,4.92160768674447,7.36357401145817,1.69967317119759
"342",2021-02-05,4.33601434593605,4.09999377799428,2.51018334154365,6.79022406531205,1.87729451442163,5.23906213901121,6.17550318129988,3.44792088492456,9.32977600996249,2.63716330665768,4.18993502999218,3.09120616516523,3.29983164553722,6.54896090146283,1.88561808316413
"343",2021-02-06,3.39492418237604,4.68225046187782,2.78204887059292,6.12622332639759,2.1627056938861,5.53691377672867,5.95958032740224,3.98636178356388,9.15452745588258,3.03690473310005,4.71404520791032,2.94392028877595,1.4142135623731,6.59966329107444,1.24721912892465
"344",2021-02-07,3.35790264958376,4.17765557728841,3.31104367293481,6.15644261845148,2.31977963415071,5.45847819207538,6.15362139276009,3.58291357726286,8.54616456784636,2.81101292874606,4.24264068711928,4.32049379893857,3.09120616516523,1.24721912892465,2.16024689946929
"345",2021-02-08,3.59421303583118,3.99042220670383,3.04787480325661,4.56738102064576,2.09104016690064,5.76680733835356,5.78968854658344,3.58465740170613,8.19988102716561,2.55468555994708,0.471404520791032,6.59966329107444,2.94392028877595,6.53197264742181,0.942809041582063
"346",2021-02-09,2.72062230276195,4.37467199936645,2.45469146820565,7.13606820229145,2.04384341826064,5.37742004832297,5.49291033568251,3.94849561791218,8.156114140542,2.53193225644398,3.09120616516523,2.05480466765633,3.68178700572909,2.44948974278318,1.69967317119759
"347",2021-02-10,4.1397771802406,3.78369218232829,2.45573049109587,6.46132528896324,2.03634075573549,5.73885895188558,5.63058017995416,4.16905945417046,9.29059923541383,2.84921215457777,4.18993502999218,1.69967317119759,4.98887651569859,6.12825877028341,0.816496580927726
"348",2021-02-11,3.7353455158056,3.66502359599276,2.86672500336149,6.26976466700241,1.78249710192397,5.44138177880304,5.94096160183553,3.06669101524301,8.83808119711594,2.87007289096994,4.32049379893857,5.65685424949238,1.24721912892465,6.48074069840786,2.05480466765633
"349",2021-02-12,3.46115469702449,4.70345075232981,2.72366799499109,6.04437248815046,1.55182578445717,5.61227277614176,5.90242054567681,3.90507028083011,8.43088266346934,2.41424633003736,4.49691252107735,2.62466929133727,0.816496580927726,6.64997911442,1.24721912892465
"350",2021-02-13,4.50679758695639,3.66502359599276,2.49361429353017,5.81825066633662,2.3430313524081,5.051395616932,5.54048926952034,4.25915609962246,8.85904005515309,2.57556837831775,0.816496580927726,1.24721912892465,3.74165738677394,2.05480466765633,2.62466929133727
"351",2021-02-14,3.94994187505671,4.23722569998968,2.94247570343514,4.82076715039913,2.4502707055777,5.10283821777604,5.74777598908592,3.87077185670488,8.60754119601625,2.77790276482058,4.24264068711928,7.40870359029762,3.09120616516523,4.64279609239471,2.16024689946929
"352",2021-02-15,4.03097066347498,4.11737854981164,2.87050447105859,4.97583445980959,2.06371717331338,5.48522152905335,6.20017515088335,4.28633841656788,9.20124628533949,2.46023483801056,4.10960933531265,5.31245915016974,1.4142135623731,4.02768199119819,0.471404520791032
"353",2021-02-16,4.02099084143931,4.64821119861595,3.38514160316365,6.57492143198188,1.75109295316161,5.45876069622116,5.79884934109412,3.85735005148482,9.60579222225789,2.47382203708084,1.24721912892465,4.64279609239471,3.55902608401044,5.24933858267454,2.16024689946929
"354",2021-02-17,4.39546960644986,4.11195370417836,2.11288563682129,6.21592753352553,1.89083449884986,5.791706846217,6.19339065597733,4.14151894915782,8.8650388176004,2.78979787105635,0.471404520791032,4.10960933531265,4.96655480858378,4.49691252107735,0.471404520791032
"355",2021-02-18,4.27379294332903,4.15208332266675,2.56422602397698,6.02376246923086,2.14374981406556,5.19954859346906,6.30698838010275,3.79376632559301,9.52303816139529,2.73212216391317,3.74165738677394,4.96655480858378,2.86744175568088,2.94392028877595,0.471404520791032
"356",2021-02-19,4.38108177862733,4.57519376192787,3.00573431552262,6.66777201720855,1.70046512244534,5.70101593259875,5.7293897570395,3.45934215266578,9.06404809004174,2.42283726458897,1.69967317119759,4.49691252107735,0.942809041582063,2.62466929133727,1.69967317119759
"357",2021-02-20,3.23406612076336,4.25464931766727,3.32430750806288,6.5756003838557,1.50509339326468,4.94769328657782,5.76784872285157,3.40850233363991,10.0522698536346,2.86783799490754,2.62466929133727,2.94392028877595,2.44948974278318,2.82842712474619,1.88561808316413
"358",2021-02-21,3.7931194421005,3.70052395628246,2.97673804486641,5.96706522060374,2.0763488362498,5.3098918735192,5.18515233369691,3.4042135289714,9.1367164613883,2.55099758325068,3.2659863237109,1.69967317119759,2.05480466765633,7.87400787401181,1.24721912892465
"359",2021-02-22,3.95945651805489,4.99527838287807,2.53847937770241,6.75094475625751,2.51728716952944,5.18768747039369,5.18928303218449,3.99069610282653,8.96212122849337,2.62587500537786,4.78423336480244,4.18993502999218,2.16024689946929,2.62466929133727,1.63299316185545
"360",2021-02-23,3.94137523911518,4.45083688530504,3.01018678652935,6.14482941760213,2.17915683001383,5.39301884103768,5.52755381235188,3.66368827835969,8.8818869021154,2.57493805394563,2.82842712474619,2.86744175568088,0.816496580927726,8.9938250421547,1.24721912892465
"361",2021-02-24,5.19946523937897,4.57742352447848,3.22201451750615,5.36558858060572,2.07112066677114,5.41725428065164,5.99956711908678,3.76662777323156,8.84718628364804,2.40322808633819,2.44948974278318,5.35412613473634,0.942809041582063,4.64279609239471,0.816496580927726
"362",2021-02-25,3.98594469380106,3.86820503645834,2.88446755246518,6.81834260787527,1.77388941974109,5.39789267709739,5.32873553945741,3.70716068408627,7.80129203752507,2.52968737933289,1.24721912892465,0.942809041582063,2.44948974278318,7.76029781788188,1.63299316185545
"363",2021-02-26,4.18619573047863,4.40011015632053,2.55250976931509,5.32322596682477,1.98816652281668,5.20358987794851,5.83013060362182,3.68150041928955,8.65752172461276,2.63171025605875,2.16024689946929,2.82842712474619,1.88561808316413,6.12825877028341,1.88561808316413
"364",2021-02-27,2.93183615935579,4.1912201720516,2.7055781380741,5.85921130723728,2.18295811284802,5.15446023869077,6.08426343157066,3.17291107060366,8.71568427270807,2.3627661214826,2.16024689946929,1.4142135623731,2.49443825784929,2.62466929133727,0.471404520791032
"365",2021-02-28,3.59492272347475,3.60908717047422,3.13371234500305,5.63460065042732,2.11499746707042,5.20241994473625,5.25971839650979,3.36261789250323,8.99048546124339,2.58010216802896,1.63299316185545,2.86744175568088,0.471404520791032,2.16024689946929,1.24721912892465
"366",2021-03-01,4.18741433052787,4.53163483587483,2.98871175578771,5.79001163158396,2.11258377445289,4.91571687350773,4.67212453457584,3.40828802158046,8.37597563144673,2.41236298488567,6.16441400296898,4.54606056566195,4.49691252107735,0.471404520791032,1.88561808316413
"367",2021-03-02,3.42615242045115,3.51236881518407,2.82481713332646,6.58383921245881,1.81967702897957,4.83242437067268,5.58461194652735,3.62330201704135,7.72601183188286,2.40184302797083,3.29983164553722,1.24721912892465,0.942809041582063,1.69967317119759,1.69967317119759
"368",2021-03-03,4.4035873594892,4.12496134799455,2.81101151087748,6.52653531862857,1.49957476965836,5.34380819413885,5.43016850320655,3.33379592602148,8.09345021414237,2.48935726690747,2.05480466765633,1.69967317119759,2.62466929133727,1.69967317119759,0.942809041582063
"369",2021-03-04,3.62020266655595,3.82176233522426,2.9459415181859,5.65989741740168,2.45443164375738,5.48918556665852,5.33820084674341,3.58664930574926,8.04313305165244,2.27648227771488,3.29983164553722,1.88561808316413,1.69967317119759,2.35702260395516,0.942809041582063
"370",2021-03-05,4.51753951452626,3.26780835248511,3.52034900867189,6.5729811830442,1.74086537242199,5.53723625192514,5.40068863275585,3.352973549077,7.65131692971001,2.18170596598237,4.24264068711928,2.05480466765633,0.942809041582063,4.49691252107735,0.816496580927726
"371",2021-03-06,4.17841880063133,4.7405921872393,2.81645130602034,5.57451837399796,1.47599845141227,5.29114983125663,5.05457593939553,3.65130589480533,7.51073684299226,2.22509756354084,4.49691252107735,0.471404520791032,1.24721912892465,1.63299316185545,0.816496580927726
"372",2021-03-07,3.80989581516988,4.55171530797983,2.74512555008223,6.05954719800894,1.77963250047157,4.62208697585156,5.4369798545818,3.40621564316037,8.7715461067125,2.11437430148848,4.02768199119819,2.94392028877595,1.24721912892465,2.86744175568088,0
"373",2021-03-08,2.8767186522289,4.97173131262118,3.55783125868922,7.41645646724986,2.07757708174986,4.3657921643504,5.30762919620815,3.21067228546184,7.81856385479855,2.19601870981318,1.4142135623731,2.86744175568088,2.86744175568088,1.24721912892465,0.942809041582063
"374",2021-03-09,3.55191095448231,3.27696817319962,2.55824995986375,6.74499058258673,2.32773867668576,4.45238313799468,5.82549300928545,3.36638110006875,8.56017054520564,2.26590456831304,1.24721912892465,0.471404520791032,0.471404520791032,2.94392028877595,0.942809041582063
"375",2021-03-10,4.29686050554142,4.19471849655089,2.74303384847463,5.70937288811216,2.24148046921617,4.35467949495414,5.08377987237486,3.41226250855927,8.16813615079399,2.04435039994296,1.24721912892465,2.49443825784929,0.816496580927726,3.55902608401044,0.471404520791032
"376",2021-03-11,3.58426265436982,4.55171530797984,2.28431877042105,6.73136126573191,1.98302747312882,4.40257651577739,5.06096266265644,3.25413586240984,7.17881796114173,2.41054550850373,1.69967317119759,3.09120616516523,1.63299316185545,5.31245915016974,0.471404520791032
"377",2021-03-12,3.61597222086133,3.57053560265066,2.42541812090709,5.04608860446204,1.31076780739304,4.87962392491137,5.12399613753744,3.42354196096344,7.73373969361314,2.33700014501195,2.44948974278318,0.471404520791032,2.16024689946929,1.24721912892465,1.88561808316413
"378",2021-03-13,3.40168025708304,3.63005453380075,2.93183615935579,5.2880062598376,1.42275602050301,4.75928133933844,4.67155123685122,3.62224906043516,8.11040007645807,2.00717000628667,2.05480466765633,1.69967317119759,2.35702260395516,3.09120616516523,0.942809041582063
"379",2021-03-14,2.96407056017806,3.14448010043645,2.05380433461855,6.33614107114649,1.3739560044051,4.74195759549927,5.06471391123708,2.93715800859227,7.43841964691427,2.2528647815722,0.471404520791032,2.49443825784929,0.471404520791032,2.49443825784929,0.471404520791032
"380",2021-03-15,3.53174380238917,3.14772350521867,2.33730832456517,5.21416340365355,1.71242458496241,4.81335762798674,4.38972688610203,3.58017156561666,7.63344343319822,2.1761186201597,2.05480466765633,0.471404520791032,1.24721912892465,1.4142135623731,0.471404520791032
"381",2021-03-16,3.51581702990288,3.76391974366281,2.77079337345233,6.31032115357249,1.58918539009193,4.47492994033917,4.77766358302422,3.14849076148498,6.90212394779073,2.32676734520475,1.24721912892465,1.24721912892465,0.816496580927726,2.16024689946929,0.471404520791032
"382",2021-03-17,3.56195171219375,3.26155715909454,2.1556167733318,4.71644971977691,1.66292096097469,4.3922776453367,4.40484345795993,2.95533946081087,6.94096057404501,1.69474761152334,1.69967317119759,1.69967317119759,2.05480466765633,1.24721912892465,1.4142135623731
"383",2021-03-18,2.6640080284245,3.42484916992482,2.42331363624105,4.41631368118392,1.78714228617097,4.77603247076876,4.89312777844734,3.16374026995564,7.72747189771908,2.12173160136514,2.16024689946929,1.63299316185545,0.942809041582063,1.63299316185545,0.942809041582063
"384",2021-03-19,3.24725158513209,2.5344564284586,2.7946285942128,5.18570936638885,1.51312286887963,4.04294774979701,5.05871699590634,2.89406614680891,7.66711657459702,1.83788199911613,0.942809041582063,0.471404520791032,1.63299316185545,1.4142135623731,2.35702260395516
"385",2021-03-20,2.75162289775117,3.23327722793036,1.87185109733981,5.87399578912109,1.64130361329658,4.00628513599084,4.01563376115064,3.20239541866687,6.87851849742531,1.78941689486672,2.44948974278318,2.16024689946929,0.471404520791032,2.16024689946929,1.69967317119759
"386",2021-03-21,3.22221244818285,3.86243023845593,1.9519090602771,4.60077078724149,1.39742839617956,3.88771881710137,3.80361597976828,3.1095570457376,6.46682455458781,1.87131668898527,2.16024689946929,2.62466929133727,1.24721912892465,2.94392028877595,1.24721912892465
"387",2021-03-22,3.02033921598085,2.66568327956244,1.87729451442163,6.2449979983984,1.5567496226931,3.8606310416313,4.20078797281719,2.54755915047968,6.50535294309321,1.83359340298502,1.24721912892465,0.816496580927726,1.88561808316413,2.62466929133727,0.816496580927726
"388",2021-03-23,2.60567473340909,2.35253879362492,2.6176403145441,4.71212071499161,1.19682829143686,3.80651686607754,4.48301178807164,2.70333325977692,6.55371814253268,1.58783624049501,1.4142135623731,3.29983164553722,1.69967317119759,1.69967317119759,1.24721912892465
"389",2021-03-24,3.0394934459813,3.3002396326105,1.77388941974109,5.17881772813298,1.82946406783796,3.92534422008632,4.41785120858468,2.77647075816621,6.35506248999049,1.60355299039471,0.471404520791032,2.86744175568088,1.63299316185545,2.86744175568088,1.24721912892465
"390",2021-03-25,1.86536640817151,3.38589511271181,2.34602355713071,4.68823973754913,1.14453002564015,3.75523334203466,4.70161528278829,2.38597612545902,6.28339467296013,1.4789050453312,3.85861230093008,2.94392028877595,0.816496580927726,1.4142135623731,0.471404520791032
"391",2021-03-26,3.04787480325661,1.92824071238473,1.98848727243929,4.17414295248199,1.49318178288335,3.90793739425033,4.25290115677879,2.80873103930088,5.81055240713246,1.54382979549706,3.09120616516523,0.471404520791032,0.942809041582063,2.05480466765633,0.942809041582063
"392",2021-03-27,2.45858553992796,3.25920987044281,2.36119781086651,4.82341229032404,1.17532019085031,3.51762291445026,3.8736643563706,2.65712317117405,6.21148795238167,1.47643338190617,1.24721912892465,1.69967317119759,0.816496580927726,1.69967317119759,0.471404520791032
"393",2021-03-28,2.93292359537826,2.76087829858396,2.08737702802892,3.85896121160255,0.758455735056975,3.63151354028813,3.92379317875782,2.49703988377321,5.63045044756747,1.58936895063066,0.471404520791032,1.63299316185545,0.471404520791032,1.69967317119759,0.471404520791032
"394",2021-03-29,2.79827753142127,2.39685167650893,1.87729451442163,2.87760529692624,1.28769688409428,3.4367922938404,3.68222786438978,2.38934137272987,5.52535089161299,1.62182180946531,1.88561808316413,1.24721912892465,0.816496580927726,1.24721912892465,0.471404520791032
"395",2021-03-30,2.26863035187961,3.38514160316365,1.9176276798084,4.14224133354228,1.47599845141227,3.53178432630796,3.3975312941267,2.30792454488748,5.00425920369292,1.57010253765017,0.471404520791032,1.24721912892465,0.816496580927726,2.94392028877595,0.816496580927726
"396",2021-03-31,2.78365308359284,2.17212159993357,1.33248272186983,3.1997688054238,1.08032024730387,3.20323166904269,3.3436655062875,2.05421210076333,5.01341435677342,1.61861583289915,0.942809041582063,0.471404520791032,1.63299316185545,1.4142135623731,0.471404520791032
"397",2021-04-01,3.21091092676079,2.82752505898421,1.73903268913426,3.89711431702997,0.976117883479746,2.99763183320071,3.37930317672601,2.39341411666192,4.62403568653559,1.35877838926867,2.05480466765633,0.816496580927726,0.471404520791032,0.942809041582063,0.942809041582063
"398",2021-04-02,2.59783072770262,2.72834703639775,1.6393596310755,3.51000755857085,1.15341109013965,3.21082395524149,3.26824696052053,2.31655941616219,5.25474729419814,1.34110227502187,0.942809041582063,2.05480466765633,0.471404520791032,1.69967317119759,0.471404520791032
"399",2021-04-03,2.275647474582,2.48746859276655,2.29323539381124,3.11083524449099,1.08032024730387,2.98403619944651,3.01162426134176,2.44902581799109,5.46427403441258,1.51785092779448,0.942809041582063,1.63299316185545,1.4142135623731,0.471404520791032,0.471404520791032
"400",2021-04-04,1.87185109733981,1.99329232319655,1.33773720002343,3.59776007413229,0.949623985736309,3.07707447199855,3.2410152507403,2.17801992594761,4.83529552204291,1.39252587678172,0.471404520791032,2.16024689946929,1.24721912892465,0.471404520791032,0.471404520791032
"401",2021-04-05,2.14404728854338,2.38484800354236,1.95223576695949,2.9093445506309,0.952976004580452,2.79154287635878,3.01859615277439,2.2311443324131,4.58107886647656,1.27196232586846,2.16024689946929,0.942809041582063,1.24721912892465,1.69967317119759,0.471404520791032
"402",2021-04-06,1.76523976517963,2.17827866885384,0.949623985736309,3.40917130393764,1.01204480823605,2.67684325542951,3.13290797977007,1.98120377842737,4.25137416494932,1.10916963730141,0,1.63299316185545,0.816496580927726,0.942809041582063,0.942809041582063
"403",2021-04-07,2.36767129199532,1.89891214829406,1.62411671441458,2.59611169219804,0.989743318610787,2.72194352331412,3.12271018291068,2.05504164657121,4.84326201197565,1.11128965370157,0,1.24721912892465,1.24721912892465,0.942809041582063,0
"404",2021-04-08,1.89622342177975,2.14166633579499,1.7623471130679,4.12851581771741,1.19095228575236,2.81404295572679,3.01994022422246,1.90066605440548,4.05339333955301,1.15848990311196,2.16024689946929,0.816496580927726,1.4142135623731,0.471404520791032,0.942809041582063
"405",2021-04-09,1.65214764374577,2.39977677533319,1.51016960799043,2.67332820159991,1.00762399854756,2.81153259386,3.03933576398043,1.7279457767587,4.36093734548985,1.24565636026794,2.16024689946929,0.816496580927726,0.942809041582063,2.05480466765633,0
"406",2021-04-10,1.54027561806056,2.34602355713071,1.25965657775346,2.76895139660029,0.795394908975717,2.62828477411159,2.5756944246818,1.91699349327076,4.17520673382638,0.919536976392824,0.816496580927726,0.471404520791032,1.69967317119759,0.816496580927726,0.471404520791032
"407",2021-04-11,1.89622342177976,1.66292096097469,1.3223934701124,3.19018744251295,1.19682829143686,2.80641837440541,2.79729367047972,1.81065393072393,4.24896804001639,1.17566704632503,1.88561808316413,0.816496580927726,0.471404520791032,0.942809041582063,0.471404520791032
"408",2021-04-12,1.75981214210785,2.25085017951268,1.34534344298838,3.23623458446916,0.903507902905251,2.23800901696926,2.71630212166008,1.84238088904365,3.98868214588937,1.04698484150413,0.471404520791032,1.69967317119759,0.942809041582063,3.77123616632825,0
"409",2021-04-13,1.2672282142293,1.87729451442163,1.42499552451857,2.14523677395446,0.562429133857987,2.45822164673475,2.25725570359663,1.61037138533365,4.08218468462255,1.0544774694342,0.816496580927726,1.88561808316413,0.471404520791032,2.16024689946929,0.471404520791032
"410",2021-04-14,1.47556630429383,1.64130361329658,1.29559693908693,2.94572502422873,0.976117883479746,2.63494647819324,2.64020840657701,1.75590184788544,3.76445082434714,1.01686133762324,0.471404520791032,1.24721912892465,0.471404520791032,1.69967317119759,0.471404520791032
"411",2021-04-15,1.3739560044051,1.35902125646003,1.04246567995189,2.47435829652697,1.11746341765443,2.0633187614468,2.49967127130203,1.54035613458241,3.84411363542683,0.831078029243158,1.24721912892465,0.471404520791032,0.471404520791032,0.816496580927726,0.471404520791032
"412",2021-04-16,1.16660592650436,1.954847454772,1.2672282142293,2.76526376200705,0.778374811346549,2.30992818083876,2.35133409265006,1.6063848742615,3.14985670673264,1.03584016949945,0.942809041582063,0.471404520791032,0.471404520791032,0.471404520791032,0
"413",2021-04-17,1.94667429641595,1.52362350055011,1.28769688409428,2.73115061347217,0.784902177708425,2.35619603765815,2.01471737798138,1.70291718940793,3.3224560779739,1.11660842820996,0.816496580927726,0,0.471404520791032,0.471404520791032,0
"414",2021-04-18,1.79710651791559,1.91496523120779,1.51691147011395,2.92312210780577,0.731053196087812,2.30310165868187,1.91775543122738,1.66025061595636,3.70505832436099,0.876053749992304,0.942809041582063,0.816496580927726,0.816496580927726,0.942809041582063,0
"415",2021-04-19,1.13164139412535,1.83919902708339,1.27974806194064,2.43486579272276,0.927884361197613,2.14713244708213,2.26762322444912,1.5627969241453,3.28748601838515,0.944529183573417,0.471404520791032,0.816496580927726,0,1.88561808316413,0
"416",2021-04-20,1.451160689565,1.93517388344915,0.822979901557351,2.52209622888483,0.859372101108283,2.08246512223125,2.21841244727365,1.29998470394877,2.82819755393905,0.861291416412045,1.88561808316413,0.471404520791032,0.816496580927726,1.24721912892465,0.942809041582063
"417",2021-04-21,1.59199207771591,1.74196405689389,1.036945081497,2.39764978464244,0.451753951452626,1.79335859603507,2.07825165481747,1.40696379295355,2.91794556121085,0.924817668598836,0.816496580927726,0.816496580927726,0.471404520791032,0.471404520791032,0
"418",2021-04-22,1.51985163078237,1.76270895417901,0.865288674256123,1.67933113507268,0.600807280045026,2.0958680619742,1.81481785149485,1.24467863345373,3.02198206792531,0.794735539378052,1.24721912892465,0.471404520791032,0.942809041582063,0,0.471404520791032
"419",2021-04-23,1.30149051130633,1.87185109733981,1.17151567620405,1.94667429641595,0.677630927178939,1.95435287776965,1.71828987300025,1.57901998560048,3.07810298092907,0.791665865723071,0.471404520791032,0.816496580927726,1.24721912892465,0.816496580927726,0
"420",2021-04-24,1.52362350055011,1.58918539009193,1.04673934926806,2.09347869853612,0.778374811346549,1.74765486889833,2.12046888215132,1.26985489343046,2.811792390401,0.815103750361623,0.471404520791032,1.4142135623731,0,0.942809041582063,0.471404520791032
"421",2021-04-25,1.37163316926225,1.20954958727686,1,1.51691147011395,0.548653267704901,1.85908928503353,2.07727509699253,1.34128381990121,3.13552343044324,0.947189230147798,0.471404520791032,1.24721912892465,0,1.24721912892465,0
"422",2021-04-26,1.08326792057879,1.11346123343714,0.692525693916618,2.22778145339296,0.617557730921092,1.82511939075783,2.07457741215086,1.14055619589899,2.38137948793611,0.75718563565588,0.942809041582063,1.24721912892465,0.471404520791032,0.471404520791032,0.471404520791032
"423",2021-04-27,1.40107466042379,1.40152977645347,1.14897913872467,2.19780734889506,0.677630927178938,1.75006811698567,1.74225942394718,1.36146366570789,2.25232432317121,0.744211763173455,0.471404520791032,0.471404520791032,0,0.471404520791032,0
"424",2021-04-28,1.04673934926806,1.60833289274253,1.04734844990108,1.76126114370542,0.666241360934915,1.95655267463948,1.88561808316413,1.06115265814246,2.6404543219024,0.649023915471275,0.816496580927726,0.471404520791032,0,0.471404520791032,0
"425",2021-04-29,1.75254916376933,1.01267477705413,0.997445717412067,2.36551543332656,0.498722858706033,1.64473024232013,1.57845448004451,1.00384780376102,2.2379002181902,0.815004171380083,0.471404520791032,0.942809041582063,0,0.816496580927726,0
"426",2021-04-30,1.15617243258847,1.02207771580387,0.817537367304257,1.57952459910686,0.48968961431436,1.41530355939859,1.60774846459129,0.944013470085026,2.1590442985483,0.792075842894892,0.471404520791032,0.471404520791032,0.471404520791032,1.24721912892465,0
"427",2021-05-01,1.11288831792021,0.847415036978905,0.939496174140422,1.63351380371847,0.610285981808395,1.85449963565064,1.40216767267342,1.04589899872136,2.15121100542716,0.605282055215885,0.942809041582063,0.471404520791032,0.471404520791032,0.816496580927726,0.942809041582063
"428",2021-05-02,1.42275602050301,1.08326792057879,0.699854212223765,1.69933960762433,0.617557730921092,1.35393147083781,1.66420563368894,0.915733748437698,2.06072096490999,0.686696900906649,0,0.816496580927726,0.942809041582063,0.816496580927726,0.471404520791032
"429",2021-05-03,1.19309236346358,1.20161456009005,0.900680015208464,1.78249710192397,0.778374811346549,1.38504540835875,1.39572782600061,0.897290061116305,2.13500208655291,0.602728961573972,0.471404520791032,0,0.471404520791032,0.816496580927726,0
"430",2021-05-04,1.36417351819888,1.14731274315779,0.728431359084684,1.69746209118802,0.410325903324145,1.38064349008605,1.49603810844303,1.06153501417336,1.76489222739068,0.664349515840959,0,0,0.816496580927726,0.816496580927726,0
"431",2021-05-05,1.08503268078309,1,0.681385143869247,1.71837310338849,0.672908702907742,1.4089237549379,1.2972972972973,0.964174431852317,2.12891098727059,0.50143856036309,0.471404520791032,0.816496580927726,1.24721912892465,0.942809041582063,0.471404520791032
"432",2021-05-06,1.11288831792021,1.48633228904892,0.94423600474302,1.57952459910686,0.677630927178939,1.37280271342706,1.3578821170646,0.866271378828513,2.11103208323712,0.624552432880613,0.471404520791032,0.471404520791032,0.942809041582063,0.816496580927726,0
"433",2021-05-07,1.5887840299668,1.63038745864476,0.758455735056975,1.28323173023012,0.508850244599107,1.14162310037214,1.55295038495806,0.768674919196452,2.14554424724209,0.536622436462538,0,1.4142135623731,0,0.471404520791032,0
"434",2021-05-08,0.888561093187481,1.036945081497,0.600807280045026,1.1780301787479,0.48968961431436,1.35997250004423,1.34810420684756,0.972305409962669,2.01592555610063,0.636650801587559,0.471404520791032,0.471404520791032,0.471404520791032,0.942809041582063,0
"435",2021-05-09,1.13389341902768,1.31513947425157,0.681385143869247,1.77388941974109,0.508850244599107,1.37852557654823,1.5592093626384,1.06321574716626,1.76295971192333,0.597182465555911,0.471404520791032,0.471404520791032,0,0.816496580927726,0
"436",2021-05-10,0.914732033918978,1.52320486515258,0.934049773615859,1.46906884294308,0.48968961431436,1.35680580890714,1.33382021789706,1.0414663795761,1.99308926976934,0.578824446998523,0.816496580927726,0.471404520791032,0.471404520791032,0.942809041582063,0
"437",2021-05-11,1.02207771580387,1.08972473588517,0.903507902905251,1.2672282142293,0.433012701892219,1.19171176619619,1.42165473419686,0.803066115245641,1.71687225880546,0.739836582617939,0.471404520791032,1.24721912892465,0.471404520791032,0.816496580927726,0
"438",2021-05-12,0.625764838140544,1.21007673900696,0.823754471047914,1.36417351819888,0.410325903324145,1.26003801685188,1.44543366075958,0.878089580613421,2.03981949355059,0.506110699286059,0.471404520791032,0.816496580927726,0,0.816496580927726,0.942809041582063
"439",2021-05-13,1.09962887988148,1.31076780739304,0.617557730921092,1.11288831792021,0.610285981808395,1.20774493872929,1.27826377661535,0.932073308567752,1.72536047267014,0.506110699286059,0.942809041582063,0.942809041582063,0.471404520791032,0.942809041582063,0
"440",2021-05-14,1.02519286388624,1.05945692672795,0.874817765279706,1.68426087465023,0.257539376818856,1.30478320650318,1.46998760752224,0.803066115245642,1.68615342826622,0.510581164515487,0.816496580927726,0,0,0.816496580927726,0
"441",2021-05-15,0.817537367304257,1.40107466042379,0.894997434724405,1.47253772343488,0.433012701892219,1.03975048982007,1.38680226341577,0.902071311798846,1.82654186212444,0.496559055117862,0,0.471404520791032,0.471404520791032,0.471404520791032,0
"442",2021-05-16,0.860113898485164,1.61308425580517,0.979379228628721,1.71837310338849,0.610285981808395,0.990827177287749,1.38803073886522,0.817092781504376,1.82765239754698,0.526853748368051,0.471404520791032,0.471404520791032,0.471404520791032,0.942809041582063,0
"443",2021-05-17,0.94423600474302,0.981330833145292,0.920292766194652,1.55838744494796,0.548653267704901,0.99107288768887,1.29998470394877,0.923500326395639,1.61791367869201,0.469160957343839,0.471404520791032,1.69967317119759,0.471404520791032,0.471404520791032,0
"444",2021-05-18,0.952976004580453,1.09962887988148,0.724920826078016,1.25152967628109,0.680448531544916,1.17566704632503,1.42604388738086,0.681595687184784,1.58798957807955,0.420634865943378,0,0.471404520791032,0.471404520791032,0.471404520791032,0.942809041582063
"445",2021-05-19,0.724920826078016,1.00191143850754,0.600807280045026,1.05644281841065,0.185576872239523,1.20431278669917,1.24226361718045,0.730563420998678,1.57227211613472,0.483138294695205,0.471404520791032,0.816496580927726,0,2.16024689946929,0
"446",2021-05-20,0.900680015208464,1.29510459746205,0.625764838140544,1.52027118955663,0.185576872239523,1.01686133762324,1.32796582145501,0.921917031024579,1.73230851313401,0.486152704981335,1.4142135623731,2.16024689946929,0,0.816496580927726,0
"447",2021-05-21,0.952976004580452,0.927884361197613,0.566946709513841,1.79958895533487,0.309294787065871,1.24975446009801,1.34140483617067,0.756756756756757,1.74978983514303,0.606353825962661,0.816496580927726,0.471404520791032,0,0.471404520791032,0
"448",2021-05-22,1.22630605095639,1.08972473588517,0.717848258651492,1.11288831792021,0.349927106111883,1.07619013758688,1.32833247715795,0.744756853529383,1.73974204353799,0.472779883365834,0,0.942809041582063,0.471404520791032,0.942809041582063,0
"449",2021-05-23,0.949623985736309,0.965607559613984,0.622699849077239,1.52655073379732,0.257539376818856,1.22648319098736,1.24819486573823,0.788069467698343,1.57799164294136,0.532065695864267,0.471404520791032,0.471404520791032,0,1.4142135623731,0
"450",2021-05-24,0.899971654882439,0.997445717412067,0.467024886807929,1.368374575762,0.508850244599107,1.09428869043241,1.20363866809796,0.868517063423065,1.82600856521902,0.50143856036309,0.471404520791032,0.816496580927726,0.471404520791032,0.471404520791032,0
"451",2021-05-25,1.19522860933439,1.06426174469652,0.556730616718568,1.04246567995189,0.633865691046387,1.14906369466685,1.32643699842339,0.791665865723071,1.71109519480495,0.514382069319647,0.471404520791032,0.816496580927726,0,1.24721912892465,0
"452",2021-05-26,0.622699849077239,1.08503268078309,0.677630927178939,1.25965657775346,0.57476703355111,1.0414663795761,1.34762248297767,0.768041134628725,1.69163186749715,0.561023332502352,1.24721912892465,0.471404520791032,0,1.69967317119759,0
"453",2021-05-27,0.666241360934915,1.39742839617956,0.7319250547114,1.17532019085031,0.257539376818856,0.987463007559983,1.45293838440169,0.836626073242803,1.8086356888403,0.428662243364696,0,0.471404520791032,0,1.4142135623731,0
"454",2021-05-28,0.724920826078016,0.965607559613984,0.934049773615859,1.52863818278805,0.185576872239523,1.09872981538102,1.28787872277538,0.815103750361624,1.69249526318143,0.449187418461907,0.942809041582063,0.942809041582063,0,0.471404520791032,0
"455",2021-05-29,0.709807389798278,1.20532407362044,0.565820697062673,1.16057691494799,0.349927106111883,0.995077569115969,1.14906369466685,0.815103750361623,1.31636389154977,0.491466007098589,0.471404520791032,0,0,1.69967317119759,0
"456",2021-05-30,0.778374811346549,0.976117883479746,0.965607559613984,1.26571751047638,0.410325903324145,1.01773893966285,1.05278278616155,0.733667498072156,1.9448612258695,0.454575704920464,0,0.942809041582063,0,1.24721912892465,0
"457",2021-05-31,1.25509167077183,1.16057691494799,0.538089970475692,1.05644281841065,0.382993046241557,1.09739936506612,1.27902547920154,0.714500182302644,1.68716395109472,0.536168505094289,0.816496580927726,0.471404520791032,0.471404520791032,0.816496580927726,0
"458",2021-06-01,0.625764838140544,1.59519367386624,0.610285981808395,1.54027561806056,0.349927106111883,1.10975487392691,1.17828745826614,0.648398350106183,1.4261008005127,0.482970275808296,0,0.816496580927726,0,0.471404520791032,0
"459",2021-06-02,0.949623985736309,1.01267477705413,0.617557730921092,1.44764058567937,0.382993046241557,0.912537460331574,1.25539174797085,0.690586230513038,1.44706111749631,0.467254143419457,0.471404520791032,0.471404520791032,0,0.816496580927726,0.471404520791032
"460",2021-06-03,0.610285981808395,1.14731274315779,0.617557730921092,1.27775312999988,0.257539376818856,0.954274787521827,1.10799823669759,0.757828498912183,1.61635782319776,0.474835457769529,1.4142135623731,0.471404520791032,0,0.942809041582063,0
"461",2021-06-04,0.863074712399613,1.0690449676497,0.731053196087811,1.17965318320812,0.408768683652128,1.07679329870336,1.3524320003456,0.667639903194555,1.46101574236278,0.413434014615631,0.816496580927726,0.471404520791032,0.471404520791032,0.942809041582063,0
"462",2021-06-05,0.863074712399613,1.29510459746205,0.467024886807929,1.34913048339458,0.410325903324145,0.972972972972973,1.31321565104783,0.757828498912183,1.70582201523681,0.447558282824296,0.471404520791032,0,0.816496580927726,0.471404520791032,0.471404520791032
"463",2021-06-06,0.81127262082861,1.00762399854756,0.625764838140544,1.31852963871248,0.309294787065871,0.857608447373136,1.10477048073906,0.666057671685569,1.29992226922002,0.414610216180319,0.471404520791032,0.816496580927726,0,1.24721912892465,0
"464",2021-06-07,0.905623023793283,1.07617994095138,0.566946709513841,1.08972473588517,0.257539376818856,0.884168947487228,1.30515637488104,0.574743708386904,1.51694163458372,0.432995129394519,0.471404520791032,0,0,0.816496580927726,0
"465",2021-06-08,0.672908702907742,1.08032024730387,0.775912892228587,0.88856109318748,0.382993046241557,1.01638232621048,0.871129711973591,0.754823786149673,1.2683200158831,0.331991455363753,0.816496580927726,0,0.471404520791032,0,0
"466",2021-06-09,0.771792242320511,1.16496474502144,0.524890659167824,1.23459900124597,0.382993046241557,0.845887898688685,1.02346466101414,0.577279976345975,1.35213190670347,0.343525693061939,0.471404520791032,0.816496580927726,0.471404520791032,0.471404520791032,0
"467",2021-06-10,0.911239344440934,0.859372101108283,0.433012701892219,1.21007673900696,0.382993046241557,0.815700968966861,1.13069344070178,0.561457169401185,1.43189405713591,0.39986200038148,0.816496580927726,0.942809041582063,0.816496580927726,0.816496580927726,0
"468",2021-06-11,0.672908702907742,1.15617243258848,0.57476703355111,1.12938487863156,0.257539376818856,0.829220432360638,1.135349615087,0.636650801587559,1.35483035654828,0.481624014581032,0.471404520791032,0.471404520791032,0,0.471404520791032,0
"469",2021-06-12,0.565820697062673,1.05160227602396,0.488385511827762,1.0973065354098,0.257539376818856,0.912537460331574,0.981692659254408,0.54248898080449,1.20046524000828,0.367275983975487,0.471404520791032,0,0.471404520791032,1.24721912892465,0
"470",2021-06-13,0.524890659167824,0.914732033918978,0.666241360934915,1.43569651730298,0.257539376818856,0.883618006143368,1.21518140828612,0.686578698495771,1.22197502130052,0.358101025483816,0.471404520791032,0.942809041582063,0.471404520791032,0.816496580927726,0
"471",2021-06-14,0.566946709513841,1.23717914826348,0.524890659167824,1.45160010235011,0.349927106111883,0.838079980508665,1.13090876303351,0.659936813398646,1.46910393590195,0.39680568550532,0.471404520791032,0.816496580927726,0,0.816496580927726,0
"472",2021-06-15,0.617557730921092,0.976117883479746,0.538089970475692,1.20532407362044,0.349927106111883,0.777493658032123,1.11107052924835,0.469160957343839,1.44475969414192,0.36394612390494,0.816496580927726,0.942809041582063,0,0,0
"473",2021-06-16,0.589015089373951,1.11288831792021,0.467024886807929,1.4155657987576,0.257539376818856,0.84358197554736,1.0500810624925,0.594184953075357,1.39741317239577,0.348451884789436,0.471404520791032,0.816496580927726,0.471404520791032,0.942809041582063,0
"474",2021-06-17,0.804166446371265,0.724040533311189,0.600807280045026,1.036945081497,0.257539376818856,0.762632700362822,1.19613043825605,0.681714753599733,1.36717462811488,0.310516899812866,0.471404520791032,1.24721912892465,0.471404520791032,0.471404520791032,0
"475",2021-06-18,0.731053196087812,0.923060570237149,0.524890659167824,1.65792776977645,0.349927106111883,0.884168947487228,1.08677180900903,0.54248898080449,1.13427680976844,0.382432167149389,0.471404520791032,0.816496580927726,0.471404520791032,1.88561808316413,0.471404520791032
"476",2021-06-19,0.556730616718568,0.860113898485164,0.548653267704901,1.06665603736201,0.185576872239523,0.715067921909349,1.08318114343706,0.546810483080848,1.24330852420332,0.367275983975487,0.471404520791032,1.24721912892465,0.471404520791032,0.471404520791032,0
"477",2021-06-20,0.680448531544916,0.680448531544916,0.524890659167824,0.997445717412067,0.309294787065871,0.952998165160929,1.06998813280058,0.559719804216543,1.37463426011387,0.286310785262535,0,0.471404520791032,0,1.24721912892465,0
"478",2021-06-21,0.494871659305394,0.816756901859234,0.666241360934915,1.11346123343714,0.309294787065871,0.826868029231263,1.04729487551788,0.577279976345975,1.1218296416962,0.338287988387722,0,1.24721912892465,0,0.471404520791032,0
"479",2021-06-22,0.804166446371265,1.09264703862703,0.349927106111883,1.05160227602396,0.257539376818856,0.945302226275651,0.99800954408117,0.550066217026081,1.27921583398059,0.316214932878995,0.942809041582063,0.816496580927726,0,0.942809041582063,0.471404520791032
"480",2021-06-23,0.731053196087812,0.927884361197613,0.48968961431436,1.09264703862703,0.257539376818856,0.740932799818093,0.995322230243902,0.49113560974555,1.25325645133544,0.338287988387722,0.471404520791032,0.471404520791032,0.471404520791032,1.4142135623731,0.471404520791032
"481",2021-06-24,0.565820697062674,0.860113898485164,0.610285981808395,1.3739560044051,0.185576872239523,0.668247456239737,0.98762737926442,0.646141300073554,1.30782763230424,0.338287988387722,0,2.35702260395516,0,0.942809041582063,0
"482",2021-06-25,0.731053196087811,0.888561093187481,0.77919372247398,0.860113898485164,0.309294787065871,0.850767233717336,1.23110671017583,0.609957148822009,1.40002434846127,0.286310785262535,0,0,0.471404520791032,0.471404520791032,0
"483",2021-06-26,0.8541614816501,1.04734844990108,0.610285981808395,1.3223934701124,0.309294787065871,0.814207101095135,1.15575438594585,0.522833085713402,1.28598673009409,0.428662243364697,0.471404520791032,0.471404520791032,0,1.24721912892465,0
"484",2021-06-27,0.804166446371264,1.03263087820007,0.666241360934915,0.976117883479746,0.309294787065871,0.950268972042829,1.06115265814246,0.559719804216543,1.27157941612343,0.382432167149389,0.942809041582063,0.471404520791032,0.471404520791032,0,0.471404520791032
"485",2021-06-28,0.920292766194652,0.883522634060927,0.349927106111882,1.27775312999988,0.257539376818856,0.809608718510305,1.08669712448782,0.584822788004234,1.19068974396806,0.310516899812866,0.471404520791032,0.471404520791032,0.471404520791032,0.471404520791032,0
"486",2021-06-29,0.965607559613984,0.960973146219551,0.410325903324145,1.2672282142293,0.408768683652128,0.758470817291863,1.04799211670024,0.553156087675991,1.29322433705166,0.298795026158144,0.471404520791032,0.942809041582063,0.471404520791032,0.942809041582063,0
"487",2021-06-30,0.467024886807929,1.12938487863156,0.410325903324145,1.07617994095138,0.467024886807929,0.869357699590257,0.868236670497785,0.652391603251592,1.15308276812222,0.272959592928705,0.471404520791032,0,0,0.816496580927726,0
"488",2021-07-01,0.847415036978905,0.737999225706137,0.433012701892219,0.920292766194652,0.309294787065871,0.778641096804753,0.981775331591011,0.636650801587558,1.4448720437431,0.321559789145491,0,0.471404520791032,0,0.942809041582063,0
