"","date","opt JHH","opt SH","opt BMC","opt HCGH","opt SMH","mod JHH","mod SH","mod BMC","mod HCGH","mod SMH","pess JHH","pess SH","pess BMC","pess HCGH","pess SMH","cat JHH","cat SH","cat BMC","cat HCGH","cat SMH"
"1",2020-03-01,NA,NA,NA,NA,NA,NA,NA,NA,NA,NA,NA,NA,NA,NA,NA,NA,NA,NA,NA,NA
"2",2020-03-02,NA,NA,NA,NA,NA,NA,NA,NA,NA,NA,NA,NA,NA,NA,NA,NA,NA,NA,NA,NA
"3",2020-03-03,NA,NA,NA,NA,NA,NA,NA,NA,NA,NA,NA,NA,NA,NA,NA,NA,NA,NA,NA,NA
"4",2020-03-04,NA,NA,NA,NA,NA,NA,NA,NA,NA,NA,NA,NA,NA,NA,NA,NA,NA,NA,NA,NA
"5",2020-03-05,NA,NA,NA,NA,NA,NA,NA,NA,NA,NA,NA,NA,NA,NA,NA,NA,NA,NA,NA,NA
"6",2020-03-06,NA,NA,NA,NA,NA,NA,NA,NA,NA,NA,NA,NA,NA,NA,NA,NA,NA,NA,NA,NA
"7",2020-03-07,NA,NA,NA,NA,NA,NA,NA,NA,NA,NA,NA,NA,NA,NA,NA,NA,NA,NA,NA,NA
"8",2020-03-08,NA,NA,NA,NA,NA,NA,NA,NA,NA,NA,NA,NA,NA,NA,NA,NA,NA,NA,NA,NA
"9",2020-03-09,NA,NA,NA,NA,NA,NA,NA,NA,NA,NA,NA,NA,NA,NA,NA,NA,NA,NA,NA,NA
"10",2020-03-10,NA,NA,NA,NA,NA,NA,NA,NA,NA,NA,NA,NA,NA,NA,NA,NA,NA,NA,NA,NA
"11",2020-03-11,NA,NA,NA,NA,NA,NA,NA,NA,NA,NA,NA,NA,NA,NA,NA,NA,NA,NA,NA,NA
"12",2020-03-12,NA,NA,NA,NA,NA,NA,NA,NA,NA,NA,NA,NA,NA,NA,NA,NA,NA,NA,NA,NA
"13",2020-03-13,NA,NA,NA,NA,NA,NA,NA,NA,NA,NA,NA,NA,NA,NA,NA,NA,NA,NA,NA,NA
"14",2020-03-14,NA,NA,NA,NA,NA,NA,NA,NA,NA,NA,NA,NA,NA,NA,NA,NA,NA,NA,NA,NA
"15",2020-03-15,NA,NA,NA,NA,NA,NA,NA,NA,NA,NA,NA,NA,NA,NA,NA,NA,NA,NA,NA,NA
"16",2020-03-16,NA,NA,NA,NA,NA,NA,NA,NA,NA,NA,NA,NA,NA,NA,NA,NA,NA,NA,NA,NA
"17",2020-03-17,NA,NA,NA,NA,NA,NA,NA,NA,NA,NA,NA,NA,NA,NA,NA,NA,NA,NA,NA,NA
"18",2020-03-18,NA,NA,NA,NA,NA,NA,NA,NA,NA,NA,NA,NA,NA,NA,NA,NA,NA,NA,NA,NA
"19",2020-03-19,NA,NA,NA,NA,NA,NA,NA,NA,NA,NA,NA,NA,NA,NA,NA,NA,NA,NA,NA,NA
"20",2020-03-20,NA,NA,NA,NA,NA,NA,NA,NA,NA,NA,NA,NA,NA,NA,NA,NA,NA,NA,NA,NA
"21",2020-03-21,NA,NA,NA,NA,NA,NA,NA,NA,NA,NA,NA,NA,NA,NA,NA,NA,NA,NA,NA,NA
"22",2020-03-22,NA,NA,NA,NA,NA,NA,NA,NA,NA,NA,NA,NA,NA,NA,NA,NA,NA,NA,NA,NA
"23",2020-03-23,NA,NA,NA,NA,NA,NA,NA,NA,NA,NA,NA,NA,NA,NA,NA,NA,NA,NA,NA,NA
"24",2020-03-24,27,12,3,7,3,27,12,3,7,3,27,12,3,7,3,27,12,3,7,3
"25",2020-03-25,32,12,3,12,4,32,12,3,12,4,32,12,3,12,4,32,12,3,12,4
"26",2020-03-26,42,16,3,10,5,42,16,3,10,5,42,16,3,10,5,42,16,3,10,5
"27",2020-03-27,49,22,1,13,9,49,22,1,13,9,49,22,1,13,9,49,22,1,13,9
"28",2020-03-28,56,23,2,13,9,56,23,2,13,9,56,23,2,13,9,56,23,2,13,9
"29",2020-03-29,59,29,4,14,10,59,29,4,14,10,59,29,4,14,10,59,29,4,14,10
"30",2020-03-30,63,34,4,9,12,63,34,4,9,12,63,34,4,9,12,63,34,4,9,12
"31",2020-03-31,73,29,8,3,11,73,29,8,3,11,73,29,8,3,11,73,29,8,3,11
"32",2020-04-01,88,34,9,8,11,88,34,9,8,11,88,34,9,8,11,88,34,9,8,11
"33",2020-04-02,91,35,11,12,11,91,35,11,12,11,91,35,11,12,11,91,35,11,12,11
"34",2020-04-03,97,37,12,10,11,97,37,12,10,11,97,37,12,10,11,97,37,12,10,11
"35",2020-04-04,97,38,14,15,11,97,38,14,15,11,97,38,14,15,11,97,38,14,15,11
"36",2020-04-05,100,39,14,10,6,100,39,14,10,6,100,39,14,10,6,100,39,14,10,6
"37",2020-04-06,106,44,21,8,6,106,44,21,8,6,106,44,21,8,6,106,44,21,8,6
"38",2020-04-07,107,50,23,11,7,107,50,23,11,7,107,50,23,11,7,107,50,23,11,7
"39",2020-04-08,107,58,16,17,10,107,58,16,17,10,107,58,16,17,10,107,58,16,17,10
"40",2020-04-09,109,51,15,20,12,109,51,15,20,12,109,51,15,20,12,109,51,15,20,12
"41",2020-04-10,113,56,10,24,12,113,56,10,24,12,113,56,10,24,12,113,56,10,24,12
"42",2020-04-11,112,51,12,29,12,112,51,12,29,12,112,51,12,29,12,112,51,12,29,12
"43",2020-04-12,111,51,16,33,11,111,51,16,33,11,111,51,16,33,11,111,51,16,33,11
"44",2020-04-13,118,55,14,35,12,118,55,14,35,12,118,55,14,35,12,118,55,14,35,12
"45",2020-04-14,124,54,18,30,12,124,54,18,30,12,124,54,18,30,12,124,54,18,30,12
"46",2020-04-15,117,58,22,25,14,117,58,22,25,14,117,58,22,25,14,117,58,22,25,14
"47",2020-04-16,114,65,20,25,13,114,65,20,25,13,114,65,20,25,13,114,65,20,25,13
"48",2020-04-17,109,65,22,23,14,109,65,22,23,14,109,65,22,23,14,109,65,22,23,14
"49",2020-04-18,111,66,22,27,12,111,66,22,27,12,111,66,22,27,12,111,66,22,27,12
"50",2020-04-19,114,67,25,31,14,114,67,25,31,14,114,67,25,31,14,114,67,25,31,14
"51",2020-04-20,114,65,26,36,24,114,65,26,36,24,114,65,26,36,24,114,65,26,36,24
"52",2020-04-21,112,63,26,37,25,112,63,26,37,25,112,63,26,37,25,112,63,26,37,25
"53",2020-04-22,118,55,28,35,26,118,55,28,35,26,118,55,28,35,26,118,55,28,35,26
"54",2020-04-23,116,58,28,34,29,116,58,28,34,29,116,58,28,34,29,116,58,28,34,29
"55",2020-04-24,113,59,31,31,30,113,59,31,31,30,113,59,31,31,30,113,59,31,31,30
"56",2020-04-25,114,61,34,31,30,114,61,34,31,30,114,61,34,31,30,114,61,34,31,30
"57",2020-04-26,113,68,31,33,33,113,68,31,33,33,113,68,31,33,33,113,68,31,33,33
"58",2020-04-27,109,71,31,33,38,109,71,31,33,38,109,71,31,33,38,109,71,31,33,38
"59",2020-04-28,110,74,34,39,37,110,74,34,39,37,110,74,34,39,37,110,74,34,39,37
"60",2020-04-29,108,73,27,42,32,108,73,27,42,32,108,73,27,42,32,108,73,27,42,32
"61",2020-04-30,102,68,28,44,29,102,68,28,44,29,102,68,28,44,29,102,68,28,44,29
"62",2020-05-01,97,68,28,45,22,97,68,28,45,22,97,68,28,45,22,97,68,28,45,22
"63",2020-05-02,96,66,31,46,20,96,66,31,46,20,96,66,31,46,20,96,66,31,46,20
"64",2020-05-03,95,67,28,44,17,95,67,28,44,17,95,67,28,44,17,95,67,28,44,17
"65",2020-05-04,94,74,32,42,17,94,74,32,42,17,94,74,32,42,17,94,74,32,42,17
"66",2020-05-05,96,70,28,46,17,96,70,28,46,17,96,70,28,46,17,96,70,28,46,17
"67",2020-05-06,94,73,28,49,17,94,73,28,49,17,94,73,28,49,17,94,73,28,49,17
"68",2020-05-07,102,73,27,46,15,102,73,27,46,15,102,73,27,46,15,102,73,27,46,15
"69",2020-05-08,101,71,23,45,17,101,71,23,45,17,101,71,23,45,17,101,71,23,45,17
"70",2020-05-09,102,65,23,41,16,102,65,23,41,16,102,65,23,41,16,102,65,23,41,16
"71",2020-05-10,95,57,26,40,16,95,57,26,40,16,95,57,26,40,16,95,57,26,40,16
"72",2020-05-11,100,59,32,45,20,100,59,32,45,20,100,59,32,45,20,100,59,32,45,20
"73",2020-05-12,95,57,34,45,19,95,57,34,45,19,95,57,34,45,19,95,57,34,45,19
"74",2020-05-13,93,55,35,43,19,93,55,35,43,19,93,55,35,43,19,93,55,35,43,19
"75",2020-05-14,89,54,36,43,19,89,54,36,43,19,89,54,36,43,19,89,54,36,43,19
"76",2020-05-15,90,53,38,44,18,90,53,38,44,18,90,53,38,44,18,90,53,38,44,18
"77",2020-05-16,93,48,36,36,15,93,48,36,36,15,93,48,36,36,15,93,48,36,36,15
"78",2020-05-17,88,44,34,32,16,88,44,34,32,16,88,44,34,32,16,88,44,34,32,16
"79",2020-05-18,89,48,33,34,16,89,48,33,34,16,89,48,33,34,16,89,48,33,34,16
"80",2020-05-19,88,47,36,31,14,88,47,36,31,14,88,47,36,31,14,88,47,36,31,14
"81",2020-05-20,87,41,32,33,14,87,41,32,33,14,87,41,32,33,14,87,41,32,33,14
"82",2020-05-21,90,37,30,28,15,90,37,30,28,15,90,37,30,28,15,90,37,30,28,15
"83",2020-05-22,81,35,40,36,15,81,35,40,36,15,81,35,40,36,15,81,35,40,36,15
"84",2020-05-23,77,36,44,40,13,77,36,44,40,13,77,36,44,40,13,77,36,44,40,13
"85",2020-05-24,81,38,40,40,12,81,38,40,40,12,81,38,40,40,12,81,38,40,40,12
"86",2020-05-25,85,38,36,39,13,85,38,36,39,13,85,38,36,39,13,85,38,36,39,13
"87",2020-05-26,91,44,36,39,13,91,44,36,39,13,91,44,36,39,13,91,44,36,39,13
"88",2020-05-27,92,43,36,37,13,92,43,36,37,13,92,43,36,37,13,92,43,36,37,13
"89",2020-05-28,84,42,33,39,11,84,42,33,39,11,84,42,33,39,11,84,42,33,39,11
"90",2020-05-29,80,35,28,32,12,80,35,28,32,12,80,35,28,32,12,80,35,28,32,12
"91",2020-05-30,78,32,24,28,9,78,32,24,28,9,78,32,24,28,9,78,32,24,28,9
"92",2020-05-31,76,29,26,25,7,76,29,26,25,7,76,29,26,25,7,76,29,26,25,7
"93",2020-06-01,70,26,25,30,6,70,26,25,30,6,70,26,25,30,6,70,26,25,30,6
"94",2020-06-02,67,26,26,27,9,67,26,26,27,9,67,26,26,27,9,67,26,26,27,9
"95",2020-06-03,64,27,26,22,11,64,27,26,22,11,64,27,26,22,11,64,27,26,22,11
"96",2020-06-04,62,26,25,25,11,62,26,25,25,11,62,26,25,25,11,62,26,25,25,11
"97",2020-06-05,61,29,28,24,11,61,29,28,24,11,61,29,28,24,11,61,29,28,24,11
"98",2020-06-06,55,29,31,31,11,55,29,31,31,11,55,29,31,31,11,55,29,31,31,11
"99",2020-06-07,51,29,33,32,10,51,29,33,32,10,51,29,33,32,10,51,29,33,32,10
"100",2020-06-08,51,28,29,38,10,51,28,29,38,10,51,28,29,38,10,51,28,29,38,10
"101",2020-06-09,53,22,25,35,11,53,22,25,35,11,53,22,25,35,11,53,22,25,35,11
"102",2020-06-10,49,23,19,37,10,49,23,19,37,10,49,23,19,37,10,49,23,19,37,10
"103",2020-06-11,45,23,21,31,7,45,23,21,31,7,45,23,21,31,7,45,23,21,31,7
"104",2020-06-12,46,20,18,30,7,46,20,18,30,7,46,20,18,30,7,46,20,18,30,7
"105",2020-06-13,46,23,16,26,7,46,23,16,26,7,46,23,16,26,7,46,23,16,26,7
"106",2020-06-14,46,18,17,29,7,46,18,17,29,7,46,18,17,29,7,46,18,17,29,7
"107",2020-06-15,45,18,17,29,7,45,18,17,29,7,45,18,17,29,7,45,18,17,29,7
"108",2020-06-16,42,16,18,26,8,42,16,18,26,8,42,16,18,26,8,42,16,18,26,8
"109",2020-06-17,43,17,19,28,7,43,17,19,28,7,43,17,19,28,7,43,17,19,28,7
"110",2020-06-18,37,19,17,29,7,37,19,17,29,7,37,19,17,29,7,37,19,17,29,7
"111",2020-06-19,34,13,15,28,7,34,13,15,28,7,34,13,15,28,7,34,13,15,28,7
"112",2020-06-20,33,16,15,25,7,33,16,15,25,7,33,16,15,25,7,33,16,15,25,7
"113",2020-06-21,32,16,14,30,6,32,16,14,30,6,32,16,14,30,6,32,16,14,30,6
"114",2020-06-22,32,18,13,29,6,32,18,13,29,6,32,18,13,29,6,32,18,13,29,6
"115",2020-06-23,32,16,11,29,6,32,16,11,29,6,32,16,11,29,6,32,16,11,29,6
"116",2020-06-24,27,12,11,27,7,27,12,11,27,7,27,12,11,27,7,27,12,11,27,7
"117",2020-06-25,27,15,11,21,8,27,15,11,21,8,27,15,11,21,8,27,15,11,21,8
"118",2020-06-26,25,16,10,19,8,25,16,10,19,8,25,16,10,19,8,25,16,10,19,8
"119",2020-06-27,18,16,10,19,7,18,16,10,19,7,18,16,10,19,7,18,16,10,19,7
"120",2020-06-28,14,16,11,21,9,14,16,11,21,9,14,16,11,21,9,14,16,11,21,9
"121",2020-06-29,19,14,9,19,9,19,14,9,19,9,19,14,9,19,9,19,14,9,19,9
"122",2020-06-30,17,12,14,21,8,17,12,14,21,8,17,12,14,21,8,17,12,14,21,8
"123",2020-07-01,19,7,14,21,7,19,7,14,21,7,19,7,14,21,7,19,7,14,21,7
"124",2020-07-02,17,10,16,18,5,17,10,16,18,5,17,10,16,18,5,17,10,16,18,5
"125",2020-07-03,17,9,15,14,5,17,9,15,14,5,17,9,15,14,5,17,9,15,14,5
"126",2020-07-04,15,10,15,12,4,15,10,15,12,4,15,10,15,12,4,15,10,15,12,4
"127",2020-07-05,17,10,17,14,3,17,10,17,14,3,17,10,17,14,3,17,10,17,14,3
"128",2020-07-06,19,9,18,13,3,19,9,18,13,3,19,9,18,13,3,19,9,18,13,3
"129",2020-07-07,19,7,20,12,4,19,7,20,12,4,19,7,20,12,4,19,7,20,12,4
"130",2020-07-08,19,5,13,12,5,19,5,13,12,5,19,5,13,12,5,19,5,13,12,5
"131",2020-07-09,22,5,14,15,7,22,5,14,15,7,22,5,14,15,7,22,5,14,15,7
"132",2020-07-10,26,7,15,17,8,26,7,15,17,8,26,7,15,17,8,26,7,15,17,8
"133",2020-07-11,25,7,16,18,9,25,7,16,18,9,25,7,16,18,9,25,7,16,18,9
"134",2020-07-12,25,7,16,16,9,25,7,16,16,9,25,7,16,16,9,25,7,16,16,9
"135",2020-07-13,26,6,15,19,8,26,6,15,19,8,26,6,15,19,8,26,6,15,19,8
"136",2020-07-14,27,5,17,20,8,27,5,17,20,8,27,5,17,20,8,27,5,17,20,8
"137",2020-07-15,27,5,16,18,7,27,5,16,18,7,27,5,16,18,7,27,5,16,18,7
"138",2020-07-16,28,8,15,14,5,28,8,15,14,5,28,8,15,14,5,28,8,15,14,5
"139",2020-07-17,27,9,12,23,3,27,9,12,23,3,27,9,12,23,3,27,9,12,23,3
"140",2020-07-18,30,8,15,24,2,30,8,15,24,2,30,8,15,24,2,30,8,15,24,2
"141",2020-07-19,30,8,19,21,3,30,8,19,21,3,30,8,19,21,3,30,8,19,21,3
"142",2020-07-20,30,8,18,23,3,30,8,18,23,3,30,8,18,23,3,30,8,18,23,3
"143",2020-07-21,31,8,18,19,4,31,8,18,19,4,31,8,18,19,4,31,8,18,19,4
"144",2020-07-22,34,7,19,21,4,34,7,19,21,4,34,7,19,21,4,34,7,19,21,4
"145",2020-07-23,32,7,16,22,5,32,7,16,22,5,32,7,16,22,5,32,7,16,22,5
"146",2020-07-24,33,7,13,19,4,33,7,13,19,4,33,7,13,19,4,33,7,13,19,4
"147",2020-07-25,29,8,15,21,4,29,8,15,21,4,29,8,15,21,4,29,8,15,21,4
"148",2020-07-26,30,8,19,20,2,30,8,19,20,2,30,8,19,20,2,30,8,19,20,2
"149",2020-07-27,35,8,21,21,3,35,8,21,21,3,35,8,21,21,3,35,8,21,21,3
"150",2020-07-28,34,7,20,20,2,34,7,20,20,2,34,7,20,20,2,34,7,20,20,2
"151",2020-07-29,34,9,21,18,2,34,9,21,18,2,34,9,21,18,2,34,9,21,18,2
"152",2020-07-30,30,9,18,18,4,30,9,18,18,4,30,9,18,18,4,30,9,18,18,4
"153",2020-07-31,29,12,16,14,2,29,12,16,14,2,29,12,16,14,2,29,12,16,14,2
"154",2020-08-01,30,11,15,13,3,30,11,15,13,3,30,11,15,13,3,30,11,15,13,3
"155",2020-08-02,30,11,16,14,4,30,11,16,14,4,30,11,16,14,4,30,11,16,14,4
"156",2020-08-03,29,10,17,14,4,29,10,17,14,4,29,10,17,14,4,29,10,17,14,4
"157",2020-08-04,27,9,15,18,4,27,9,15,18,4,27,9,15,18,4,27,9,15,18,4
"158",2020-08-05,29,9,14,14,4,29,9,14,14,4,29,9,14,14,4,29,9,14,14,4
"159",2020-08-06,26,10,14,15,4,26,10,14,15,4,26,10,14,15,4,26,10,14,15,4
"160",2020-08-07,30,10,14,15,3,30,10,14,15,3,30,10,14,15,3,30,10,14,15,3
"161",2020-08-08,29,10,13,16,3,29,10,13,16,3,29,10,13,16,3,29,10,13,16,3
"162",2020-08-09,25,7,13,18,3,25,7,13,18,3,25,7,13,18,3,25,7,13,18,3
"163",2020-08-10,22,8,11,17,3,22,8,11,17,3,22,8,11,17,3,22,8,11,17,3
"164",2020-08-11,21,7,10,16,4,21,7,10,16,4,21,7,10,16,4,21,7,10,16,4
"165",2020-08-12,21,8,12,16,4,21,8,12,16,4,21,8,12,16,4,21,8,12,16,4
"166",2020-08-13,24,7,14,14,4,24,7,14,14,4,24,7,14,14,4,24,7,14,14,4
"167",2020-08-14,25,6,16,12,3,25,6,16,12,3,25,6,16,12,3,25,6,16,12,3
"168",2020-08-15,27,6,14,12,3,27,6,14,12,3,27,6,14,12,3,27,6,14,12,3
"169",2020-08-16,23,8,12,10,3,23,8,12,10,3,23,8,12,10,3,23,8,12,10,3
"170",2020-08-17,20,8,13,12,4,20,8,13,12,4,20,8,13,12,4,20,8,13,12,4
"171",2020-08-18,23,8,11,13,5,23,8,11,13,5,23,8,11,13,5,23,8,11,13,5
"172",2020-08-19,22,8,10,14,5,22,8,10,14,5,22,8,10,14,5,22,8,10,14,5
"173",2020-08-20,21,9,9,19,5,21,9,9,19,5,21,9,9,19,5,21,9,9,19,5
"174",2020-08-21,23,9,9,19,5,23,9,9,19,5,23,9,9,19,5,23,9,9,19,5
"175",2020-08-22,19,7,10,20,6,19,7,10,20,6,19,7,10,20,6,19,7,10,20,6
"176",2020-08-23,19,8,10,19,3,19,8,10,19,3,19,8,10,19,3,19,8,10,19,3
"177",2020-08-24,18,6,13,18,2,18,6,13,18,2,18,6,13,18,2,18,6,13,18,2
"178",2020-08-25,23,5,13,17,5,23,5,13,17,5,23,5,13,17,5,23,5,13,17,5
"179",2020-08-26,23,5,16,16,4,23,5,16,16,4,23,5,16,16,4,23,5,16,16,4
"180",2020-08-27,23,5,15,13,5,23,5,15,13,5,23,5,15,13,5,23,5,15,13,5
"181",2020-08-28,19,5,17,13,4,19,5,17,13,4,19,5,17,13,4,19,5,17,13,4
"182",2020-08-29,19,5,16,11,3,19,5,16,11,3,19,5,16,11,3,19,5,16,11,3
"183",2020-08-30,19,6,11,9,4,19,6,11,9,4,19,6,11,9,4,19,6,11,9,4
"184",2020-08-31,19,5,12,11,4,19,5,12,11,4,19,5,12,11,4,19,5,12,11,4
"185",2020-09-01,19,3,12,9,4,19,3,12,9,4,19,3,12,9,4,19,3,12,9,4
"186",2020-09-02,18,3,11,12,5,18,3,11,12,5,18,3,11,12,5,18,3,11,12,5
"187",2020-09-03,17,3,14,15,5,17,3,14,15,5,17,3,14,15,5,17,3,14,15,5
"188",2020-09-04,14,3,12,13,4,14,3,12,13,4,14,3,12,13,4,14,3,12,13,4
"189",2020-09-05,14,3,11,11,4,14,3,11,11,4,14,3,11,11,4,14,3,11,11,4
"190",2020-09-06,15,3,12,12,4,15,3,12,12,4,15,3,12,12,4,15,3,12,12,4
"191",2020-09-07,16,5,12,13,4,16,5,12,13,4,16,5,12,13,4,16,5,12,13,4
"192",2020-09-08,14,6,13,14,4,14,6,13,14,4,14,6,13,14,4,14,6,13,14,4
"193",2020-09-09,17,5,13,14,5,17,5,13,14,5,17,5,13,14,5,17,5,13,14,5
"194",2020-09-10,21,7,10,13,5,21,7,10,13,5,21,7,10,13,5,21,7,10,13,5
"195",2020-09-11,16,7,8,15,4,16,7,8,15,4,16,7,8,15,4,16,7,8,15,4
"196",2020-09-12,13,9,7,14,4,13,9,7,14,4,13,9,7,14,4,13,9,7,14,4
"197",2020-09-13,14,10,8,18,4,14,10,8,18,4,14,10,8,18,4,14,10,8,18,4
"198",2020-09-14,16,10,9,19,4,16,10,9,19,4,16,10,9,19,4,16,10,9,19,4
"199",2020-09-15,14,10,7,16,4,14,10,7,16,4,14,10,7,16,4,14,10,7,16,4
"200",2020-09-16,13,10,6,16,5,13,10,6,16,5,13,10,6,16,5,13,10,6,16,5
"201",2020-09-17,14,11,5,14,4,14,11,5,14,4,14,11,5,14,4,14,11,5,14,4
"202",2020-09-18,18,9,5,15,3,18,9,5,15,3,18,9,5,15,3,18,9,5,15,3
"203",2020-09-19,16,9,6,15,2,16,9,6,15,2,16,9,6,15,2,16,9,6,15,2
"204",2020-09-20,17,9,4,16,2,17,9,4,16,2,17,9,4,16,2,17,9,4,16,2
"205",2020-09-21,18,10,4,18,2,18,10,4,18,2,18,10,4,18,2,18,10,4,18,2
"206",2020-09-22,18,10,6,18,2,18,10,6,18,2,18,10,6,18,2,18,10,6,18,2
"207",2020-09-23,17,13,6,15,3,17,13,6,15,3,17,13,6,15,3,17,13,6,15,3
"208",2020-09-24,16,9,8,17,1,16,9,8,17,1,16,9,8,17,1,16,9,8,17,1
"209",2020-09-25,14,5,8,15,2,14,5,8,15,2,14,5,8,15,2,14,5,8,15,2
"210",2020-09-26,13,5,6,14,2,13,5,6,14,2,13,5,6,14,2,13,5,6,14,2
"211",2020-09-27,13,6,4,14,2,13,6,4,14,2,13,6,4,14,2,13,6,4,14,2
"212",2020-09-28,13,5,4,16,2,13,5,4,16,2,13,5,4,16,2,13,5,4,16,2
"213",2020-09-29,14,5,3,9,0,14,5,3,9,0,14,5,3,9,0,14,5,3,9,0
"214",2020-09-30,13,6,3,9,0,13,6,3,9,0,13,6,3,9,0,13,6,3,9,0
"215",2020-10-01,13,3,2,8,0,13,3,2,8,0,13,3,2,8,0,13,3,2,8,0
"216",2020-10-02,14,2,3,9,2,14,2,3,9,2,14,2,3,9,2,14,2,3,9,2
"217",2020-10-03,14,4,3,9,1,14,4,3,9,1,14,4,3,9,1,14,4,3,9,1
"218",2020-10-04,13,6,5,9,0,13,6,5,9,0,13,6,5,9,0,13,6,5,9,0
"219",2020-10-05,16,7,6,13,1,16,7,6,13,1,16,7,6,13,1,16,7,6,13,1
"220",2020-10-06,18,7,7,14,2,18,7,7,14,2,18,7,7,14,2,18,7,7,14,2
"221",2020-10-07,17,7,7,15,3,17,7,7,15,3,17,7,7,15,3,17,7,7,15,3
"222",2020-10-08,13,6,6,16,5,13,6,6,16,5,13,6,6,16,5,13,6,6,16,5
"223",2020-10-09,16,4,6,16,5,16,4,6,16,5,16,4,6,16,5,16,4,6,16,5
"224",2020-10-10,19,4,8,20,4,19,4,8,20,4,19,4,8,20,4,19,4,8,20,4
"225",2020-10-11,18,5,7,17,3,18,5,7,17,3,18,5,7,17,3,18,5,7,17,3
"226",2020-10-12,16,7,8,16,5,16,7,8,16,5,16,7,8,16,5,16,7,8,16,5
"227",2020-10-13,16,7,7,13,4,16,7,7,13,4,16,7,7,13,4,16,7,7,13,4
"228",2020-10-14,17,7,6,10,3,17,7,6,10,3,17,7,6,10,3,17,7,6,10,3
"229",2020-10-15,14,6,7,13,2,14,6,7,13,2,14,6,7,13,2,14,6,7,13,2
"230",2020-10-16,15,5,10,14,2,15,5,10,14,2,15,5,10,14,2,15,5,10,14,2
"231",2020-10-17,18,4,6,15,2,18,4,6,15,2,18,4,6,15,2,18,4,6,15,2
"232",2020-10-18,20,4,7,14,2,20,4,7,14,2,20,4,7,14,2,20,4,7,14,2
"233",2020-10-19,22,5,8,16,3,22,5,8,16,3,22,5,8,16,3,22,5,8,16,3
"234",2020-10-20,22,10,9,16,8,22,10,9,16,8,22,10,9,16,8,22,10,9,16,8
"235",2020-10-21,16,11,8,19,6,16,11,8,19,6,16,11,8,19,6,16,11,8,19,6
"236",2020-10-22,13,14,6,20,6,13,14,6,20,6,13,14,6,20,6,13,14,6,20,6
"237",2020-10-23,19,16,6,19,7,19,16,6,19,7,19,16,6,19,7,19,16,6,19,7
"238",2020-10-24,19,12,4,19,7,19,12,4,19,7,19,12,4,19,7,19,12,4,19,7
"239",2020-10-25,19,13,7,19,7,19,13,7,19,7,19,13,7,19,7,19,13,7,19,7
"240",2020-10-26,21,10,10,21,6,21,10,10,21,6,21,10,10,21,6,21,10,10,21,6
"241",2020-10-27,19,13,7,20,7,19,13,7,20,7,19,13,7,20,7,19,13,7,20,7
"242",2020-10-28,18,11,8,23,7,18,11,8,23,7,18,11,8,23,7,18,11,8,23,7
"243",2020-10-29,23,12,8,22,5,23,12,8,22,5,23,12,8,22,5,23,12,8,22,5
"244",2020-10-30,21,14,7,20,5,21,14,7,20,5,21,14,7,20,5,21,14,7,20,5
"245",2020-10-31,22,15,6,20,5,22,15,6,20,5,22,15,6,20,5,22,15,6,20,5
"246",2020-11-01,25,15,6,19,5,25,15,6,19,5,25,15,6,19,5,25,15,6,19,5
"247",2020-11-02,27,17,8,20,6,27,17,8,20,6,27,17,8,20,6,27,17,8,20,6
"248",2020-11-03,31,13,9,14,7,31,13,9,14,7,31,13,9,14,7,31,13,9,14,7
"249",2020-11-04,29,12,9,11,7,29,12,9,11,7,29,12,9,11,7,29,12,9,11,7
"250",2020-11-05,31,18,7,10,7,31,18,7,10,7,31,18,7,10,7,31,18,7,10,7
"251",2020-11-06,30,17,8,14,8,30,17,8,14,8,30,17,8,14,8,30,17,8,14,8
"252",2020-11-07,30,14,9,17,9,30,14,9,17,9,30,14,9,17,9,30,14,9,17,9
"253",2020-11-08,30,16,10,22,10,30,16,10,22,10,30,16,10,22,10,30,16,10,22,10
"254",2020-11-09,30,16,10,22,10,30,16,10,22,10,30,16,10,22,10,30,16,10,22,10
"255",2020-11-10,30,15.5,10.5,20,10,30,14.5,10,21,9.5,30.2592592592593,15.6296296296296,9.74074074074079,23,9.7037037037037,29.75,16.9375,10.484375,21.3203125,10.1015625
"256",2020-11-11,30,16,10.5,21,10,30.5,14.5,8.5,19.5,8.5,30.7037037037037,16.074074074074,9.5555555555556,24.1851851851852,8.96296296296296,30.1640625,16.84375,10.9921875,21.1875,10.296875
"257",2020-11-12,30,14.5,10.5,21.5,10,31,18.5,8.5,19.5,8,31.6296296296296,15.6296296296296,9.74074074074079,24.2962962962963,8.85185185185185,29.5390625,17.484375,10.953125,22.0234375,10.2421875
"258",2020-11-13,30,14.5,10.5,20.5,10,30.5,18.5,8,18.5,8.5,30.2962962962963,15.8148148148148,9.92592592592597,22.2592592592593,8.59259259259259,29.98046875,17.9140625,10.71875,21.828125,10.21875
"259",2020-11-14,29.5,13,11.5,22.6,10.5,30,20,8,18,8.5,30.2962962962963,16.2592592592592,9.74074074074079,23.2037037037037,8.77777777777778,29.79296875,18.26953125,10.6484375,22.3125,10.4140625
"260",2020-11-15,29.65,14,12.6,22.15,10.5,29,18.5,8.55,19,9,29.9814814814815,16.3148148148148,9.8518518518519,22.3703703703704,9.33333333333333,29.69140625,18.2578125,10.99609375,23.11328125,10.4296875
"261",2020-11-16,28.65,12.05,12.2,21.65,10.55,29.5,18.55,8.55,16.55,9.55,30.6481481481482,16.4444444444444,9.44444444444449,21.0370370370371,8.72222222222222,30.11328125,18.54296875,10.921875,23.7421875,10.16796875
"262",2020-11-17,28.9,12.2,11.7,19.35,10.15,29.6,18.7,8.1,12.2,9.6,31.3703703703704,16.7592592592592,9.25925925925931,20.0555555555556,9.2037037037037,30.6328125,19.43359375,10.96484375,25.26953125,10.234375
"263",2020-11-18,29.15,10.85,11.2,18.95,9.65,31.75,20.45,8.75,15.05,9.65,31.4074074074074,16.7962962962963,10.0740740740741,19.5,9.07407407407407,31.59375,20.5703125,11.1328125,26.03125,10.55859375
"264",2020-11-19,30.95,10.7,11,19.05,9.2,30.7,19.3,9.95,15.9,10.2,31.7592592592593,16.3148148148148,10.7592592592593,19.8888888888889,9.29629629629629,32.671875,20.94140625,11.140625,26.64453125,10.66015625
"265",2020-11-20,31.1,11.2,11.75,16.8,9.25,31.7,21.55,9.85,16.25,10.45,33.0370370370371,16.2407407407407,10.8888888888889,20.7777777777778,9.68518518518518,33.22265625,21.6171875,11.3828125,28.265625,10.7890625
"266",2020-11-21,30.7,11.65,11.8,17.2,8.8,33.1,20.3,9.55,17.7,10.25,33.2222222222222,16.4814814814815,11.0370370370371,20.9814814814815,9.98148148148148,33.59375,21.8046875,11.7734375,30.1875,11.2578125
"267",2020-11-22,31.35,12.3,11.4,17.15,8.85,34.45,20.35,9.4,16.85,10.95,32.5740740740741,16.8703703703703,10.5555555555556,19.9259259259259,9.98148148148148,34.12109375,23.16015625,11.95703125,31.34375,11.49609375
"268",2020-11-23,31.35,10.8,12.35,18.6,9,33.4,20.05,9.8,16.9,10.2,33.1666666666667,17.574074074074,11.1851851851852,20.7037037037037,10.5555555555556,34.62109375,23.71484375,12.14453125,32.69140625,11.68359375
"269",2020-11-24,32.35,10.65,13.1,20,9.15,32.15,19.7,8.7,16.4,10.4,34.1851851851852,19.037037037037,11.4444444444445,22.0370370370371,10.7407407407407,35.71484375,25,12.75,33.87890625,11.98828125
"270",2020-11-25,32.4,10.35,13.2,19.5,9.3,33.25,20.8,9.35,16.9,10.85,34.9814814814815,20.537037037037,11.9444444444445,24.3333333333334,11.0185185185185,36.9375,25.98828125,12.97265625,34.98046875,12.48046875
"271",2020-11-26,32.25,10.35,13.05,19.9,9.6,34.05,21.4,9.5,17.6,11,35.3703703703704,20.1851851851852,12.2777777777778,25.2222222222222,11.1666666666667,37.5859375,27.36328125,13.484375,36.87890625,12.79296875
"272",2020-11-27,32.4,9.55,13.55,20.85,9.5,32.8,20.6,9.25,20.4,10.9,36.4074074074074,19.9814814814815,12.1481481481482,26.925925925926,11.1851851851852,38.41796875,28.23828125,14.05078125,39.09375,13.25
"273",2020-11-28,32.15,9.95,13.7,22.25,9.7,33.75,23.05,9.9,19.85,11.15,37,20.9074074074074,12.2037037037038,27.2222222222222,11.537037037037,39.5,29.97265625,14.953125,41.1640625,13.69140625
"274",2020-11-29,32.75,10.25,13.2,21.7,9.95,34.65,23.75,10.15,19.9,11.4,37.7222222222222,21.9814814814815,12.1111111111112,29.3333333333334,11.7037037037037,40.359375,31.76171875,15.76953125,43.14453125,13.9296875
"275",2020-11-30,32.45,9.95,12.7,22.9,9.95,33.8,25.05,10.95,20.35,11.65,38.1851851851852,21.8518518518518,12.2037037037038,31.8148148148148,12.2592592592593,41.15234375,33.671875,16.39453125,45.41015625,14.2890625
"276",2020-12-01,32.7,8.6,12.95,22.95,10.05,34.45,24.85,10.85,19.4,11.9,38.7037037037037,23.4259259259259,12.5925925925926,33.1851851851852,12.7037037037037,42.7421875,35.78515625,17.15625,48.21484375,14.9375
"277",2020-12-02,33.05,8.15,13.3,23.55,9.45,34.9,22.95,10.45,21.1,12.1,39.2222222222222,24.3518518518518,12.7037037037038,34,12.7037037037037,44.07421875,37.59375,17.9921875,50.94921875,15.68359375
"278",2020-12-03,33.45,7.3,12.45,22.65,9.45,35.7,23.55,11.1,23.1,12.45,39.5740740740741,25.8518518518518,13.5740740740741,34.6481481481482,12.9444444444444,45.71875,40.171875,18.57421875,53.6015625,16.3515625
"279",2020-12-04,32.4,6.6,12.65,22.5,9.35,35.45,24.1,11.3,24.4,12.85,39.7962962962963,27.037037037037,13.6111111111112,36.4814814814815,12.7407407407407,47.5546875,42.80078125,19.66015625,56.3828125,16.734375
"280",2020-12-05,32.8,7.2,11.7,22.5,9.35,36,24.4,11.7,25.15,13.05,40.1666666666667,28.6851851851852,13.8888888888889,38.1111111111111,12.6111111111111,49.421875,45.62109375,20.7734375,59.36328125,17.359375
"281",2020-12-06,32.7,6.6,11.9,22.8,8.85,36,24.1,12.2,24.5,13.2,41.2962962962963,29.3518518518518,13.925925925926,39.6666666666667,12.7962962962963,51.265625,48.48828125,21.71484375,63.35546875,18.01953125
"282",2020-12-07,33.1,6.55,11.8,22.4,8.4,36.3,23.85,12.85,24.45,12.8,41.6481481481482,31.0185185185185,14.2962962962963,41.5925925925926,13.1296296296296,52.83203125,51.640625,22.79296875,66.63671875,18.703125
"283",2020-12-08,33.6,7.05,11.15,23,8.4,36.9,24.35,13.1,25.5,13.2,42.9814814814815,32.5555555555555,14.962962962963,43.5555555555556,13.8148148148148,54.95703125,54.59375,23.8125,70.41796875,19.6953125
"284",2020-12-09,33.45,7.15,11.35,22.6,8.65,37.45,23.8,13.15,27,12.95,44.1851851851852,34.5,15.462962962963,45.1666666666667,14.0740740740741,57.6796875,58.05859375,24.72265625,74.82421875,20.58203125
"285",2020-12-10,32.8,8.05,11.55,21.7,8.7,37.85,24.85,14.1,28.3,12.95,44.7962962962963,35.7222222222222,16.425925925926,47.3888888888889,14.2407407407407,60.04296875,61.78515625,25.953125,79.79296875,21.47265625
"286",2020-12-11,32.6,8.35,11.55,21.95,8.25,38.55,25.75,14.65,28.35,13.4,45.1851851851852,37.2222222222222,16.7962962962963,49.5,14.5740740740741,62.55859375,65.78125,27.453125,84.8671875,22.48828125
"287",2020-12-12,32.65,9,11.75,21.4,8.3,39.15,26.55,14.85,29.5,13.4,45.8333333333333,38.9444444444444,17.3333333333334,52.2592592592593,14.8703703703704,65.27734375,70.0625,28.90625,90.6953125,23.609375
"288",2020-12-13,32.4,8.35,11.6,21.6,8.7,39.5,27.5,15.55,31.05,13.7,46.6481481481482,40.1851851851852,18.1481481481482,54.2222222222222,15.2777777777778,68.6171875,73.98046875,30.4609375,96.28125,24.9453125
"289",2020-12-14,32.35,8.95,11.5,21.3,8.65,39.8,27.8,15.65,31.7,13.8,47.8333333333333,42,18.7222222222223,56.4814814814815,16.0925925925926,71.75390625,78.78125,32.31640625,102.296875,26.44921875
"290",2020-12-15,31.95,9.2,11.6,21.6,8.6,40.1,28.5,16.15,34,13.95,48.9814814814815,43.8333333333333,19.3333333333334,58.7592592592593,16.5925925925926,75.37890625,84.4375,33.98046875,109.23046875,27.82421875
"291",2020-12-16,31.65,9.1,10.95,21.55,8.4,40.85,27.85,15.9,34.1,14,50.4814814814815,45.9629629629629,19.5740740740741,60.5740740740741,16.7037037037037,79.04296875,90.14453125,36.09375,116.34765625,29.22265625
"292",2020-12-17,31.6,9.85,11.05,21.3,8.4,42.05,28.1,16.2,34.95,14.1,51.6481481481482,47.6851851851852,20.3703703703704,63.5740740740741,17.4074074074074,82.8671875,95.625,38.421875,123.5546875,31.046875
"293",2020-12-18,31.3,9.4,10.75,21.2,8.45,42.1,29.65,16.35,36.2,14.1,52.8518518518519,50.4444444444444,21.0925925925926,66.0555555555556,18.1111111111111,87.21484375,101.296875,40.87890625,130.6875,32.87890625
"294",2020-12-19,31.65,9.6,10.9,21.35,8.4,43,30.5,15.7,37.5,14.3,54.2222222222222,52.5185185185185,21.9074074074075,68.6296296296296,18.8518518518518,91.25,107.546875,43.36328125,138.05078125,34.58203125
"295",2020-12-20,31.85,9.75,10.95,21,8.35,42.75,30.8,16.1,37.55,15,56.2592592592593,54.1111111111111,22.8148148148149,71.8518518518519,19.5740740740741,95.55078125,114.34765625,46.02734375,146.03515625,36.53515625
"296",2020-12-21,32.1,9.8,10.95,21.15,8.35,43,31.85,16.7,38.85,15.15,57.5370370370371,56.5185185185185,23.5185185185186,74.5,20.2592592592593,100.12890625,120.84765625,48.54296875,154.04296875,38.31640625
"297",2020-12-22,32.05,9.55,10.8,21.75,8.25,43.4,31.95,16.95,40.7,15.6,58.7592592592593,58.5555555555555,24.3888888888889,77.1296296296296,21.0555555555556,104.578125,127.2421875,51.23828125,162.84375,40.26171875
"298",2020-12-23,32.05,9.9,11.45,21.75,8.35,44.55,33.45,17.45,41.45,15.6,61.0555555555556,60.8148148148148,25.3703703703704,80.1296296296296,22.037037037037,109.421875,133.8203125,54.19921875,172.24609375,42.203125
"299",2020-12-24,32.25,9.75,11.25,22.5,8.45,44.8,35.75,17.9,43.3,16.1,62.4259259259259,62.4814814814815,26.1851851851852,82.6481481481482,22.9074074074074,114.609375,141.2109375,56.7734375,180.94140625,43.84765625
"300",2020-12-25,32.45,10.2,11.45,22.9,8.4,45.25,36.35,17.95,44.45,16.15,63.5740740740741,64.9259259259259,27.3148148148149,85.3703703703704,23.2222222222222,120.328125,148.859375,59.91796875,190.6953125,45.93359375
"301",2020-12-26,32.45,10.05,11.25,23,8.55,46.3,37.2,18.4,46.05,16.35,65.7037037037037,67.3333333333333,28.2777777777778,87.7222222222223,23.962962962963,126.07421875,156.51171875,62.734375,200.75,48.0703125
"302",2020-12-27,32.7,10.35,11.45,22.7,8.55,46.4,38,18.9,47.25,16.6,67.1111111111111,69.574074074074,29.2037037037038,90.8148148148148,24.8518518518518,131.9609375,164.9296875,66.1015625,211.73046875,50.21484375
"303",2020-12-28,32.4,10.55,11.1,22.95,8.6,48.25,38.85,18.8,49.55,17,68.9259259259259,71.5,30.2592592592593,93.7777777777778,25.9814814814815,137.8671875,173.6796875,69.45703125,222.03515625,52.859375
"304",2020-12-29,32.1,10.85,11.05,22.6,8.45,48.75,39.6,18.75,50.75,17.2,70.2037037037037,74.5185185185185,31.1111111111112,96.962962962963,27.0555555555556,143.80078125,182.07421875,72.83984375,233.234375,55.29296875
"305",2020-12-30,31.8,10.95,11,22.25,8.45,49.3,41.05,19.7,52.25,17.65,72.5555555555556,77.2777777777777,32.2037037037038,101.685185185185,28.0185185185185,150.24609375,190.2578125,76.390625,244.765625,58.01171875
"306",2020-12-31,31.85,11,10.95,22.3,8.7,49.25,42.65,20.05,54.55,18.25,75.0370370370371,80.4259259259259,33.3518518518519,105.203703703704,28.4259259259259,156.390625,199.61328125,80.4609375,256.22265625,60.66015625
"307",2021-01-01,31.9,11.45,10.8,22.1,8.85,49.55,43.6,20.35,55.45,18.5,77.9259259259259,84.7592592592592,34.6666666666667,108.685185185185,29.2962962962963,162.8671875,208.9921875,84.44140625,269.57421875,63.22265625
"308",2021-01-02,31.95,11.45,10.65,21.9,8.9,50.15,44.8,20.85,56.75,18.75,80.0555555555556,87.7407407407407,36.2592592592593,112.018518518519,30.5,169.49609375,218.81640625,88.09765625,282.05078125,65.84765625
"309",2021-01-03,31.95,11.55,10.55,22.05,8.85,50.35,45.95,21.6,58.8,18.95,82.3703703703704,90.3518518518518,37.2592592592593,117.055555555556,31.0185185185185,176.83203125,228.6328125,92.359375,295.2890625,68.9765625
"310",2021-01-04,31.4,11.45,10.3,22.3,8.85,50.6,46.5,22.8,59.4,18.95,84.7962962962963,93.7037037037037,38.8518518518519,121.759259259259,31.6851851851852,184.109375,238.29296875,96.703125,308.96875,72.11328125
"311",2021-01-05,31.35,11.2,10.2,22.9,8.9,50.8,48.25,23,61.15,18.9,87.7962962962963,96.9074074074074,40.2222222222223,127.259259259259,32.4074074074074,191.52734375,249.2890625,101.23046875,324.1953125,75.25
"312",2021-01-06,30.75,11.1,10.25,22.6,9.05,51.15,49.35,23.45,62.8,19.35,90.6666666666667,99.4629629629629,41.7407407407408,132.351851851852,33.7407407407407,199.34765625,260.55078125,106.546875,339.35546875,77.98046875
"313",2021-01-07,30.85,10.05,10,23.25,8.65,52.75,51.25,24.15,64.8,20,92.7962962962963,104.277777777778,43.1666666666667,137.944444444444,34.6851851851852,207.578125,272.16015625,111.9375,355.05078125,82.1640625
"314",2021-01-08,30.8,10,9.9,23.1,8.85,53.9,53.45,25,67.2,20.8,95.425925925926,109.092592592593,44.8333333333334,143.722222222222,36.2592592592593,216.76171875,284.1875,116.96875,371.03125,85.68359375
"315",2021-01-09,31.05,9.75,9.75,23,8.85,55.1,55.55,25.2,69.25,21.6,98.6666666666667,112.074074074074,46.3703703703704,149.333333333333,37.8333333333333,225.51953125,296.265625,122.59765625,387.44921875,89.80078125
"316",2021-01-10,30.85,9.45,9.45,22.7,8.8,56.45,56.65,25.65,70.95,22.85,101.685185185185,116.981481481481,47.9444444444445,152.462962962963,39.537037037037,234.421875,308.14453125,128.06640625,404.703125,93.125
"317",2021-01-11,30.95,9.2,9.15,22.65,8.85,58.1,59.6,26.05,71.7,23.15,104.277777777778,121.592592592593,49.8148148148149,157.962962962963,41.0740740740741,244.0234375,320.5546875,133.671875,422.66015625,97.09765625
"318",2021-01-12,30.95,9.6,8.9,22.6,8.9,59.95,61.55,26.75,74.9,23.75,107.796296296296,125.462962962963,51,163.296296296296,41.537037037037,254.16015625,333.02734375,139.46875,440.2734375,101.4375
"319",2021-01-13,31.35,9.45,9.2,23,8.9,61.6,63.45,28.05,78.05,24.6,110.055555555556,130.018518518518,53.0925925925926,168.62962962963,42.8148148148148,263.85546875,345.296875,145.6875,457.01953125,105.5625
"320",2021-01-14,31.3,9.35,9.25,22.3,8.85,63.3,65.7,28.8,79.6,25.45,113.481481481481,134.185185185185,54.425925925926,173.555555555556,43.7777777777778,273.3203125,357.63671875,151.28125,473.734375,109.3203125
"321",2021-01-15,31.45,9.4,9.45,22.3,8.9,65.3,67.3,29.55,81.55,26.1,116.888888888889,138,55.6111111111112,178.592592592593,44.5185185185185,283.015625,369.82421875,156.546875,491.5390625,113.65234375
"322",2021-01-16,31.45,9.35,9.65,22.75,8.85,66.85,70.4,29.7,85.6,26.7,119.240740740741,142.185185185185,57.3518518518519,183.759259259259,45.3333333333333,293.52734375,381.48828125,162.54296875,508.8203125,118.1015625
"323",2021-01-17,31.25,9.15,9.7,23,8.7,68.65,72.5,30.7,88.5,26.85,121.703703703704,146.111111111111,58.7592592592593,187.185185185185,46.6111111111111,303.921875,393.671875,168.73828125,527.234375,122.26953125
"324",2021-01-18,30.85,9.1,9.95,22.75,8.6,71.05,74.5,31.05,91.05,27.55,122.796296296296,149.518518518518,59.9444444444445,192.222222222222,47.2962962962963,314.1484375,406.07421875,175.0703125,545.32421875,126.0546875
"325",2021-01-19,30.8,9,10.15,22.65,8.55,72.15,77.75,32.6,92.45,28.35,126.185185185185,152.092592592593,61.425925925926,195.62962962963,47.7407407407407,324.9140625,417.8515625,181.59765625,563.02734375,130.16015625
"326",2021-01-20,30.85,8.95,10.2,22.1,8.55,73.45,79.15,33.45,95.1,29.3,128.925925925926,155.203703703704,62.5740740740741,201.240740740741,48.4444444444444,335.31640625,429.71875,188.05078125,581.53515625,134.23046875
"327",2021-01-21,31.25,8.55,10.35,21.6,8.45,74.65,81.2,35,97.85,29.5,131.462962962963,159.111111111111,64.2777777777778,206.259259259259,49.3518518518518,345.41015625,440.88671875,194.40234375,599.4921875,138.2890625
"328",2021-01-22,31.25,8.45,10.3,21.5,8.4,76,82.4,34.95,100.35,30.35,134.203703703704,161.703703703704,65.7222222222223,210.444444444444,50.1296296296296,355.6484375,451.91015625,200.77734375,616.83203125,142.328125
"329",2021-01-23,31.05,8.4,10.8,22.35,8.5,78.05,83.4,35.55,104.8,30.7,137,164.537037037037,67.4074074074075,213.481481481482,51.8148148148148,366.01953125,462.5546875,207.5625,634.88671875,145.80859375
"330",2021-01-24,30.8,8.2,10.7,22.2,8.55,79.15,85.2,36.5,107.75,31.15,140.611111111111,168.666666666667,69.2962962962963,218.074074074074,53.4259259259259,374.765625,473.73046875,214.10546875,652.421875,149.65234375
"331",2021-01-25,31.1,8.15,10.55,21.7,8.55,79.45,86.7,37.6,109.75,31.05,142.444444444444,172.074074074074,70.5000000000001,222.277777777778,54.2407407407407,383.79296875,483.6484375,219.8125,670.640625,153.28125
"332",2021-01-26,30.9,8.75,10.35,21.6,8.55,81.35,87.55,38.55,113.5,31.75,144.388888888889,175.87037037037,72.0740740740741,226.148148148148,55.4259259259259,392.421875,493.76953125,225.625,685.9140625,156.73046875
"333",2021-01-27,31.55,8.9,10.6,21.45,8.45,84.4,91.6,39.9,116.15,32.65,147.037037037037,177.277777777778,73.6851851851852,231.148148148148,56.1666666666667,401.56640625,503.7890625,231.16796875,702.625,159.96484375
"334",2021-01-28,31.6,8.8,10.75,21.2,8.4,86.7,93.7,40.65,119.65,33.8,149.833333333333,181.925925925926,75.7037037037038,236.166666666667,57.3148148148148,409.91015625,513.45703125,235.70703125,719.15625,163.6015625
"335",2021-01-29,32.2,8.65,10.7,21.3,8.65,88.4,97.05,40.7,122.6,34.05,153.12962962963,185.259259259259,76.962962962963,243.259259259259,58.7222222222222,419.03515625,521.9765625,241.171875,734.01171875,166.484375
"336",2021-01-30,32.5,8.5,10.45,21.05,8.95,90.9,99.7,42.3,125.4,34.15,156.666666666667,189.296296296296,78.7777777777778,249.092592592593,59.8333333333333,427.59375,528.50390625,246.21484375,748.375,169.0546875
"337",2021-01-31,32.65,7.3,10.8,20.75,9.15,92.95,101.4,43.3,129.15,34.05,160.092592592593,192.648148148148,81.1111111111112,255.777777777778,61.6296296296296,435.21484375,536.09765625,251.21875,762.8125,171.6328125
"338",2021-02-01,32.5,7.5,11.1,21.1,9.15,94.35,104.9,44.15,134.95,35.05,163.666666666667,195.481481481481,83.5370370370371,262.907407407407,63.537037037037,443.03515625,542.421875,255.703125,776.0703125,173.9140625
"339",2021-02-02,32.6,7.45,11.1,21.4,9.05,95.65,106.85,44.2,137.9,35.8,166.537037037037,199.796296296296,85.8333333333334,268,64.9814814814815,450.515625,548.8125,260.27734375,788.46484375,176.16796875
"340",2021-02-03,33.3,7.55,11.25,21.3,9.15,97.95,108.15,45.1,139.45,36.2,169.833333333333,203.648148148148,88.1296296296297,275.018518518519,65.9074074074074,456.87109375,554.37890625,264.875,800.1328125,177.91015625
"341",2021-02-04,33.35,7.75,11.25,21.35,9.15,99.5,111.1,45.75,142.5,37.1,173.388888888889,207.851851851852,91.1851851851852,282.62962962963,67.1666666666667,462.8984375,559.70703125,269.40234375,810.796875,179.6640625
"342",2021-02-05,33.45,8.05,11,20.35,9.2,100.85,112.35,46.6,145.35,37.75,176.074074074074,211.425925925926,92.7037037037038,288.833333333333,67.8888888888889,468.51171875,564.21484375,272.9375,819.3125,180.99609375
"343",2021-02-06,33.6,8.5,10.9,20.85,8.95,100.75,115.65,47.35,148.85,38.5,180.222222222222,216.574074074074,94.8703703703704,295.888888888889,69.2222222222222,472.78515625,567.140625,275.9375,825.7265625,181.8828125
"344",2021-02-07,33.65,8.75,10.9,20.7,9,101.8,118.55,47.6,151.15,39.25,183.074074074074,219.796296296296,96.925925925926,302.481481481481,70.0555555555556,476.00390625,570.23046875,278.328125,832.546875,182.4296875
"345",2021-02-08,34.15,9.6,10.45,20.65,8.95,103.25,118.35,47.7,154.55,40.35,186.055555555556,222.759259259259,98.2592592592593,308.259259259259,71.4444444444444,477.5703125,570.58203125,279.7734375,836.17578125,182.60546875
"346",2021-02-09,34.5,9.75,10.5,20.5,8.95,104.45,121,49.45,157.2,40.65,188.814814814815,226.351851851852,99.5925925925927,313.277777777778,72.2037037037037,478.59765625,570.02734375,280.86328125,838.80078125,182.921875
"347",2021-02-10,34.65,9.4,10.9,20.9,8.95,104.9,121.05,50.8,160.8,40.75,190.851851851852,230.296296296296,101.37037037037,319.444444444444,72.8148148148148,478.01953125,568.48828125,282.08203125,839.3828125,182.703125
"348",2021-02-11,34.05,9.35,10.85,21.3,9.1,104.7,121.9,52,162.4,40.85,193.962962962963,232.981481481481,102.481481481482,324.444444444444,73.962962962963,477.3046875,565.62109375,283.00390625,838.48828125,181.81640625
"349",2021-02-12,33.5,9.5,10.85,21.05,9.2,106.25,123.15,54.05,164,41.35,196.148148148148,235.944444444444,103.722222222222,327.851851851852,75.1481481481481,476.0546875,562.171875,281.5078125,835.796875,180.3359375
"350",2021-02-13,33,9.1,10.85,21.45,9.2,107.4,124.6,55.4,166.1,41.55,198.111111111111,236.259259259259,105.314814814815,330.740740740741,75.7962962962963,474.32421875,557.95703125,281.06640625,830.93359375,179.015625
"351",2021-02-14,32.9,9,11.1,21.35,9.2,108.55,125.6,56.35,169.35,42.05,200.222222222222,238.555555555556,106.148148148148,334.685185185185,76.2962962962963,471.30078125,551.421875,279.28125,826.13671875,177.20703125
"352",2021-02-15,32.85,9,11.1,21.25,9.05,110,127.35,56.35,170.8,43.2,201.759259259259,240.777777777778,107.5,337.87037037037,77.6111111111111,468.73828125,545.10546875,277.57421875,819.484375,175.234375
"353",2021-02-16,32.5,8.9,11.25,21.7,8.95,110.5,127.6,57.1,172.15,43.75,203.592592592593,242.888888888889,108.740740740741,341.425925925926,77.8518518518518,465.34375,537.4453125,275.72265625,811.16015625,172.94921875
"354",2021-02-17,32.65,9.15,11.55,21.05,9.25,111.55,129.25,57.2,173.7,44.75,205.555555555556,243.925925925926,109.407407407407,345.574074074074,79.0555555555556,460.5390625,529.84765625,273.03125,801.8515625,170.421875
"355",2021-02-18,32.9,9.5,11.3,21.15,9.45,112.8,131.95,58.2,174.95,44.8,206.962962962963,246,110.037037037037,348.185185185185,79,456.23046875,520.75390625,270.60546875,792.828125,167.6171875
"356",2021-02-19,32.95,9.65,11.3,21.1,9.45,114.1,133.55,58.1,179.2,45.1,207.925925925926,246.648148148148,111.611111111111,350.518518518519,79.0185185185185,450.10546875,511.71484375,267.4609375,783.17578125,164.74609375
"357",2021-02-20,33.2,9.3,11,21.6,9.7,114.65,135.25,58.9,180.1,46.2,209.240740740741,248.018518518519,111.722222222222,353.277777777778,79.9444444444444,445.06640625,502.58984375,264.4296875,770.9609375,162.08203125
"358",2021-02-21,32.6,9.55,10.95,21.95,9.8,116.35,136.5,59.65,182.8,47.25,211.425925925926,250.166666666667,112.62962962963,355.018518518519,80.3888888888889,438.10546875,492.52734375,260.6875,759.41796875,159.5625
"359",2021-02-22,32.2,9.65,10.6,21.9,9.7,118.25,138.5,61.05,184.5,48,212.037037037037,251.666666666667,113.592592592593,358.12962962963,80.4259259259259,432.33203125,483.3515625,257.59765625,748.18359375,156.65625
"360",2021-02-23,32.6,9.45,11,22.4,9.8,120.2,140.65,62.5,184.75,47.35,212.518518518519,252.37037037037,114.555555555556,359.648148148148,81.8333333333333,425.78515625,473.55078125,253.9921875,737.59765625,154.23828125
"361",2021-02-24,32.55,9.65,10.95,22.6,9.65,122.75,142.8,63.75,187.3,48.45,213.018518518519,253.722222222222,116,361.648148148148,82.1851851851852,418.55078125,463.734375,250.21875,725.46875,150.96484375
"362",2021-02-25,32.85,9.4,10.85,22.3,9.5,124.3,145.85,65,191.55,49.85,213.685185185185,255.185185185185,117.425925925926,363.018518518519,82.6296296296296,410.9296875,454.40234375,246.546875,713.640625,147.57421875
"363",2021-02-26,32.55,9.25,11.3,23.2,9.45,126.5,147.8,65.8,196.7,50.55,214.462962962963,254.537037037037,119.240740740741,364.111111111111,83.1481481481481,404.1328125,444.79296875,242.47265625,700.78125,144.5234375
"364",2021-02-27,32.55,9.35,11.3,22.85,9.5,128.35,150.75,67.65,201.1,50.5,214.685185185185,255.462962962963,120.111111111111,366.62962962963,83.7037037037037,397.19921875,435.31640625,238.47265625,688.625,141.62109375
"365",2021-02-28,32.75,9.75,11.65,23.55,9.4,130.65,154,68.25,205.4,51.45,215.388888888889,255.648148148148,120.888888888889,365.314814814815,83.8518518518518,389.88671875,425.6796875,234.16796875,676.24609375,138.7890625
"366",2021-03-01,32.55,9.55,11.65,23,9.25,133.35,156.4,70.6,209.25,51.85,216.296296296296,255.314814814815,121.537037037037,367.074074074074,83.6851851851852,381.80859375,415.890625,230.0078125,662.87890625,135.7421875
"367",2021-03-02,32.35,9.6,12,23.5,9.35,134.3,160.4,71.5,210.95,52.35,217.351851851852,255.833333333333,121.462962962963,368.407407407407,84.4259259259259,374.72265625,405.7421875,225.76171875,648.515625,132.296875
"368",2021-03-03,32.75,9.65,11.8,23,9.3,136.3,162.7,73.25,214.95,53,218.037037037037,255.148148148148,122.444444444444,369.314814814815,84.7037037037037,367.52734375,395.0859375,220.92578125,634.66015625,129.23046875
"369",2021-03-04,32.65,9.4,11.45,23.25,9.45,137,164.95,73.85,219.7,53.35,218.685185185185,256.351851851852,121.444444444444,369.185185185185,84.6111111111111,359.0546875,384.7265625,216.02734375,620.09765625,126.109375
"370",2021-03-05,32.45,9.45,11.15,22.85,9.55,138.65,164.9,73.65,222.45,54.2,218.777777777778,255.5,120.685185185185,367.981481481481,84.2777777777778,350.90234375,374.24609375,210.82421875,605.25390625,122.9375
"371",2021-03-06,32.45,9.05,10.95,22.8,9.55,141.55,165.15,74,227.6,54.35,218.444444444444,253.388888888889,120.981481481482,367.740740740741,84.5185185185185,341.6484375,363.87890625,206.4453125,589.359375,119.21484375
"372",2021-03-07,32.65,8.75,11.15,22.95,9.65,142.95,167.55,74.4,228.65,54.65,218.537037037037,252.5,120.777777777778,366.851851851852,84.3888888888889,333.25,352.85546875,201.234375,573.03125,115.921875
"373",2021-03-08,32.25,8.25,10.95,23.05,9.95,146.7,167.45,75.15,229.85,56.35,217.703703703704,250.925925925926,120.648148148148,367.296296296296,84.0740740740741,324.3359375,341.27734375,195.84375,557.41796875,112.51953125
"374",2021-03-09,32.05,8.1,10.45,23.3,9.9,146.3,168.9,75.95,228.6,56.25,218.333333333333,248.981481481481,119.666666666667,364.333333333333,83.7407407407407,314.61328125,330.26953125,190.546875,540.30859375,108.62890625
"375",2021-03-10,31.8,7.2,10.2,23.6,9.8,148.1,167.15,76.5,227.7,56.2,216.296296296296,247.222222222222,120.037037037037,363.981481481481,83.037037037037,305.4453125,319.51171875,184.953125,524.5546875,105.1328125
"376",2021-03-11,31.85,7.05,9.8,23.1,9.85,147.95,167.8,78.7,230.6,57.55,215.62962962963,246.407407407407,119.685185185185,362.703703703704,83.5555555555556,296.94921875,308.4609375,179.0859375,508.92578125,101.6875
"377",2021-03-12,31.7,6.6,9.9,23.15,9.9,148.85,168.8,78.2,231.8,57.85,216.148148148148,246.37037037037,119.296296296296,360.888888888889,82.6481481481481,287.640625,297.8984375,173.37890625,491.9453125,98.62109375
"378",2021-03-13,31.35,6.35,9.85,22.95,9.95,149,167.65,78.35,233.2,58.75,216.722222222222,245.259259259259,118.62962962963,359.814814814815,82.2962962962963,278.859375,287.67578125,167.3515625,475.14453125,95.09765625
"379",2021-03-14,31.2,6.45,10.2,22.55,10.05,149.35,167.7,79.1,236.15,59.05,216,244.018518518519,118.666666666667,356.407407407407,81.8333333333333,269.66015625,276.5546875,161.87890625,459.15625,91.4921875
"380",2021-03-15,31.1,6.1,10.2,22.7,9.8,149.55,168.85,80.35,235.75,58.6,214.833333333333,242.703703703704,117.907407407407,355.185185185185,81.5740740740741,261.5546875,265.86328125,156.34765625,443.27734375,88.3125
"381",2021-03-16,31.35,5.8,10.2,22.6,9.8,149.8,168.7,80,234.1,58.65,213.481481481481,240.62962962963,116.851851851852,353.351851851852,80.7222222222222,252.15234375,255.765625,150.828125,426.9375,84.9375
"382",2021-03-17,31.2,5.95,10.45,22.45,9.7,148.9,169.55,79.9,235.05,58.6,212.333333333333,240.222222222222,115.962962962963,351.222222222222,80.1296296296296,243.26171875,246.54296875,145.36328125,411.3125,81.6484375
"383",2021-03-18,30.7,6.15,10.45,22.9,9.7,147.8,170.6,80.15,235.1,58.25,211.12962962963,238.944444444444,115.37037037037,349.37037037037,79.8518518518518,234.8203125,236.99609375,140.06640625,395.88671875,79.0546875
"384",2021-03-19,30.45,6.55,10.55,22.3,9.65,150.45,169.9,80.2,236.95,57.8,210.685185185185,236.407407407407,114.592592592593,346.759259259259,79.8148148148148,226.9375,227.03125,135.04296875,380.44921875,76.20703125
"385",2021-03-20,30.35,6.9,10.35,22.35,9.6,151.4,171.05,80.05,238.25,57.9,208.851851851852,233.611111111111,114.574074074074,345.018518518519,79.8518518518518,219,218.13671875,129.87109375,366.50390625,73.0625
"386",2021-03-21,30.65,6.85,10.15,21.8,9.7,152.65,168.6,79.85,238.3,57.4,208.407407407407,231.703703703704,113.203703703704,344.814814814815,79.1851851851852,211.44140625,208.5546875,125.078125,352.046875,70.234375
"387",2021-03-22,30.4,7.15,10.45,21.65,9.95,150.75,169.05,80.05,240.55,57.15,207.759259259259,230.203703703704,112.87037037037,343.703703703704,79.1296296296296,204.12890625,200.46484375,120.68359375,338.05859375,67.78125
"388",2021-03-23,30.85,8,10.05,21.8,9.95,149.4,169.15,79,241.55,57.45,206.814814814815,229.796296296296,112.462962962963,341.444444444444,77.8703703703704,197.0390625,192.171875,116.265625,324.87109375,65.2265625
"389",2021-03-24,31.2,9.2,9.5,21.3,9.65,151.25,170.5,80.35,241.5,57.45,206.148148148148,228.148148148148,112.092592592593,339.37037037037,77.4814814814815,190.60546875,184.296875,111.71875,311.53515625,62.75
"390",2021-03-25,31.5,9.6,9.65,21.25,9.4,152.7,170.6,79.9,240.1,59.6,205.296296296296,227.518518518518,111.240740740741,337.203703703704,77.1296296296296,183.58203125,176.21484375,107.52734375,298.66796875,60.46875
"391",2021-03-26,31.55,9.55,9.5,21.65,9.75,150.7,170.4,79.9,241.15,60.5,204.962962962963,225.481481481481,111.240740740741,333.166666666667,77.1296296296296,176.97265625,168.29296875,102.89453125,285.96484375,58.44140625
"392",2021-03-27,31.55,9.65,9.5,21.65,9.7,150.3,170.7,78.6,243.45,60.35,204.240740740741,223.092592592593,109.666666666667,330.648148148148,76.6481481481481,169.8203125,160.1875,98.94921875,273.38671875,56.47265625
"393",2021-03-28,31.75,9.9,9.65,21.45,9.8,151.25,171.3,79.45,243.7,60.55,201.574074074074,220.833333333333,107.851851851852,325.62962962963,76.3888888888889,162.87109375,152.48046875,94.50390625,261.671875,54.2578125
"394",2021-03-29,31.65,10.25,10,21.25,9.8,149.85,171.5,78.7,243.1,61.8,198.444444444444,218.685185185185,106.296296296296,320.407407407407,74.7407407407407,156.6796875,145.4921875,90.03515625,249.67578125,51.7578125
"395",2021-03-30,32,9.55,9.75,21,10.05,150.3,170.8,78.7,241.85,61.8,195.592592592593,215,106.055555555556,313.925925925926,73.537037037037,150.21484375,138.34765625,85.92578125,237.59375,49.45703125
"396",2021-03-31,32.2,9.85,9.85,21,10,150.2,168.85,79.5,239.75,60.8,192.574074074074,210.5,103.259259259259,308.851851851852,72,143.6640625,131.203125,81.9609375,226.3515625,47.2265625
"397",2021-04-01,31.85,9.9,9.6,21.95,10,148.25,169,79.45,240.05,60.45,189.685185185185,205.333333333333,101.407407407407,302.777777777778,71.3888888888889,137.40234375,124.26953125,77.6875,214.75,45.21875
"398",2021-04-02,31.95,9.65,9.65,21.2,9.9,145.85,168.7,80.1,237.8,60.15,186.166666666667,200.574074074074,99.9814814814815,296.166666666667,69.6666666666667,131.4921875,117.58984375,73.69140625,203.83203125,43.30859375
"399",2021-04-03,32.1,9.65,9.45,21.2,9.75,145.4,166.85,80.95,235.8,59.45,182.055555555556,195.907407407407,98.0185185185186,288.833333333333,68.2222222222222,126.06640625,110.94140625,70.36328125,193.77734375,41.36328125
"400",2021-04-04,32,9.4,9.3,21.05,9.5,145.65,164.55,80.5,233,59.8,178.888888888889,190.740740740741,96.5740740740741,282.166666666667,66.5185185185185,120.34765625,104.73828125,66.58203125,183.6953125,39.38671875
"401",2021-04-05,31.65,8.95,9.1,21.35,9.45,144.75,161.55,80.15,230.25,58.65,174.907407407407,185.722222222222,94.6111111111112,275.907407407407,64.7037037037037,114.83984375,98.98828125,63.23828125,173.58203125,37.484375
"402",2021-04-06,31.8,8.65,8.8,22.2,9.35,145.7,160,80.1,228.85,58.7,171.222222222222,181.12962962963,92.3518518518519,269.814814814815,63.1851851851852,109.22265625,93.38671875,59.90625,164.68359375,35.69921875
"403",2021-04-07,31.65,9.05,8.85,21.45,9.35,144.35,159.95,79.55,227.25,58.3,166.685185185185,175.907407407407,90.5185185185186,262.12962962963,61.6111111111111,103.6796875,88.5234375,57.0703125,155.76953125,34.07421875
"404",2021-04-08,31.15,8.8,9.15,21.85,9.6,143.75,159.6,78.6,222.75,57.6,162.833333333333,171.444444444444,88.6666666666667,255.185185185185,60,98.88671875,83.62109375,53.9140625,147.328125,32.40625
"405",2021-04-09,31.4,9.25,9.1,21.75,9.6,143.9,159.15,77.85,220.9,57.05,159.111111111111,166.185185185185,86.425925925926,248.444444444444,58.1851851851852,94.41796875,78.60546875,50.65625,138.71484375,31.05078125
"406",2021-04-10,31.7,9.65,9.1,20.8,9.5,141.55,158.8,76.1,220.4,56.8,154.944444444444,161.092592592593,84.3703703703704,240.777777777778,56.4074074074074,90.25,73.92578125,47.9453125,130.94140625,29.53515625
"407",2021-04-11,31.25,9.45,9.3,20.95,9.5,141.6,156.1,75.95,216.7,55.55,151.425925925926,156.333333333333,81.925925925926,235.407407407407,55.0185185185185,86.1171875,69.36328125,45.37109375,123.7578125,28.19140625
"408",2021-04-12,31.75,9.45,8.95,20.85,9.45,140,155.55,75.35,216.65,54.65,147.777777777778,151.611111111111,79.6851851851852,228.351851851852,53.537037037037,82.00390625,64.9765625,43.12109375,116.6953125,26.8515625
"409",2021-04-13,31.6,9.8,9.1,21.45,9.5,139.7,153.5,74.45,214.5,54.3,144.092592592593,147.148148148148,77.7962962962963,221.925925925926,51.6851851851852,78.41796875,60.95703125,40.76171875,110.2734375,25.5
"410",2021-04-14,31.2,10.15,9.2,20.85,9.55,138.85,151.85,74.75,211.55,53.25,141.074074074074,142.666666666667,75.5185185185186,215.888888888889,50.0740740740741,75.23828125,57.19140625,38.69140625,103.78515625,24.21484375
"411",2021-04-15,31.3,9.95,9.25,21.05,9.7,137.9,150.4,74.6,211.05,53.2,137.555555555556,138.37037037037,73.2222222222223,209.148148148148,48.2777777777778,72.3125,53.55859375,36.48046875,97.63671875,23.24609375
"412",2021-04-16,31.6,10,9.15,21.9,9.75,135.85,148.65,74.85,208.35,53.7,134.518518518519,134.592592592593,71.6481481481482,202.962962962963,46.962962962963,68.82421875,49.7890625,34.51953125,91.86328125,22.24609375
"413",2021-04-17,31.6,10.2,9.3,21.85,9.7,136.35,145.85,74.25,205.05,53.45,130.407407407407,129.703703703704,69.925925925926,196.12962962963,45.7037037037037,66.21875,46.7734375,32.5859375,86.26171875,21.18359375
"414",2021-04-18,31.4,10.05,9.25,21.9,9.55,134.3,142.05,74.4,201.45,52.9,126.462962962963,124.722222222222,67.6111111111112,190.314814814815,44.7037037037037,63.66015625,43.546875,30.671875,81.375,20.1953125
"415",2021-04-19,31.55,10.95,9.25,22.3,9.45,130.5,139.3,72.95,199.45,52.3,123,119.62962962963,65.8703703703704,183.185185185185,43.5555555555556,60.890625,40.9453125,29.18359375,76.41796875,19.2578125
"416",2021-04-20,31.2,10.9,9.2,22.55,9.1,130.1,136.05,72.25,198.4,52.25,119.037037037037,115.277777777778,63.3888888888889,178.574074074074,42.6111111111111,58.15625,38.16015625,27.421875,71.65625,18.44140625
"417",2021-04-21,31.05,10.85,9.2,21.8,8.8,127.6,133.3,72.4,193.15,51.6,114.907407407407,110.425925925926,61.5740740740741,173.185185185185,41.037037037037,55.42578125,35.82421875,25.9296875,66.90234375,17.66796875
"418",2021-04-22,30.7,11,8.85,21.5,8.85,125.3,131.6,69.9,189.75,50.35,110.888888888889,107.166666666667,58.7962962962963,167.444444444444,39.537037037037,53.01953125,33.06640625,24.375,62.52734375,16.96875
"419",2021-04-23,30.6,10.85,8.95,21.4,8.9,123.9,129.75,67.85,185.85,49.55,107.851851851852,103.314814814815,56.3518518518519,160.462962962963,38.9259259259259,50.85546875,30.8046875,22.9765625,58.75,16.1328125
"420",2021-04-24,30.4,10.25,9.15,21.85,8.7,123.25,125.45,67.1,182.15,48.25,105.12962962963,99.1481481481481,54.1481481481482,154.518518518519,37.7222222222222,48.44921875,28.5703125,21.69140625,54.66796875,15.5546875
"421",2021-04-25,30.75,9.25,9,21.35,8.7,120.6,123.35,65.45,177.65,47.8,101.740740740741,94.8148148148148,52.5555555555556,148.333333333333,36.1851851851852,46.25,26.45703125,20.57421875,50.96484375,14.98046875
"422",2021-04-26,30.6,9.8,8.9,21.55,8.7,117.5,121.5,64,173.15,46.6,98.6851851851852,90.6666666666666,50.5370370370371,142.296296296296,35.2407407407407,44.35546875,24.421875,19.37109375,47.71875,14.41796875
"423",2021-04-27,30.55,9.15,8.9,21.7,8.75,114.6,117.8,62.1,169.05,45.3,95.3703703703704,85.7777777777777,48.5,136.555555555556,34.1111111111111,42.62109375,22.36328125,18.22265625,44.26953125,13.7734375
"424",2021-04-28,30.4,7.8,9,21.55,8.7,110.75,114,60.55,163.95,44.3,90.962962962963,82.3703703703703,46.3888888888889,130.037037037037,32.6481481481481,40.796875,20.39453125,17.15234375,41.56640625,13.2109375
"425",2021-04-29,29.9,7.05,8.8,21.6,8.6,108.15,109.15,58.15,158,43.05,87.2777777777778,78.8888888888889,44.3703703703704,124.092592592593,31.1481481481481,39.21875,18.58203125,15.95703125,38.83984375,12.72265625
"426",2021-04-30,29.65,6.9,8.6,21.95,8.35,105.5,104.55,56.4,152.65,41.25,85.0555555555556,75.1851851851851,42.2407407407408,118.62962962963,30.1666666666667,37.8125,16.9921875,14.9609375,36.2421875,12.2109375
"427",2021-05-01,29.65,6.35,8.6,21.9,8.15,102.55,99.8,53.7,145.25,40.5,82.2037037037037,71.7037037037037,40.0555555555556,113.5,29.1296296296296,36.40625,15.76171875,14.078125,33.62109375,11.796875
"428",2021-05-02,29.5,6,8.6,21.6,8.1,98,95.65,50.35,138.3,38.35,79.5925925925926,67,38.1481481481482,108.092592592593,27.962962962963,35.12890625,14.36328125,13.296875,30.9375,11.3046875
"429",2021-05-03,29.4,6,8.55,21.4,8.25,94.8,90.55,48.85,133.1,37.15,76.3888888888889,63.5555555555555,36.3518518518519,103.592592592593,26.7407407407407,33.8203125,12.9296875,12.578125,28.96875,10.93359375
"430",2021-05-04,28.95,5.65,8.65,21.85,8.2,92.2,87.5,46.85,126.6,36.65,73.5555555555556,60.8888888888889,34.0555555555556,99.1296296296296,26.2222222222222,32.58203125,11.6875,11.8515625,27.0390625,10.50390625
"431",2021-05-05,28.95,5.3,8.75,21.85,8.15,89.95,84.1,45.3,121.7,34.5,71.0185185185185,58.3148148148148,32.9444444444445,95.1296296296296,25.037037037037,31.515625,10.40625,11.12109375,25.05859375,10.1015625
"432",2021-05-06,28.75,5.25,8.65,21.75,8.05,87.7,80.5,43.1,116.15,33.5,68.5370370370371,55.5555555555555,31.7407407407408,89.7592592592593,24.1296296296296,30.359375,9.21484375,10.4765625,23.078125,9.84375
"433",2021-05-07,28.9,4.85,9,21.8,8.15,84.35,77.45,41.45,112,32.55,65.3518518518519,52.6481481481481,30.462962962963,85.7037037037037,23.1666666666667,29.51171875,8.046875,9.90625,21.41796875,9.62890625
"434",2021-05-08,28.95,4.75,8.7,21.45,8.15,81.65,74.5,38.65,107,31.15,62.5185185185185,50.0925925925926,29.2777777777778,81.9814814814815,22.5,28.54296875,6.8203125,9.3359375,19.9921875,9.28515625
"435",2021-05-09,29.15,4.7,8.7,21.05,8.1,78.45,70.5,37.7,103.95,30.35,60.3888888888889,48.2592592592592,27.9444444444445,77.8703703703704,21.5185185185185,27.546875,6.17578125,8.7890625,18.68359375,8.98828125
"436",2021-05-10,29.75,4.25,8.65,20.85,8,75.7,67.9,36.4,99.9,30.1,58.3703703703704,45.8703703703703,26.5740740740741,73.3518518518519,21.037037037037,26.69921875,5.20703125,8.1953125,17.25390625,8.76171875
"437",2021-05-11,29.75,4,8.65,20.3,8.1,73.35,64.9,35.25,96,29.55,56.6111111111111,43.7592592592592,25.6666666666667,70.3518518518519,20.5555555555556,25.9296875,4.2578125,7.6640625,15.87890625,8.60546875
"438",2021-05-12,29.8,3.65,8.8,19.7,8.2,72.25,61.9,33.8,90.25,28.6,54.7037037037037,41.074074074074,24.7037037037038,67.0925925925926,19.6481481481481,25.1875,3.3671875,7.31640625,14.515625,8.3984375
"439",2021-05-13,29.45,3.3,8.9,18.9,8.25,69.6,59.45,32.2,85.95,27.6,53.7777777777778,39.1111111111111,23.7592592592593,63.1851851851852,18.6481481481481,24.4296875,2.62109375,6.890625,13.08984375,8.19921875
"440",2021-05-14,29.3,3.2,8.85,17.95,8.1,66.65,57.85,30.85,81.9,26.2,52.0740740740741,37.3148148148148,22.6296296296297,59.8518518518519,17.7962962962963,23.73046875,1.94140625,6.60546875,11.83984375,8.09375
"441",2021-05-15,29.25,3.3,8.65,18.25,8.15,64.55,55.35,29.85,78.45,25.35,50.7222222222222,34.9629629629629,21.9074074074075,57.3518518518519,17.3333333333333,23.171875,1.3046875,6.20703125,10.78515625,7.9140625
"442",2021-05-16,29,2.9,8.65,17.4,8.2,63,52.1,29.3,75.75,24.35,49.0555555555556,32.7037037037037,20.7592592592593,55.2407407407408,16.6111111111111,22.7265625,0.80859375,5.78515625,9.78515625,7.671875
"443",2021-05-17,29.1,2.2,8.55,16.75,8.15,59.4,49.8,27.95,72.2,23.3,47.3888888888889,30.9444444444444,19.925925925926,52.2777777777778,16.0185185185185,22.19921875,0.3515625,5.44140625,8.578125,7.5390625
"444",2021-05-18,28.95,2.45,8.4,16.25,8,57,47.25,26.5,67.35,22.4,45.9259259259259,29.6296296296296,18.9074074074075,49.8703703703704,15.3148148148148,21.52734375,-0.33203125,5.21484375,7.6328125,7.33203125
"445",2021-05-19,29.05,2.4,8.05,15.2,7.8,54.45,44.6,25.95,62.15,21.35,44.5740740740741,27.9074074074074,18.0555555555556,48.1111111111111,15.0555555555556,21,-0.859375,4.95703125,6.7265625,7.20703125
"446",2021-05-20,28.85,2,7.9,14.85,7.8,52.1,41.75,24.95,59.5,20.75,43.1666666666667,26,17.3888888888889,45.7407407407408,14.4259259259259,20.5390625,-1.359375,4.58203125,5.98828125,7.078125
"447",2021-05-21,28.65,2.05,7.85,14.65,8,50.1,38.25,23.4,55.75,19.35,41.7037037037037,24.5925925925926,16.7222222222223,43.3518518518519,14.1111111111111,20.17578125,-2.046875,4.26953125,5.09765625,6.94140625
"448",2021-05-22,28.2,2.25,7.75,14.85,7.7,48.6,36.05,22.15,52.6,18.85,40.5185185185185,23.2777777777778,16.1851851851852,41.0925925925926,13.6666666666667,19.8125,-2.57421875,4.07421875,4.25390625,6.8125
"449",2021-05-23,28.7,1.95,7.65,14.45,7.65,46.6,32.85,20.9,48.45,18.45,39.4074074074074,22.0925925925926,15.3333333333334,39.0555555555556,13.2592592592593,19.45703125,-3.03125,3.87109375,3.453125,6.703125
"450",2021-05-24,28.65,1.8,7.6,14.4,7.6,45.45,30.1,20.6,45.25,17.75,38.1481481481482,20.1666666666666,14.5185185185186,36.2962962962963,12.8518518518518,19.01953125,-3.25,3.63671875,2.58203125,6.62890625
"451",2021-05-25,28.45,1.4,7.5,14.1,7.8,43.4,27.9,19.75,42.45,17.2,37.2037037037037,18.8703703703703,13.6481481481482,34.7777777777778,12.4259259259259,18.69921875,-3.8515625,3.390625,1.7421875,6.5078125
"452",2021-05-26,28.25,1.45,7.55,14.2,7.8,42.55,26.35,18.8,39.05,16.8,35.9444444444445,17.7407407407407,12.6666666666667,32.7037037037037,12.0925925925926,18.48828125,-4.015625,3.21875,0.9375,6.4140625
"453",2021-05-27,28.4,1.5,7.6,14.55,7.7,41.3,26.05,18.45,37,16.6,35.462962962963,16.7407407407407,12,31.1111111111111,11.5185185185185,18.21875,-4.21484375,3.04296875,0.3125,6.30859375
"454",2021-05-28,28.4,1.6,7.45,14.4,7.7,40,23.75,17.75,34.3,15.85,34.8333333333333,15.6851851851852,11.3518518518519,29.0740740740741,11.2037037037037,18.0703125,-4.41015625,2.84765625,-0.23046875,6.19140625
"455",2021-05-29,28.15,1.9,7.4,14.25,7.55,38.1,22.35,16.8,32.1,15.35,33.7777777777778,15.0185185185185,10.3518518518519,27.1851851851852,11.0740740740741,17.83984375,-4.4609375,2.71484375,-0.73828125,6.0859375
"456",2021-05-30,27.65,1.8,7.35,13.8,7.4,37.4,20.95,16.4,29.5,15.25,33.3148148148148,14.0925925925926,9.77777777777782,25.4814814814815,10.9814814814815,17.60546875,-4.7421875,2.5390625,-1.33203125,6.04296875
"457",2021-05-31,27.7,1.85,7.25,13.65,7.5,36.85,19.05,15.45,26.95,14.7,32.6481481481482,13.0555555555555,9.03703703703708,23.5,10.5,17.4375,-4.88671875,2.3828125,-1.62109375,5.98828125
"458",2021-06-01,27.45,2.5,7,13.5,7.5,35.8,17.8,15.45,25.3,13.95,31.5740740740741,12.2592592592592,8.44444444444449,21.7962962962963,10.3333333333333,17.30078125,-5,2.26953125,-2.015625,5.875
"459",2021-06-02,27.05,2.55,6.85,13.75,7.3,34.5,16.35,14.4,24.4,13.25,30.5740740740741,11.4074074074074,8.00000000000005,20.9814814814815,10.2037037037037,17.11328125,-5.1015625,2.21875,-2.3125,5.828125
"460",2021-06-03,27.1,2.75,6.85,13,7.25,34.1,14.85,13.65,23.15,12.8,30.0555555555556,10.9259259259259,7.33333333333338,19.4814814814815,10.2222222222222,16.98828125,-5.25,2.0859375,-2.55859375,5.78125
"461",2021-06-04,26.75,2.8,6.7,12.35,7.2,32.8,14.8,13.15,22,12.25,29.3333333333333,9.6296296296296,6.92592592592597,18.2037037037037,10,16.828125,-5.38671875,1.984375,-2.984375,5.70703125
"462",2021-06-05,26.75,3,6.65,12.05,7.2,32.35,13.5,12.55,21,11.75,28.7592592592593,8.59259259259257,6.20370370370375,16.6481481481482,9.7037037037037,16.69140625,-5.54296875,1.90625,-3.01953125,5.6328125
"463",2021-06-06,26.6,2.25,6.5,11.8,7.25,31.55,13,12.1,18.9,11.45,28.4444444444445,8.01851851851849,5.88888888888894,15.1851851851852,9.53703703703703,16.59765625,-5.66015625,1.859375,-3.1953125,5.6484375
"464",2021-06-07,26.35,2.05,6.55,11.45,7.25,31,12.25,11.5,17.95,11.15,27.9814814814815,7.18518518518516,5.40740740740745,13.9814814814815,9.38888888888889,16.484375,-5.8203125,1.76171875,-3.36328125,5.57421875
"465",2021-06-08,26.55,2.15,6.6,10.8,7.15,29.75,12,11.35,16.2,10.8,27.2777777777778,6.68518518518516,5.11111111111116,12.5185185185185,9.22222222222222,16.3515625,-5.828125,1.7265625,-3.75390625,5.546875
"466",2021-06-09,26.75,1.8,6.65,10.05,7.15,29.2,11.55,10.85,13.75,10.85,26.8518518518519,6.29629629629627,4.6481481481482,11.1851851851852,8.98148148148148,16.28125,-5.9765625,1.65625,-4.078125,5.53125
"467",2021-06-10,26.65,1.8,6.45,9.7,7.1,28.8,10.9,10.25,12.4,10.7,26.1296296296296,5.66666666666664,4.3518518518519,9.66666666666669,8.75925925925926,16.1796875,-6.0078125,1.625,-4.26171875,5.53515625
"468",2021-06-11,26.85,1.5,6.25,9.4,7.15,28.5,9.9,9.85,11.55,10.45,25.6296296296296,4.77777777777775,4.12962962962968,8.62962962962965,8.4074074074074,16.1171875,-6.02734375,1.5,-4.3046875,5.52734375
"469",2021-06-12,26.9,1.2,6.3,9.35,7,28.1,10.05,9.45,10.3,10.4,25.1666666666667,4.11111111111109,3.90740740740745,7.05555555555558,8.22222222222222,16.02734375,-6.0703125,1.5234375,-4.48828125,5.50390625
"470",2021-06-13,26.85,0.65,6.3,9.4,6.95,27.3,9.85,8.95,8.8,10,24.8888888888889,3.4259259259259,3.62962962962968,6.7777777777778,8.05555555555555,16.05078125,-6.125,1.51953125,-4.71484375,5.47265625
"471",2021-06-14,26.6,0.25,6.35,9.3,6.95,26.65,9.1,8.7,7.65,9.85,24.2037037037037,2.75925925925923,3.40740740740745,6.14814814814817,7.96296296296296,15.94140625,-6.1796875,1.578125,-5.08984375,5.4609375
"472",2021-06-15,26.5,0.5,6.4,9.35,7,26.55,7.95,8.55,7,9.7,23.5185185185185,2.31481481481479,3.16666666666671,5.33333333333336,7.72222222222222,15.9375,-6.21484375,1.55078125,-5.21875,5.44140625
"473",2021-06-16,26.25,0.35,6.45,9.25,7,26,7.55,7.95,5.8,9.65,23.0555555555556,1.77777777777775,2.83333333333338,4.50000000000002,7.55555555555555,15.84765625,-6.26171875,1.60546875,-5.21484375,5.4296875
"474",2021-06-17,26.05,0.6,6.45,9.5,7.05,25.35,7.15,7.35,5.35,9.65,22.6851851851852,1.46296296296294,2.70370370370375,3.83333333333336,7.31481481481481,15.875,-6.3828125,1.609375,-5.125,5.40234375
"475",2021-06-18,25.8,0.85,6.4,9.3,6.95,24.75,6.5,7.35,5.35,9.75,22.3518518518519,0.888888888888863,2.5555555555556,3.03703703703706,7.25925925925926,15.7265625,-6.375,1.5234375,-5.11328125,5.38671875
"476",2021-06-19,25.9,0.800000000000001,6.55,9.5,6.9,24.3,5.7,7.2,4.55,9.8,21.8888888888889,0.462962962962935,2.37037037037042,2.81481481481484,7.11111111111111,15.58984375,-6.43359375,1.4921875,-5.10546875,5.3359375
"477",2021-06-20,25.65,0.6,6.6,9.6,6.9,23.55,4.65,7.35,4.3,9.65,21.4814814814815,0.129629629629603,2.22222222222227,2.50000000000002,7.07407407407407,15.453125,-6.515625,1.421875,-5.046875,5.3203125
"478",2021-06-21,25.45,1.15,6.75,9.35,6.85,23.3,3.55,7.05,3.8,9.5,21.1851851851852,-0.296296296296322,2.09259259259264,2.29629629629632,7,15.3984375,-6.640625,1.35546875,-5.2265625,5.30078125
"479",2021-06-22,25.65,1.35,6.7,9.65,6.85,23.05,2.95,7.15,3.9,9.45,21.1481481481482,-1.01851851851855,1.88888888888894,2.05555555555558,6.92592592592592,15.43359375,-6.66796875,1.28515625,-5.22265625,5.28515625
"480",2021-06-23,25.7,0.85,6.7,9.9,6.8,22.9,1.9,6.95,3.6,9.4,21.1666666666667,-1.29629629629632,1.68518518518523,1.75925925925928,6.72222222222222,15.4140625,-6.6015625,1.26953125,-5.203125,5.2890625
"481",2021-06-24,25.7,0.85,6.6,10.1,6.85,22.55,1.65,6.65,2.65,9.3,20.8888888888889,-1.59259259259262,1.66666666666671,1.11111111111113,6.59259259259259,15.453125,-6.3828125,1.23828125,-5.1171875,5.24609375
"482",2021-06-25,25.85,1.1,6.75,9.5,6.85,22.6,1.4,6.55,2.5,8.9,20.7407407407408,-2.12962962962966,1.62962962962968,0.981481481481504,6.61111111111111,15.46484375,-6.41796875,1.19140625,-5.24609375,5.24609375
"483",2021-06-26,25.95,1.4,6.7,9.3,6.85,22.6,0.35,6.4,2.75,8.75,20.6296296296296,-2.33333333333336,1.48148148148153,0.777777777777802,6.53703703703703,15.4375,-6.37890625,1.10546875,-5.28125,5.26953125
"484",2021-06-27,26.15,1.35,6.75,9.1,6.85,22.45,0,6.45,2.8,8.6,20.3518518518519,-2.35185185185188,1.38888888888894,0.592592592592617,6.48148148148148,15.46875,-6.390625,1.0625,-5.28515625,5.28125
"485",2021-06-28,26.1,1.3,6.75,8.8,6.8,22.45,-0.65,6.2,2,8.45,20.3333333333333,-2.40740740740743,1.22222222222227,0.796296296296319,6.44444444444444,15.484375,-6.3125,1.09375,-5.1484375,5.28125
"486",2021-06-29,26.05,1.3,6.8,9.1,6.7,22.65,-1.55,6.1,2.15,8.4,19.962962962963,-2.33333333333336,1.18518518518523,0.796296296296319,6.37037037037037,15.4921875,-6.28125,1.0859375,-5.1015625,5.28515625
"487",2021-06-30,25.8,1.2,6.75,9.05,6.65,22.2,-1.7,5.95,2.05,8.35,19.9259259259259,-2.64814814814818,1.12962962962968,0.611111111111134,6.29629629629629,15.4609375,-6.2265625,1.11328125,-5.19140625,5.2890625
