"","date","mod JHH","mod SH","mod BMC","mod HCGH","mod SMH","pess JHH","pess SH","pess BMC","pess HCGH","pess SMH","cat JHH","cat SH","cat BMC","cat HCGH","cat SMH"
"1",2020-03-01,NA,NA,NA,NA,NA,NA,NA,NA,NA,NA,NA,NA,NA,NA,NA
"2",2020-03-02,NA,NA,NA,NA,NA,NA,NA,NA,NA,NA,NA,NA,NA,NA,NA
"3",2020-03-03,NA,NA,NA,NA,NA,NA,NA,NA,NA,NA,NA,NA,NA,NA,NA
"4",2020-03-04,NA,NA,NA,NA,NA,NA,NA,NA,NA,NA,NA,NA,NA,NA,NA
"5",2020-03-05,NA,NA,NA,NA,NA,NA,NA,NA,NA,NA,NA,NA,NA,NA,NA
"6",2020-03-06,NA,NA,NA,NA,NA,NA,NA,NA,NA,NA,NA,NA,NA,NA,NA
"7",2020-03-07,NA,NA,NA,NA,NA,NA,NA,NA,NA,NA,NA,NA,NA,NA,NA
"8",2020-03-08,NA,NA,NA,NA,NA,NA,NA,NA,NA,NA,NA,NA,NA,NA,NA
"9",2020-03-09,NA,NA,NA,NA,NA,NA,NA,NA,NA,NA,NA,NA,NA,NA,NA
"10",2020-03-10,NA,NA,NA,NA,NA,NA,NA,NA,NA,NA,NA,NA,NA,NA,NA
"11",2020-03-11,NA,NA,NA,NA,NA,NA,NA,NA,NA,NA,NA,NA,NA,NA,NA
"12",2020-03-12,NA,NA,NA,NA,NA,NA,NA,NA,NA,NA,NA,NA,NA,NA,NA
"13",2020-03-13,NA,NA,NA,NA,NA,NA,NA,NA,NA,NA,NA,NA,NA,NA,NA
"14",2020-03-14,NA,NA,NA,NA,NA,NA,NA,NA,NA,NA,NA,NA,NA,NA,NA
"15",2020-03-15,NA,NA,NA,NA,NA,NA,NA,NA,NA,NA,NA,NA,NA,NA,NA
"16",2020-03-16,NA,NA,NA,NA,NA,NA,NA,NA,NA,NA,NA,NA,NA,NA,NA
"17",2020-03-17,NA,NA,NA,NA,NA,NA,NA,NA,NA,NA,NA,NA,NA,NA,NA
"18",2020-03-18,NA,NA,NA,NA,NA,NA,NA,NA,NA,NA,NA,NA,NA,NA,NA
"19",2020-03-19,NA,NA,NA,NA,NA,NA,NA,NA,NA,NA,NA,NA,NA,NA,NA
"20",2020-03-20,NA,NA,NA,NA,NA,NA,NA,NA,NA,NA,NA,NA,NA,NA,NA
"21",2020-03-21,NA,NA,NA,NA,NA,NA,NA,NA,NA,NA,NA,NA,NA,NA,NA
"22",2020-03-22,NA,NA,NA,NA,NA,NA,NA,NA,NA,NA,NA,NA,NA,NA,NA
"23",2020-03-23,NA,NA,NA,NA,NA,NA,NA,NA,NA,NA,NA,NA,NA,NA,NA
"24",2020-03-24,NA,NA,NA,NA,NA,NA,NA,NA,NA,NA,NA,NA,NA,NA,NA
"25",2020-03-25,NA,NA,NA,NA,NA,NA,NA,NA,NA,NA,NA,NA,NA,NA,NA
"26",2020-03-26,NA,NA,NA,NA,NA,NA,NA,NA,NA,NA,NA,NA,NA,NA,NA
"27",2020-03-27,NA,NA,NA,NA,NA,NA,NA,NA,NA,NA,NA,NA,NA,NA,NA
"28",2020-03-28,NA,NA,NA,NA,NA,NA,NA,NA,NA,NA,NA,NA,NA,NA,NA
"29",2020-03-29,NA,NA,NA,NA,NA,NA,NA,NA,NA,NA,NA,NA,NA,NA,NA
"30",2020-03-30,NA,NA,NA,NA,NA,NA,NA,NA,NA,NA,NA,NA,NA,NA,NA
"31",2020-03-31,NA,NA,NA,NA,NA,NA,NA,NA,NA,NA,NA,NA,NA,NA,NA
"32",2020-04-01,NA,NA,NA,NA,NA,NA,NA,NA,NA,NA,NA,NA,NA,NA,NA
"33",2020-04-02,NA,NA,NA,NA,NA,NA,NA,NA,NA,NA,NA,NA,NA,NA,NA
"34",2020-04-03,NA,NA,NA,NA,NA,NA,NA,NA,NA,NA,NA,NA,NA,NA,NA
"35",2020-04-04,NA,NA,NA,NA,NA,NA,NA,NA,NA,NA,NA,NA,NA,NA,NA
"36",2020-04-05,NA,NA,NA,NA,NA,NA,NA,NA,NA,NA,NA,NA,NA,NA,NA
"37",2020-04-06,NA,NA,NA,NA,NA,NA,NA,NA,NA,NA,NA,NA,NA,NA,NA
"38",2020-04-07,NA,NA,NA,NA,NA,NA,NA,NA,NA,NA,NA,NA,NA,NA,NA
"39",2020-04-08,NA,NA,NA,NA,NA,NA,NA,NA,NA,NA,NA,NA,NA,NA,NA
"40",2020-04-09,NA,NA,NA,NA,NA,NA,NA,NA,NA,NA,NA,NA,NA,NA,NA
"41",2020-04-10,NA,NA,NA,NA,NA,NA,NA,NA,NA,NA,NA,NA,NA,NA,NA
"42",2020-04-11,NA,NA,NA,NA,NA,NA,NA,NA,NA,NA,NA,NA,NA,NA,NA
"43",2020-04-12,NA,NA,NA,NA,NA,NA,NA,NA,NA,NA,NA,NA,NA,NA,NA
"44",2020-04-13,NA,NA,NA,NA,NA,NA,NA,NA,NA,NA,NA,NA,NA,NA,NA
"45",2020-04-14,NA,NA,NA,NA,NA,NA,NA,NA,NA,NA,NA,NA,NA,NA,NA
"46",2020-04-15,NA,NA,NA,NA,NA,NA,NA,NA,NA,NA,NA,NA,NA,NA,NA
"47",2020-04-16,NA,NA,NA,NA,NA,NA,NA,NA,NA,NA,NA,NA,NA,NA,NA
"48",2020-04-17,NA,NA,NA,NA,NA,NA,NA,NA,NA,NA,NA,NA,NA,NA,NA
"49",2020-04-18,NA,NA,NA,NA,NA,NA,NA,NA,NA,NA,NA,NA,NA,NA,NA
"50",2020-04-19,NA,NA,NA,NA,NA,NA,NA,NA,NA,NA,NA,NA,NA,NA,NA
"51",2020-04-20,NA,NA,NA,NA,NA,NA,NA,NA,NA,NA,NA,NA,NA,NA,NA
"52",2020-04-21,NA,NA,NA,NA,NA,NA,NA,NA,NA,NA,NA,NA,NA,NA,NA
"53",2020-04-22,NA,NA,NA,NA,NA,NA,NA,NA,NA,NA,NA,NA,NA,NA,NA
"54",2020-04-23,NA,NA,NA,NA,NA,NA,NA,NA,NA,NA,NA,NA,NA,NA,NA
"55",2020-04-24,NA,NA,NA,NA,NA,NA,NA,NA,NA,NA,NA,NA,NA,NA,NA
"56",2020-04-25,NA,NA,NA,NA,NA,NA,NA,NA,NA,NA,NA,NA,NA,NA,NA
"57",2020-04-26,NA,NA,NA,NA,NA,NA,NA,NA,NA,NA,NA,NA,NA,NA,NA
"58",2020-04-27,NA,NA,NA,NA,NA,NA,NA,NA,NA,NA,NA,NA,NA,NA,NA
"59",2020-04-28,NA,NA,NA,NA,NA,NA,NA,NA,NA,NA,NA,NA,NA,NA,NA
"60",2020-04-29,NA,NA,NA,NA,NA,NA,NA,NA,NA,NA,NA,NA,NA,NA,NA
"61",2020-04-30,NA,NA,NA,NA,NA,NA,NA,NA,NA,NA,NA,NA,NA,NA,NA
"62",2020-05-01,NA,NA,NA,NA,NA,NA,NA,NA,NA,NA,NA,NA,NA,NA,NA
"63",2020-05-02,NA,NA,NA,NA,NA,NA,NA,NA,NA,NA,NA,NA,NA,NA,NA
"64",2020-05-03,NA,NA,NA,NA,NA,NA,NA,NA,NA,NA,NA,NA,NA,NA,NA
"65",2020-05-04,NA,NA,NA,NA,NA,NA,NA,NA,NA,NA,NA,NA,NA,NA,NA
"66",2020-05-05,NA,NA,NA,NA,NA,NA,NA,NA,NA,NA,NA,NA,NA,NA,NA
"67",2020-05-06,NA,NA,NA,NA,NA,NA,NA,NA,NA,NA,NA,NA,NA,NA,NA
"68",2020-05-07,NA,NA,NA,NA,NA,NA,NA,NA,NA,NA,NA,NA,NA,NA,NA
"69",2020-05-08,NA,NA,NA,NA,NA,NA,NA,NA,NA,NA,NA,NA,NA,NA,NA
"70",2020-05-09,NA,NA,NA,NA,NA,NA,NA,NA,NA,NA,NA,NA,NA,NA,NA
"71",2020-05-10,NA,NA,NA,NA,NA,NA,NA,NA,NA,NA,NA,NA,NA,NA,NA
"72",2020-05-11,NA,NA,NA,NA,NA,NA,NA,NA,NA,NA,NA,NA,NA,NA,NA
"73",2020-05-12,NA,NA,NA,NA,NA,NA,NA,NA,NA,NA,NA,NA,NA,NA,NA
"74",2020-05-13,NA,NA,NA,NA,NA,NA,NA,NA,NA,NA,NA,NA,NA,NA,NA
"75",2020-05-14,NA,NA,NA,NA,NA,NA,NA,NA,NA,NA,NA,NA,NA,NA,NA
"76",2020-05-15,NA,NA,NA,NA,NA,NA,NA,NA,NA,NA,NA,NA,NA,NA,NA
"77",2020-05-16,NA,NA,NA,NA,NA,NA,NA,NA,NA,NA,NA,NA,NA,NA,NA
"78",2020-05-17,NA,NA,NA,NA,NA,NA,NA,NA,NA,NA,NA,NA,NA,NA,NA
"79",2020-05-18,NA,NA,NA,NA,NA,NA,NA,NA,NA,NA,NA,NA,NA,NA,NA
"80",2020-05-19,NA,NA,NA,NA,NA,NA,NA,NA,NA,NA,NA,NA,NA,NA,NA
"81",2020-05-20,NA,NA,NA,NA,NA,NA,NA,NA,NA,NA,NA,NA,NA,NA,NA
"82",2020-05-21,NA,NA,NA,NA,NA,NA,NA,NA,NA,NA,NA,NA,NA,NA,NA
"83",2020-05-22,NA,NA,NA,NA,NA,NA,NA,NA,NA,NA,NA,NA,NA,NA,NA
"84",2020-05-23,NA,NA,NA,NA,NA,NA,NA,NA,NA,NA,NA,NA,NA,NA,NA
"85",2020-05-24,NA,NA,NA,NA,NA,NA,NA,NA,NA,NA,NA,NA,NA,NA,NA
"86",2020-05-25,NA,NA,NA,NA,NA,NA,NA,NA,NA,NA,NA,NA,NA,NA,NA
"87",2020-05-26,NA,NA,NA,NA,NA,NA,NA,NA,NA,NA,NA,NA,NA,NA,NA
"88",2020-05-27,NA,NA,NA,NA,NA,NA,NA,NA,NA,NA,NA,NA,NA,NA,NA
"89",2020-05-28,NA,NA,NA,NA,NA,NA,NA,NA,NA,NA,NA,NA,NA,NA,NA
"90",2020-05-29,NA,NA,NA,NA,NA,NA,NA,NA,NA,NA,NA,NA,NA,NA,NA
"91",2020-05-30,NA,NA,NA,NA,NA,NA,NA,NA,NA,NA,NA,NA,NA,NA,NA
"92",2020-05-31,NA,NA,NA,NA,NA,NA,NA,NA,NA,NA,NA,NA,NA,NA,NA
"93",2020-06-01,NA,NA,NA,NA,NA,NA,NA,NA,NA,NA,NA,NA,NA,NA,NA
"94",2020-06-02,NA,NA,NA,NA,NA,NA,NA,NA,NA,NA,NA,NA,NA,NA,NA
"95",2020-06-03,NA,NA,NA,NA,NA,NA,NA,NA,NA,NA,NA,NA,NA,NA,NA
"96",2020-06-04,NA,NA,NA,NA,NA,NA,NA,NA,NA,NA,NA,NA,NA,NA,NA
"97",2020-06-05,NA,NA,NA,NA,NA,NA,NA,NA,NA,NA,NA,NA,NA,NA,NA
"98",2020-06-06,NA,NA,NA,NA,NA,NA,NA,NA,NA,NA,NA,NA,NA,NA,NA
"99",2020-06-07,NA,NA,NA,NA,NA,NA,NA,NA,NA,NA,NA,NA,NA,NA,NA
"100",2020-06-08,NA,NA,NA,NA,NA,NA,NA,NA,NA,NA,NA,NA,NA,NA,NA
"101",2020-06-09,NA,NA,NA,NA,NA,NA,NA,NA,NA,NA,NA,NA,NA,NA,NA
"102",2020-06-10,NA,NA,NA,NA,NA,NA,NA,NA,NA,NA,NA,NA,NA,NA,NA
"103",2020-06-11,NA,NA,NA,NA,NA,NA,NA,NA,NA,NA,NA,NA,NA,NA,NA
"104",2020-06-12,NA,NA,NA,NA,NA,NA,NA,NA,NA,NA,NA,NA,NA,NA,NA
"105",2020-06-13,NA,NA,NA,NA,NA,NA,NA,NA,NA,NA,NA,NA,NA,NA,NA
"106",2020-06-14,NA,NA,NA,NA,NA,NA,NA,NA,NA,NA,NA,NA,NA,NA,NA
"107",2020-06-15,NA,NA,NA,NA,NA,NA,NA,NA,NA,NA,NA,NA,NA,NA,NA
"108",2020-06-16,NA,NA,NA,NA,NA,NA,NA,NA,NA,NA,NA,NA,NA,NA,NA
"109",2020-06-17,NA,NA,NA,NA,NA,NA,NA,NA,NA,NA,NA,NA,NA,NA,NA
"110",2020-06-18,NA,NA,NA,NA,NA,NA,NA,NA,NA,NA,NA,NA,NA,NA,NA
"111",2020-06-19,NA,NA,NA,NA,NA,NA,NA,NA,NA,NA,NA,NA,NA,NA,NA
"112",2020-06-20,NA,NA,NA,NA,NA,NA,NA,NA,NA,NA,NA,NA,NA,NA,NA
"113",2020-06-21,NA,NA,NA,NA,NA,NA,NA,NA,NA,NA,NA,NA,NA,NA,NA
"114",2020-06-22,NA,NA,NA,NA,NA,NA,NA,NA,NA,NA,NA,NA,NA,NA,NA
"115",2020-06-23,NA,NA,NA,NA,NA,NA,NA,NA,NA,NA,NA,NA,NA,NA,NA
"116",2020-06-24,NA,NA,NA,NA,NA,NA,NA,NA,NA,NA,NA,NA,NA,NA,NA
"117",2020-06-25,NA,NA,NA,NA,NA,NA,NA,NA,NA,NA,NA,NA,NA,NA,NA
"118",2020-06-26,NA,NA,NA,NA,NA,NA,NA,NA,NA,NA,NA,NA,NA,NA,NA
"119",2020-06-27,NA,NA,NA,NA,NA,NA,NA,NA,NA,NA,NA,NA,NA,NA,NA
"120",2020-06-28,NA,NA,NA,NA,NA,NA,NA,NA,NA,NA,NA,NA,NA,NA,NA
"121",2020-06-29,NA,NA,NA,NA,NA,NA,NA,NA,NA,NA,NA,NA,NA,NA,NA
"122",2020-06-30,NA,NA,NA,NA,NA,NA,NA,NA,NA,NA,NA,NA,NA,NA,NA
"123",2020-07-01,NA,NA,NA,NA,NA,NA,NA,NA,NA,NA,NA,NA,NA,NA,NA
"124",2020-07-02,NA,NA,NA,NA,NA,NA,NA,NA,NA,NA,NA,NA,NA,NA,NA
"125",2020-07-03,NA,NA,NA,NA,NA,NA,NA,NA,NA,NA,NA,NA,NA,NA,NA
"126",2020-07-04,NA,NA,NA,NA,NA,NA,NA,NA,NA,NA,NA,NA,NA,NA,NA
"127",2020-07-05,NA,NA,NA,NA,NA,NA,NA,NA,NA,NA,NA,NA,NA,NA,NA
"128",2020-07-06,NA,NA,NA,NA,NA,NA,NA,NA,NA,NA,NA,NA,NA,NA,NA
"129",2020-07-07,NA,NA,NA,NA,NA,NA,NA,NA,NA,NA,NA,NA,NA,NA,NA
"130",2020-07-08,NA,NA,NA,NA,NA,NA,NA,NA,NA,NA,NA,NA,NA,NA,NA
"131",2020-07-09,NA,NA,NA,NA,NA,NA,NA,NA,NA,NA,NA,NA,NA,NA,NA
"132",2020-07-10,NA,NA,NA,NA,NA,NA,NA,NA,NA,NA,NA,NA,NA,NA,NA
"133",2020-07-11,NA,NA,NA,NA,NA,NA,NA,NA,NA,NA,NA,NA,NA,NA,NA
"134",2020-07-12,NA,NA,NA,NA,NA,NA,NA,NA,NA,NA,NA,NA,NA,NA,NA
"135",2020-07-13,NA,NA,NA,NA,NA,NA,NA,NA,NA,NA,NA,NA,NA,NA,NA
"136",2020-07-14,NA,NA,NA,NA,NA,NA,NA,NA,NA,NA,NA,NA,NA,NA,NA
"137",2020-07-15,NA,NA,NA,NA,NA,NA,NA,NA,NA,NA,NA,NA,NA,NA,NA
"138",2020-07-16,NA,NA,NA,NA,NA,NA,NA,NA,NA,NA,NA,NA,NA,NA,NA
"139",2020-07-17,NA,NA,NA,NA,NA,NA,NA,NA,NA,NA,NA,NA,NA,NA,NA
"140",2020-07-18,NA,NA,NA,NA,NA,NA,NA,NA,NA,NA,NA,NA,NA,NA,NA
"141",2020-07-19,NA,NA,NA,NA,NA,NA,NA,NA,NA,NA,NA,NA,NA,NA,NA
"142",2020-07-20,NA,NA,NA,NA,NA,NA,NA,NA,NA,NA,NA,NA,NA,NA,NA
"143",2020-07-21,NA,NA,NA,NA,NA,NA,NA,NA,NA,NA,NA,NA,NA,NA,NA
"144",2020-07-22,NA,NA,NA,NA,NA,NA,NA,NA,NA,NA,NA,NA,NA,NA,NA
"145",2020-07-23,NA,NA,NA,NA,NA,NA,NA,NA,NA,NA,NA,NA,NA,NA,NA
"146",2020-07-24,NA,NA,NA,NA,NA,NA,NA,NA,NA,NA,NA,NA,NA,NA,NA
"147",2020-07-25,NA,NA,NA,NA,NA,NA,NA,NA,NA,NA,NA,NA,NA,NA,NA
"148",2020-07-26,NA,NA,NA,NA,NA,NA,NA,NA,NA,NA,NA,NA,NA,NA,NA
"149",2020-07-27,NA,NA,NA,NA,NA,NA,NA,NA,NA,NA,NA,NA,NA,NA,NA
"150",2020-07-28,NA,NA,NA,NA,NA,NA,NA,NA,NA,NA,NA,NA,NA,NA,NA
"151",2020-07-29,NA,NA,NA,NA,NA,NA,NA,NA,NA,NA,NA,NA,NA,NA,NA
"152",2020-07-30,NA,NA,NA,NA,NA,NA,NA,NA,NA,NA,NA,NA,NA,NA,NA
"153",2020-07-31,NA,NA,NA,NA,NA,NA,NA,NA,NA,NA,NA,NA,NA,NA,NA
"154",2020-08-01,NA,NA,NA,NA,NA,NA,NA,NA,NA,NA,NA,NA,NA,NA,NA
"155",2020-08-02,NA,NA,NA,NA,NA,NA,NA,NA,NA,NA,NA,NA,NA,NA,NA
"156",2020-08-03,NA,NA,NA,NA,NA,NA,NA,NA,NA,NA,NA,NA,NA,NA,NA
"157",2020-08-04,NA,NA,NA,NA,NA,NA,NA,NA,NA,NA,NA,NA,NA,NA,NA
"158",2020-08-05,NA,NA,NA,NA,NA,NA,NA,NA,NA,NA,NA,NA,NA,NA,NA
"159",2020-08-06,NA,NA,NA,NA,NA,NA,NA,NA,NA,NA,NA,NA,NA,NA,NA
"160",2020-08-07,NA,NA,NA,NA,NA,NA,NA,NA,NA,NA,NA,NA,NA,NA,NA
"161",2020-08-08,NA,NA,NA,NA,NA,NA,NA,NA,NA,NA,NA,NA,NA,NA,NA
"162",2020-08-09,NA,NA,NA,NA,NA,NA,NA,NA,NA,NA,NA,NA,NA,NA,NA
"163",2020-08-10,NA,NA,NA,NA,NA,NA,NA,NA,NA,NA,NA,NA,NA,NA,NA
"164",2020-08-11,NA,NA,NA,NA,NA,NA,NA,NA,NA,NA,NA,NA,NA,NA,NA
"165",2020-08-12,NA,NA,NA,NA,NA,NA,NA,NA,NA,NA,NA,NA,NA,NA,NA
"166",2020-08-13,NA,NA,NA,NA,NA,NA,NA,NA,NA,NA,NA,NA,NA,NA,NA
"167",2020-08-14,NA,NA,NA,NA,NA,NA,NA,NA,NA,NA,NA,NA,NA,NA,NA
"168",2020-08-15,NA,NA,NA,NA,NA,NA,NA,NA,NA,NA,NA,NA,NA,NA,NA
"169",2020-08-16,NA,NA,NA,NA,NA,NA,NA,NA,NA,NA,NA,NA,NA,NA,NA
"170",2020-08-17,NA,NA,NA,NA,NA,NA,NA,NA,NA,NA,NA,NA,NA,NA,NA
"171",2020-08-18,NA,NA,NA,NA,NA,NA,NA,NA,NA,NA,NA,NA,NA,NA,NA
"172",2020-08-19,NA,NA,NA,NA,NA,NA,NA,NA,NA,NA,NA,NA,NA,NA,NA
"173",2020-08-20,NA,NA,NA,NA,NA,NA,NA,NA,NA,NA,NA,NA,NA,NA,NA
"174",2020-08-21,NA,NA,NA,NA,NA,NA,NA,NA,NA,NA,NA,NA,NA,NA,NA
"175",2020-08-22,NA,NA,NA,NA,NA,NA,NA,NA,NA,NA,NA,NA,NA,NA,NA
"176",2020-08-23,NA,NA,NA,NA,NA,NA,NA,NA,NA,NA,NA,NA,NA,NA,NA
"177",2020-08-24,NA,NA,NA,NA,NA,NA,NA,NA,NA,NA,NA,NA,NA,NA,NA
"178",2020-08-25,NA,NA,NA,NA,NA,NA,NA,NA,NA,NA,NA,NA,NA,NA,NA
"179",2020-08-26,NA,NA,NA,NA,NA,NA,NA,NA,NA,NA,NA,NA,NA,NA,NA
"180",2020-08-27,NA,NA,NA,NA,NA,NA,NA,NA,NA,NA,NA,NA,NA,NA,NA
"181",2020-08-28,NA,NA,NA,NA,NA,NA,NA,NA,NA,NA,NA,NA,NA,NA,NA
"182",2020-08-29,NA,NA,NA,NA,NA,NA,NA,NA,NA,NA,NA,NA,NA,NA,NA
"183",2020-08-30,NA,NA,NA,NA,NA,NA,NA,NA,NA,NA,NA,NA,NA,NA,NA
"184",2020-08-31,NA,NA,NA,NA,NA,NA,NA,NA,NA,NA,NA,NA,NA,NA,NA
"185",2020-09-01,NA,NA,NA,NA,NA,NA,NA,NA,NA,NA,NA,NA,NA,NA,NA
"186",2020-09-02,NA,NA,NA,NA,NA,NA,NA,NA,NA,NA,NA,NA,NA,NA,NA
"187",2020-09-03,NA,NA,NA,NA,NA,NA,NA,NA,NA,NA,NA,NA,NA,NA,NA
"188",2020-09-04,NA,NA,NA,NA,NA,NA,NA,NA,NA,NA,NA,NA,NA,NA,NA
"189",2020-09-05,NA,NA,NA,NA,NA,NA,NA,NA,NA,NA,NA,NA,NA,NA,NA
"190",2020-09-06,NA,NA,NA,NA,NA,NA,NA,NA,NA,NA,NA,NA,NA,NA,NA
"191",2020-09-07,NA,NA,NA,NA,NA,NA,NA,NA,NA,NA,NA,NA,NA,NA,NA
"192",2020-09-08,NA,NA,NA,NA,NA,NA,NA,NA,NA,NA,NA,NA,NA,NA,NA
"193",2020-09-09,NA,NA,NA,NA,NA,NA,NA,NA,NA,NA,NA,NA,NA,NA,NA
"194",2020-09-10,NA,NA,NA,NA,NA,NA,NA,NA,NA,NA,NA,NA,NA,NA,NA
"195",2020-09-11,NA,NA,NA,NA,NA,NA,NA,NA,NA,NA,NA,NA,NA,NA,NA
"196",2020-09-12,NA,NA,NA,NA,NA,NA,NA,NA,NA,NA,NA,NA,NA,NA,NA
"197",2020-09-13,NA,NA,NA,NA,NA,NA,NA,NA,NA,NA,NA,NA,NA,NA,NA
"198",2020-09-14,NA,NA,NA,NA,NA,NA,NA,NA,NA,NA,NA,NA,NA,NA,NA
"199",2020-09-15,NA,NA,NA,NA,NA,NA,NA,NA,NA,NA,NA,NA,NA,NA,NA
"200",2020-09-16,NA,NA,NA,NA,NA,NA,NA,NA,NA,NA,NA,NA,NA,NA,NA
"201",2020-09-17,NA,NA,NA,NA,NA,NA,NA,NA,NA,NA,NA,NA,NA,NA,NA
"202",2020-09-18,NA,NA,NA,NA,NA,NA,NA,NA,NA,NA,NA,NA,NA,NA,NA
"203",2020-09-19,NA,NA,NA,NA,NA,NA,NA,NA,NA,NA,NA,NA,NA,NA,NA
"204",2020-09-20,NA,NA,NA,NA,NA,NA,NA,NA,NA,NA,NA,NA,NA,NA,NA
"205",2020-09-21,NA,NA,NA,NA,NA,NA,NA,NA,NA,NA,NA,NA,NA,NA,NA
"206",2020-09-22,NA,NA,NA,NA,NA,NA,NA,NA,NA,NA,NA,NA,NA,NA,NA
"207",2020-09-23,NA,NA,NA,NA,NA,NA,NA,NA,NA,NA,NA,NA,NA,NA,NA
"208",2020-09-24,NA,NA,NA,NA,NA,NA,NA,NA,NA,NA,NA,NA,NA,NA,NA
"209",2020-09-25,NA,NA,NA,NA,NA,NA,NA,NA,NA,NA,NA,NA,NA,NA,NA
"210",2020-09-26,NA,NA,NA,NA,NA,NA,NA,NA,NA,NA,NA,NA,NA,NA,NA
"211",2020-09-27,NA,NA,NA,NA,NA,NA,NA,NA,NA,NA,NA,NA,NA,NA,NA
"212",2020-09-28,NA,NA,NA,NA,NA,NA,NA,NA,NA,NA,NA,NA,NA,NA,NA
"213",2020-09-29,NA,NA,NA,NA,NA,NA,NA,NA,NA,NA,NA,NA,NA,NA,NA
"214",2020-09-30,NA,NA,NA,NA,NA,NA,NA,NA,NA,NA,NA,NA,NA,NA,NA
"215",2020-10-01,NA,NA,NA,NA,NA,NA,NA,NA,NA,NA,NA,NA,NA,NA,NA
"216",2020-10-02,NA,NA,NA,NA,NA,NA,NA,NA,NA,NA,NA,NA,NA,NA,NA
"217",2020-10-03,NA,NA,NA,NA,NA,NA,NA,NA,NA,NA,NA,NA,NA,NA,NA
"218",2020-10-04,NA,NA,NA,NA,NA,NA,NA,NA,NA,NA,NA,NA,NA,NA,NA
"219",2020-10-05,NA,NA,NA,NA,NA,NA,NA,NA,NA,NA,NA,NA,NA,NA,NA
"220",2020-10-06,NA,NA,NA,NA,NA,NA,NA,NA,NA,NA,NA,NA,NA,NA,NA
"221",2020-10-07,NA,NA,NA,NA,NA,NA,NA,NA,NA,NA,NA,NA,NA,NA,NA
"222",2020-10-08,NA,NA,NA,NA,NA,NA,NA,NA,NA,NA,NA,NA,NA,NA,NA
"223",2020-10-09,NA,NA,NA,NA,NA,NA,NA,NA,NA,NA,NA,NA,NA,NA,NA
"224",2020-10-10,NA,NA,NA,NA,NA,NA,NA,NA,NA,NA,NA,NA,NA,NA,NA
"225",2020-10-11,NA,NA,NA,NA,NA,NA,NA,NA,NA,NA,NA,NA,NA,NA,NA
"226",2020-10-12,NA,NA,NA,NA,NA,NA,NA,NA,NA,NA,NA,NA,NA,NA,NA
"227",2020-10-13,NA,NA,NA,NA,NA,NA,NA,NA,NA,NA,NA,NA,NA,NA,NA
"228",2020-10-14,NA,NA,NA,NA,NA,NA,NA,NA,NA,NA,NA,NA,NA,NA,NA
"229",2020-10-15,NA,NA,NA,NA,NA,NA,NA,NA,NA,NA,NA,NA,NA,NA,NA
"230",2020-10-16,NA,NA,NA,NA,NA,NA,NA,NA,NA,NA,NA,NA,NA,NA,NA
"231",2020-10-17,NA,NA,NA,NA,NA,NA,NA,NA,NA,NA,NA,NA,NA,NA,NA
"232",2020-10-18,NA,NA,NA,NA,NA,NA,NA,NA,NA,NA,NA,NA,NA,NA,NA
"233",2020-10-19,NA,NA,NA,NA,NA,NA,NA,NA,NA,NA,NA,NA,NA,NA,NA
"234",2020-10-20,NA,NA,NA,NA,NA,NA,NA,NA,NA,NA,NA,NA,NA,NA,NA
"235",2020-10-21,NA,NA,NA,NA,NA,NA,NA,NA,NA,NA,NA,NA,NA,NA,NA
"236",2020-10-22,NA,NA,NA,NA,NA,NA,NA,NA,NA,NA,NA,NA,NA,NA,NA
"237",2020-10-23,NA,NA,NA,NA,NA,NA,NA,NA,NA,NA,NA,NA,NA,NA,NA
"238",2020-10-24,NA,NA,NA,NA,NA,NA,NA,NA,NA,NA,NA,NA,NA,NA,NA
"239",2020-10-25,NA,NA,NA,NA,NA,NA,NA,NA,NA,NA,NA,NA,NA,NA,NA
"240",2020-10-26,NA,NA,NA,NA,NA,NA,NA,NA,NA,NA,NA,NA,NA,NA,NA
"241",2020-10-27,NA,NA,NA,NA,NA,NA,NA,NA,NA,NA,NA,NA,NA,NA,NA
"242",2020-10-28,NA,NA,NA,NA,NA,NA,NA,NA,NA,NA,NA,NA,NA,NA,NA
"243",2020-10-29,NA,NA,NA,NA,NA,NA,NA,NA,NA,NA,NA,NA,NA,NA,NA
"244",2020-10-30,NA,NA,NA,NA,NA,NA,NA,NA,NA,NA,NA,NA,NA,NA,NA
"245",2020-10-31,NA,NA,NA,NA,NA,NA,NA,NA,NA,NA,NA,NA,NA,NA,NA
"246",2020-11-01,NA,NA,NA,NA,NA,NA,NA,NA,NA,NA,NA,NA,NA,NA,NA
"247",2020-11-02,NA,NA,NA,NA,NA,NA,NA,NA,NA,NA,NA,NA,NA,NA,NA
"248",2020-11-03,NA,NA,NA,NA,NA,NA,NA,NA,NA,NA,NA,NA,NA,NA,NA
"249",2020-11-04,NA,NA,NA,NA,NA,NA,NA,NA,NA,NA,NA,NA,NA,NA,NA
"250",2020-11-05,NA,NA,NA,NA,NA,NA,NA,NA,NA,NA,NA,NA,NA,NA,NA
"251",2020-11-06,NA,NA,NA,NA,NA,NA,NA,NA,NA,NA,NA,NA,NA,NA,NA
"252",2020-11-07,NA,NA,NA,NA,NA,NA,NA,NA,NA,NA,NA,NA,NA,NA,NA
"253",2020-11-08,NA,NA,NA,NA,NA,NA,NA,NA,NA,NA,NA,NA,NA,NA,NA
"254",2020-11-09,NA,NA,NA,NA,NA,NA,NA,NA,NA,NA,NA,NA,NA,NA,NA
"255",2020-11-10,NA,NA,NA,NA,NA,NA,NA,NA,NA,NA,NA,NA,NA,NA,NA
"256",2020-11-11,NA,NA,NA,NA,NA,NA,NA,NA,NA,NA,NA,NA,NA,NA,NA
"257",2020-11-12,NA,NA,NA,NA,NA,NA,NA,NA,NA,NA,NA,NA,NA,NA,NA
"258",2020-11-13,NA,NA,NA,NA,NA,NA,NA,NA,NA,NA,NA,NA,NA,NA,NA
"259",2020-11-14,NA,NA,NA,NA,NA,NA,NA,NA,NA,NA,NA,NA,NA,NA,NA
"260",2020-11-15,NA,NA,NA,NA,NA,NA,NA,NA,NA,NA,NA,NA,NA,NA,NA
"261",2020-11-16,NA,NA,NA,NA,NA,NA,NA,NA,NA,NA,NA,NA,NA,NA,NA
"262",2020-11-17,NA,NA,NA,NA,NA,NA,NA,NA,NA,NA,NA,NA,NA,NA,NA
"263",2020-11-18,NA,NA,NA,NA,NA,NA,NA,NA,NA,NA,NA,NA,NA,NA,NA
"264",2020-11-19,10.4987796909927,20.2400592884507,5.83946701334976,19.136336509374,6.29265444784631,13.773772167431,15.7037057702912,7.6218994485174,20.4628483524284,5.85436962678781,13.6799595296757,20.6041753419663,7.70475034343562,25.1035943607084,5.1979586091486
"265",2020-11-20,11.742843565338,20.7139898377884,6.29285308902091,20.1367822652975,6.36469755762204,14.1325317637285,16.8379816836194,7.70292176954031,21.4481077820043,5.88100441460936,14.4976916907438,21.655063225994,8.16096744383759,26.5608343971991,5.50237495121935
"266",2020-11-21,11.7151344422503,21.9788392550653,6.71174343967348,21.3036235180779,6.7338232082525,14.283313791008,18.4789089910988,7.71804424585303,22.5087646170807,5.95060568841281,15.1842923756129,22.5674414093558,9.25837475554899,28.7697557458304,5.78567423016349
"267",2020-11-22,12.104105708395,23.0013043108429,7.73482385061224,22.1787623640274,6.80767030635297,14.8881774840931,20.0895756419254,8.57286235063483,23.7665868338101,6.25154954277731,16.326247532042,23.931911026868,9.61470903136364,30.75260488587,6.37871633993303
"268",2020-11-23,12.0979337078693,24.4478910133369,8.55040203733134,24.0332972144897,7.11753995422576,16.0121341145446,21.5460094378707,9.11409463707458,25.4577257156474,6.12412638304276,17.3402116420875,25.3049099821389,10.567274939831,32.9780633809789,7.04225270658409
"269",2020-11-24,12.96666398886,25.0109476029998,8.93252483903627,25.7332348335766,7.36541750344134,16.7483421108977,23.0421083341504,9.50326801812404,26.9529737421217,6.30907602590758,18.4604117338721,26.6061911259085,11.1080591087116,34.8671629658508,7.41977680858887
"270",2020-11-25,13.2796601989659,25.4375583537414,9.29028390308929,26.1260286878814,8.01108606869256,17.7422480735552,24.4122590931888,10.0244151574192,28.6948483937461,6.27921874739349,19.9462427713101,28.6040465596177,12.1122743086233,38.1300708874551,7.98418367319638
"271",2020-11-26,14.535817830449,25.2318746826311,9.92594453943805,27.1835887991266,9.14572987792664,18.3320098124978,26.2274613199337,10.9054665159302,30.4285303726206,6.91844825711279,21.3600391378929,30.7252493352422,13.2078374551708,40.9348158683169,9.05826614022397
"272",2020-11-27,15.8412239110493,25.6940533003261,9.94623044173017,28.2098830199631,9.7441969910301,19.3172791877392,27.7326825974525,11.9570984949105,32.897429915614,7.51980854415596,22.7798303307157,32.9179368443705,14.1557884769745,43.9867198581053,9.53060965600968
"273",2020-11-28,16.2772655873153,26.6169001763917,10.0560616048232,29.4623064270264,9.8538063711441,20.1530013852292,29.1940793979803,12.6366385468051,36.2279396232628,8.10970178120089,24.3023340044178,35.9530739141375,14.918527344597,47.1909912228505,10.3951774818371
"274",2020-11-29,16.4434637470333,26.6672083278321,11.1507847257491,30.80745648378,9.94959170016539,22.1818742606237,30.9898524908302,13.339073798742,39.505075762658,8.76518054314715,26.0589158410262,39.1919825146114,16.0159270209095,50.8257461390212,11.1448717395027
"275",2020-11-30,16.9070251670718,28.2353944544786,11.7314747581027,32.3567516138441,10.1979164538645,23.334438248887,33.7528128393805,14.1956576047502,42.5093236429995,9.31936959933647,28.1675809628913,41.6638632763956,17.7292838904011,54.753818036913,12.2003346712279
"276",2020-12-01,17.856633921319,28.9528819809013,11.6554440069866,32.4221278604597,10.4520033964786,24.3891493143394,35.9334521431827,15.1265431270703,45.2704168348997,9.7642629498548,30.5540306494468,45.3589124931425,19.3688543908829,59.4347601857625,13.7097747565535
"277",2020-12-02,18.3673623582702,29.2057250380811,11.6930534934208,34.1569539040003,10.0349078221975,26.0570995604584,38.5146496980204,16.019821938706,48.6349974214624,10.5582481467102,33.1626657970701,49.0285563847894,20.7366637511778,64.2559939067257,14.3257072387116
"278",2020-12-03,19.0783745376801,29.8918780774979,11.8652591627828,36.1757861006502,10.219589032833,28.0055768751681,40.5281460439364,16.9066547445622,51.9566345244097,11.3999653436428,36.2553104378944,52.5347007942679,22.0661811729418,68.3521783494945,15.42874968865
"279",2020-12-04,19.2535548665694,30.4954812226336,12.251938622112,37.2880342737452,9.83993775386816,29.9343200375775,43.7362706653749,17.7174273390161,54.7389873775335,12.1669619460856,39.2267972808576,56.1886080389646,23.5783190539904,73.204271246422,16.3171338822566
"280",2020-12-05,19.37362898375,30.2365259247818,13.4684585235282,37.3824741690541,9.87721494147009,31.520571273046,46.936605410402,18.7614549435065,58.2016261571579,12.8896288731077,42.1427067085128,60.0206775903797,25.4244412826098,78.1193619939327,17.3279371602154
"281",2020-12-06,20.0068581991276,30.1877458582121,13.6678454776164,37.6793627201947,9.60351498150547,33.6954831333623,49.1561090618129,19.9347516749036,60.9731341908864,13.7172152867017,45.2296039257506,64.1109736840176,27.020264700744,83.3642597985774,18.4318776067639
"282",2020-12-07,20.1851430512642,30.7245728204641,14.0783299790849,37.1298313354639,9.95439601382223,36.065402328948,52.1268651401873,21.1255869969536,64.6795267047983,14.4149669061347,48.5663238444574,68.530517537153,29.0753519081251,88.9116026150962,19.7450532546175
"283",2020-12-08,21.090222853256,30.868713934986,14.1666642156861,37.3031416237292,9.75909831900468,38.4781621769096,54.987302198463,22.3782398448515,68.3776852309187,15.2291472950798,52.027409544822,73.764083082088,31.1088869243941,95.0770787945797,21.2930781676739
"284",2020-12-09,21.2837966537928,30.2653266957421,14.2695260958449,37.8231410646974,10.3428417274944,40.3257798641008,57.992178008892,23.6301381193422,72.6342741239891,16.0981489358525,55.0757552648448,78.3868449524006,32.8627304600089,101.243048245265,22.84472345246
"285",2020-12-10,21.7209000734316,30.5985191635151,14.0253342206166,38.2354220586095,10.8212464623998,42.2433105990486,61.3962380598299,24.733835150397,76.0842264200361,16.8389298961944,58.4780425595086,83.355790262238,35.0210269216024,108.355065598386,24.3450858601142
"286",2020-12-11,22.2828970288874,31.2781772966393,13.5977020117371,38.8718326683989,11.2979810143229,44.6921316618555,64.2046842354151,26.0302388557471,80.5975274072315,17.4468082868654,61.9210145388663,88.5144044813726,37.5897544754218,114.924116116035,25.9117480136155
"287",2020-12-12,23.0063034840454,31.7976414219671,13.3734578550201,39.6961899934994,11.5142303259923,47.3158122061431,66.4226893554345,27.5685329302258,84.4607177513571,18.697042416921,66.4004479077735,93.8707306384063,39.7258389934942,122.17728794085,27.6071106631887
"288",2020-12-13,23.6151302134881,33.1499528657282,13.8273054135649,41.112011626774,11.8130224752178,49.919618390124,69.8209786364185,29.1397873540494,89.7069538427251,19.883358370676,70.195988844285,99.6587513384505,41.9279107145325,129.200746759923,29.3799426909916
"289",2020-12-14,24.3577374770318,33.9204584285059,14.115505658672,41.5114140929938,12.109397177399,52.2637600240593,73.3987078661138,30.570354727974,95.4297796357419,20.8803060378494,74.5371127085981,104.857341189752,44.4516641963717,137.036380894204,30.7278781709023
"290",2020-12-15,24.0376787564856,33.9590838362875,14.1610160299323,43.0500871079258,12.7636201761099,54.6345717070814,76.4373005619375,32.4823413542546,99.7715232702252,21.8979228626325,78.3882909129236,111.001987849652,47.1020973974488,144.847979013245,32.4528113315596
"291",2020-12-16,24.5954772265146,33.8456422601197,14.3265269692274,44.6132267382668,12.7616613338546,57.317627420769,79.7204383437943,33.8601414318789,105.151865723348,23.2224831730947,82.8604384337873,116.620935308585,49.7468400137082,152.809780552574,34.3303055159229
"292",2020-12-17,24.2007102168511,35.568384838224,14.8361046100383,45.5612499828528,12.5756709562552,60.4803952717357,83.4104591914177,35.3970181759989,109.870463695259,24.5763403235765,87.0978781716691,122.480687835812,52.7394273502456,160.576377067028,36.1341138932617
"293",2020-12-18,25.156994554199,35.6665021413651,15.4140966326282,48.1200581878285,12.9548253558278,62.9912452305931,86.5680156144778,36.9997236022982,115.246629279481,25.441507861019,91.5523137838119,127.598799226379,55.5079767203307,168.583007184647,37.7895025792919
"294",2020-12-19,26.9798072639521,36.9715346584369,16.0608218967773,49.2012194970816,13.353627784239,65.763584285853,89.362951373927,38.9296018190721,120.277704423796,26.9193968096699,95.5631674351694,132.956170232029,58.0981480030481,176.786898573583,39.4200850918731
"295",2020-12-20,29.0460733146496,37.7080561684105,17.1660821097885,52.1138177453926,13.9247980236699,68.3172961795684,93.3797296309512,40.9793190033685,124.550535788772,28.1329992865134,99.7783751456838,138.050672207294,60.7813437047961,184.303365022122,40.910296264931
"296",2020-12-21,30.3808739176476,38.8020618008889,17.6614693612961,53.416851273732,14.2618152771658,70.9682730190362,97.1349183082885,42.5915194252405,129.110899994566,29.1464216978946,103.711816586414,142.149191395987,63.3353578308128,191.903663461194,42.6960237526946
"297",2020-12-22,32.2767718336267,40.6932964381113,18.8865031173058,56.9447045387014,14.6167498097217,73.7130209889541,100.586812721836,44.4111181535859,134.007074601881,30.4373344241206,108.085519748201,147.059932231115,66.0310988910623,198.87341798048,44.2847752041138
"298",2020-12-23,34.8988180315609,41.9063763048059,20.0609072576491,59.2215701835066,14.9941446905117,76.523710131079,103.311830983054,46.3974928944572,138.602703013599,31.486836872226,112.208324543618,151.869236486536,68.2932857019804,206.529820979037,45.7824460399172
"299",2020-12-24,35.971438322647,43.3895148624642,20.6662617567861,62.8655509798491,15.4311171014933,78.6118841631614,105.950338711403,48.0308886104288,143.591200433414,32.7625246224639,116.029255492327,155.648066939068,70.7414507385533,213.374799963622,47.5790447898462
"300",2020-12-25,37.8165886219262,45.0876854030011,21.6644293716682,65.9586944610034,15.5302929785629,81.1670648653548,108.995827615649,49.8274664380101,148.178390403437,34.2334319004367,119.531369460578,159.54813778694,72.9669223632843,220.269167907803,48.9860486600195
"301",2020-12-26,39.4521149623186,46.8710398327155,23.7359958712501,70.6261238848629,16.505131777723,83.5084066598575,112.013095790521,51.6901947277128,153.112267156953,35.3783038155249,123.151994556815,163.26249386953,75.3569952162882,227.169084523669,50.0452537631837
"302",2020-12-27,41.3430692498755,48.6040057505552,24.4327520963153,72.1234878524326,16.8543577451056,85.4454170435574,114.078502214748,53.006746439616,158.934865510547,36.3140594574937,126.995918502379,167.124198542307,77.9417038472724,233.772705106039,51.7605834722145
"303",2020-12-28,43.2505491294619,50.7202560620508,26.125466503012,74.7570021803978,17.6050418914583,88.7973206967843,116.821866629554,54.154384820222,162.381440032092,37.0032985015414,130.720184868979,171.07066155332,80.4501436017136,240.867761517411,53.2808709676622
"304",2020-12-29,44.9054284023658,50.6437989787496,27.5179941129436,77.3645550300653,18.0691553482724,90.4247634313611,118.027753800581,55.3054936542776,167.402743974085,38.062394528982,133.999700128777,175.814464112039,83.3475500269907,246.962412179987,54.7745166419239
"305",2020-12-30,46.8689596108128,52.2048608847874,28.9395814586182,80.3183665172543,18.4864139302354,92.6225840094399,118.809163738594,56.9217943384328,171.387606529218,38.5747737439343,138.102807099348,179.235567867896,85.6781089159002,254.051032379889,56.1082475294894
"306",2020-12-31,48.1717694817203,54.6247196789146,31.0390781918536,84.4333724009648,18.9303988336221,94.3771685250981,120.308852198225,57.4024626050887,174.367884318296,38.8075942170846,142.320739303821,182.460303362441,87.6797615736915,259.946051640185,57.2741149283902
"307",2021-01-01,49.6307364442641,56.9063924352968,32.5610868215421,88.2456797809389,18.8597454913899,96.2385373381872,120.905670772178,58.1355442642897,177.244889433719,39.2728276416136,146.110193993873,185.544226406917,89.5016082359228,265.233206999994,58.5842443242633
"308",2021-01-02,51.5489815612297,60.1555483725317,34.2947153363313,90.9831543473846,18.8513759444768,97.8351183871999,121.225812309391,59.6396683539813,179.693622351698,39.9102673361616,149.257294749658,188.210026627657,91.8889961897574,270.708926884227,59.7936451472897
"309",2021-01-03,53.7067907717451,62.0592408509804,34.6669511206278,93.9965956830353,18.7399139539113,100.60413223328,121.573174307276,60.4748983674746,180.809914767546,40.1530011886756,152.137320669468,190.256920797691,94.1313520609921,275.525391380725,60.9669873117289
"310",2021-01-04,55.2641610811202,64.1582759665501,34.2078116078769,95.5752811923669,18.4105947758349,101.65204742074,121.191506597978,61.4743711175204,181.470658849602,40.1073162698182,154.430561294038,191.887556664751,95.8455098900829,279.603584573901,61.6559699890783
"311",2021-01-05,56.7621352663904,64.2042833462067,34.9724802523356,97.1930553074653,19.2327682614854,102.76525099731,120.469380456312,62.6883707555241,183.800129535514,40.3969653170809,156.597687326871,193.524209706591,97.3212495066537,284.913129197177,62.3901649600081
"312",2021-01-06,58.2536479544414,64.5803956321111,36.2820117275765,99.8012744157108,19.883897379538,103.004112030334,120.515485182906,63.0248877209119,184.989015150512,40.4988617082261,158.273337215579,195.012043123808,99.1121165571743,289.013048639221,62.9439741654197
"313",2021-01-07,59.0846796978709,64.1491182714151,36.2860510389323,101.020638361673,20.1955440629858,102.295248815331,119.175685956922,63.0863784705896,185.300702766552,40.002339538831,159.786346104365,195.441652224446,99.9033001245632,291.719019440136,63.3586320672996
"314",2021-01-08,60.2784372723779,64.4882935113033,36.5914522122312,101.369987545624,20.1512871797312,101.904322759283,117.816174657868,63.7653715538853,184.085070262753,39.4260509779642,160.976190308899,195.91855727603,101.408079529057,294.224869340456,63.4520394201352
"315",2021-01-09,62.7005582112312,67.1750511722916,36.6515688613735,101.814488163522,20.8321266317196,101.850484731399,116.810596520487,64.0600899364171,183.269787914666,38.5633880630147,161.883114293695,195.96103724022,101.984467071586,294.674834912647,63.8434764166932
"316",2021-01-10,63.7094773169581,68.2730547141403,37.0129622564852,101.519330055906,21.6609671990888,101.071990906115,114.583598160075,64.1630431138189,180.691818097666,38.2623412706652,162.280308561183,195.731714556035,101.985861995959,295.040991167675,63.5382165576104
"317",2021-01-11,62.5195919292505,67.2328788614618,39.2130080458003,101.974846776056,22.681269805723,99.3285393631086,111.914847298559,64.0882580436268,178.48940399568,37.6670213658094,162.256007311441,194.822581640207,102.469375288289,295.359870382769,63.4023669124726
"318",2021-01-12,62.7330654439905,67.0516545284305,40.1609185029426,100.814678370761,22.8193859470407,97.3841898780439,108.612615790431,63.7334667281634,174.210776237943,36.7279031939757,162.192173871158,193.796069835632,101.822557755244,294.512931514163,62.8030325673369
"319",2021-01-13,63.5692093312478,67.4977360731454,40.4559559891989,99.8980699263004,22.3029005961108,95.3237403027138,105.194757236571,62.9682852957845,171.074334225056,34.7336985042269,161.106378920016,191.553187077597,101.218008272322,292.748882353172,62.1693365154251
"320",2021-01-14,64.019899250155,68.6644695239103,41.1291867169775,100.953129594877,22.5418361053398,92.5487053581491,101.283909849981,61.5648594672051,166.426508245228,33.6428209771145,159.946980557994,189.097758339428,100.154832494355,291.204940412101,61.7431911436003
"321",2021-01-15,62.5640471836661,68.3096625668726,41.4514701186822,100.75589002634,22.2285711416636,90.8756545669545,98.6443245009546,60.3739970600501,162.62679552488,33.3512577334255,158.617420075971,186.601106298897,99.5443626651369,287.35617530843,61.3554487784882
"322",2021-01-16,61.5288347037387,69.1785913415415,42.2378976749554,98.587765468135,21.7729189591107,88.9260608489875,94.5711780054629,58.9429773261722,157.974302688777,32.8534134400595,157.08501594331,184.204113505985,99.0644401369834,284.259643736918,60.7753371031375
"323",2021-01-17,61.2011795229471,67.8840509619159,42.8011682083562,99.3074739130948,22.3928001822014,85.9571013570257,91.3482403757954,56.856387474849,152.50968267566,32.0594147156063,155.624237782767,181.790951145372,97.3418809853787,280.343433829561,60.0373260598374
"324",2021-01-18,62.5451386999821,66.5670291886306,41.2922208170014,102.04114060025,20.9035732591344,83.2077043056967,88.1704470744667,54.9483168285336,147.006702475807,31.2412561043702,152.996606498314,179.985649039604,95.9499865107791,275.852132337017,59.6247148774856
"325",2021-01-19,61.9217045954001,61.9326044987614,40.5955354688173,101.550529294534,21.4620449864406,80.6829214582971,85.3355046838811,53.6358171908406,141.741933911297,31.3456289279281,150.97727503785,178.598220382722,94.6207686515366,272.807331442139,59.3070597453637
"326",2021-01-20,60.6058526464235,59.4238167740848,39.8594718981574,102.022730310456,21.099526061028,78.0622541164661,82.0554246239395,52.3230018364939,136.861562290801,30.1537075868076,149.211392572271,176.905825098082,93.489478000927,269.424978191252,58.6260308044922
"327",2021-01-21,59.4452216330295,57.3352204146805,39.0509202836502,99.0128495448949,20.4068615911413,75.3883862124158,78.9897918417136,51.115846745152,132.362465933409,29.6153103058237,147.441004827349,175.053617885915,92.7869651387197,266.963854749216,58.519556533571
"328",2021-01-22,59.3109970831717,56.9134210885271,37.5810374391128,95.1515107604709,19.5793258310903,72.8049464237368,75.5217270905991,49.5516157613017,126.815437227356,28.88549214854,146.11442122043,174.043070674552,91.9715398735544,265.028871036808,58.3361424586424
"329",2021-01-23,57.2900296735828,56.6081045434309,38.0190001841185,94.066346266877,18.8851131847283,69.5116079824785,73.3589859478685,47.7692980165442,120.077209393949,29.3993182136435,144.326057729685,173.498101167277,91.1475216585633,262.802353309841,58.6074801371607
"330",2021-01-24,54.9807011595887,55.1707293317752,36.0036022503305,90.6942115021681,18.5074140549132,67.1118452056964,70.1092789569449,46.0745855322414,115.219874021371,27.8652241779893,143.146050922859,173.436039070439,89.9749696527531,260.863195328158,58.1384038189554
"331",2021-01-25,52.8421233487073,53.5743350402037,34.1993329613313,88.8682979188867,18.1328258966991,64.1454946554093,67.7312040020798,45.1656418299498,111.827022266183,27.3394492786475,142.559545861591,173.048394935115,88.7902999783322,257.821324530573,57.6063166471096
"332",2021-01-26,51.9247291759909,52.7109986150898,32.7007262916284,88.0471429121922,18.5394174665765,62.5359753113868,66.8995012441005,43.3610565469794,108.944215199904,26.9906867979377,142.057311968575,172.700991211394,88.155873464549,255.074796829978,57.7318068048716
"333",2021-01-27,50.5452705502701,50.2304626198087,32.4844578221647,86.4592064212944,18.8081764134644,61.5472604123204,66.4953528916097,41.5385296963288,104.434226490761,26.6176824639955,140.856611299267,173.274046998741,87.1529674120148,254.121629772712,57.8291196627517
"334",2021-01-28,50.0327330354839,49.3221806087282,31.3128468044667,83.9666451634219,18.6828129573681,59.5960549169901,66.5318996987507,39.6313646914129,101.759205199823,26.1214057120434,139.903428956942,173.816908419737,86.2414906368531,253.346491194751,57.5883782970044
"335",2021-01-29,48.1894957433671,47.9659710107072,30.6008169825578,79.8784662784658,18.9997368402828,57.5415371261748,66.7518236107742,37.2481837081718,98.0340146395056,26.3977478807641,139.013186380081,174.844427917227,85.8869857251669,252.141556045649,57.6599657099686
"336",2021-01-30,46.6770219165705,43.4387427879767,30.0351356747393,76.324046014346,18.4858729845252,55.8228883204673,69.7830463805266,35.2912313450227,96.421220711563,25.5543606488831,139.160150482647,175.832744465579,85.4639524892602,251.289428729112,57.8484173116874
"337",2021-01-31,45.2010785269555,40.3713311026525,29.1693224981315,74.2765062115875,18.1020544414163,54.9981951380761,72.1790767796294,35.3428700912906,94.0472514015333,25.7634390725353,138.774805726754,177.579156418944,84.7511965721737,251.174885791942,57.6519341996001
"338",2021-02-01,44.0947559240325,40.2381659621807,27.8362960000069,72.7312862528912,16.8812766104937,55.1393190207192,74.4702018711302,35.2273146401236,92.500269545419,26.4918404361872,138.266597987479,178.091695584006,84.2103261057537,250.527617147558,57.6896441025441
"339",2021-02-02,42.7951442923143,39.3420179324854,27.7236248531825,69.1463981346823,16.9381226822809,56.4562172788482,78.7604075330188,35.1213285767392,91.9950746459013,27.7672109860481,138.490211293873,178.694799392998,84.5522397436919,250.366320695113,57.6463889516902
"340",2021-02-03,40.9380935071481,37.5711907583457,27.9101683979155,65.5449797848775,15.8414014531543,57.1504016180516,81.7438056613452,34.7667077408083,92.7897553516069,28.2897014513171,139.036966212955,179.706568732684,85.1886798529388,251.95584524464,57.7399695928333
"341",2021-02-04,39.6276103241162,37.7829243839065,27.2896958575943,65.615885081282,15.9674669249697,57.6005415597174,85.7361436247328,34.5785433459331,94.3991922920431,29.1428387799325,138.395783602793,179.665534024373,85.4218294507488,252.73196693068,58.0334590997857
"342",2021-02-05,38.5952636342855,36.3950460227762,26.2320295631123,63.2130524496326,15.7740094776186,58.7396678666556,89.5360039131566,34.9254802848166,99.4498092172514,29.7979071916593,139.182195576151,180.620737814681,85.4125390987419,253.271487374625,58.0193545561667
"343",2021-02-06,36.3417717647338,34.2341112780805,25.9841778780857,62.1781915143887,15.3100457216822,60.1884769633127,93.534355817519,35.9936219252741,102.01155998574,30.2389990427628,139.474799827249,181.415782300824,85.6897706685683,253.244611975871,58.1958223449786
"344",2021-02-07,34.86757089331,33.8783762155154,25.3485206668949,59.0527518410446,14.0864296399052,62.5562323806465,96.5806238871776,37.6510542747725,105.113387322426,30.9538417351268,139.804077441268,182.485649714045,86.0533275073457,253.473875112813,57.8931885601484
"345",2021-02-08,32.6918950200199,34.3709088474541,23.235627277954,58.6648052498259,13.9872933407432,64.6882543162909,100.104381743923,38.1961224189799,109.773012753599,31.855110918078,140.327472784174,182.921826856405,86.4338907003017,254.331233486262,58.2013978119635
"346",2021-02-09,31.006289684514,35.5325203159022,22.4347804758594,55.812582586725,13.6647127668312,66.5313260174991,103.06633167819,39.930940909971,116.333450516641,32.4334679138442,141.580552962484,184.207914726135,86.9655887401074,254.641500636418,58.4740770174697
"347",2021-02-10,28.910378759193,36.5861995839961,20.945748375267,53.1349931777543,12.5993799450608,68.6407111646029,106.407290126711,40.9981274471083,121.389373942098,33.6479959990669,141.771197625345,185.041658917521,88.1101444697346,256.076257067909,58.8951986928115
"348",2021-02-11,27.3468005441222,35.8370967016024,19.2862645424146,51.0469391834613,12.3166300179879,71.4124703688968,111.269228494313,41.8484770263768,127.907246162995,34.6411187628637,142.909318473549,185.788792299064,88.3718389439707,258.039366713109,59.2072292415687
"349",2021-02-12,27.3995894129821,37.9205666492472,17.6734086978149,49.9399576992212,11.8362789760972,73.5270179231013,113.763722196856,42.6812222358082,133.303433898721,35.4781551526645,143.398849469114,186.282715466736,89.6463926484434,259.633053445671,59.4435215766987
"350",2021-02-13,24.9905482132746,39.0751759433019,16.5374574829385,49.9398388063077,11.4240699840293,76.4105642271114,116.369664605489,43.7916224211632,137.824037873545,36.3784246381066,145.18867611958,187.313424426126,90.4917933077655,261.839756104409,59.8367654511337
"351",2021-02-14,25.6607555422673,40.6035712715027,16.2565179235899,48.4891482705151,11.7887393303949,79.2312320735297,118.402507485768,44.9661800150186,142.55939972017,37.327003210765,146.138920039027,188.568307427547,90.9650580924985,263.067292655419,60.3037678819595
"352",2021-02-15,25.0808193646061,43.5643130899593,15.5463822158083,47.6135419287412,12.039284654829,81.6979489508166,120.694931444169,46.5719479064259,147.067217643663,37.8519607694866,147.075369158635,188.776667023382,91.4828749077338,264.635065078693,60.8017335393004
"353",2021-02-16,25.6676352631091,44.7358636889912,16.0076348971358,46.3214583103771,12.976878476737,83.8774749405393,122.86638274981,48.4779044499551,151.194950121147,38.9069044968643,148.030093938424,189.938359901147,91.5454621947091,266.257637117104,60.8988630753927
"354",2021-02-17,24.8686047055318,45.6562974845749,15.1574239236092,47.7841762511399,14.1350406791067,86.9544728960079,125.278869627349,49.5846380097142,155.218074531877,39.6642528895588,149.154118830201,190.764179266836,91.8817776286877,267.762416241632,60.8718922982711
"355",2021-02-18,25.062908350788,49.0119819533958,15.102462547545,49.4899989896949,13.5821344051662,88.3190766986277,126.225652429585,51.0265312708759,159.955690648033,40.6653394521714,150.061523050867,191.853300877101,92.1835483299433,269.70535828033,60.9254159043185
"356",2021-02-19,27.140560053175,49.2454058770968,15.6163175877029,50.5091823335124,14.1643037245041,90.7781252634069,126.308247249469,52.267305455953,164.329735205931,41.4135722857332,150.535991562514,191.618669821658,92.6432111245829,271.532063398206,61.0423144404694
"357",2021-02-20,29.0942326759102,52.1886901061906,16.3642140049561,50.1469777254821,14.969448052617,92.1717885209419,127.469286849016,52.8946462211241,166.293479246845,41.1212113593252,151.138368391352,191.877670805212,92.7362731912272,271.724456443946,60.9456770538903
"358",2021-02-21,30.4581269942851,53.7575808607493,17.4970711834867,53.8611873244547,15.3475568088214,93.0573376183225,128.68264544506,53.2749015858116,169.214669730361,41.3918639979059,151.934965945356,191.576268672138,92.9792811240176,272.496932730269,61.0045314103399
"359",2021-02-22,30.917541541979,55.3274287763312,17.3564829386601,54.3736551557829,15.4728794993046,94.5506906900136,128.043711761536,53.4935068085078,171.31322030445,41.8002288759654,152.337450041417,191.076339765009,93.472383472191,272.704167928428,60.5807625317422
"360",2021-02-23,31.8246759606441,56.0636914589113,18.8483421021585,57.3002999555849,15.4086826172778,95.1460150220802,127.706574514747,54.3981388312478,172.617976790013,41.9224089813948,152.049924855104,190.272163970474,93.3519967630794,273.367473419709,60.5230682779023
"361",2021-02-24,32.7916814908903,57.4789037386762,20.2840916730328,60.6121635894974,15.8665528707404,95.4528437605227,127.849586668767,54.7130395320101,173.046455308653,41.649196345224,152.170216111039,189.229001105844,93.2102139137908,273.314880313334,60.4669488490546
"362",2021-02-25,33.1284998151139,58.9808814362756,21.0218784840937,61.9491525365763,16.4739187809094,96.2908582096196,127.141502268042,55.3964179861115,172.427759047679,41.863469570664,151.894656375049,188.934492241299,93.29823042637,273.039585362794,60.3230956590939
"363",2021-02-26,33.6324898721459,58.9621435753484,21.361750279413,62.6928225556961,17.0028674052349,96.1939985463294,127.980237096785,55.1853121935085,172.800270409978,41.9218849524901,151.025225620432,187.300617888975,92.9970442957779,271.958976511514,59.8098211374877
"364",2021-02-27,35.3516619128436,61.3986512474012,22.4181706434758,63.407407887407,17.9234308936654,97.1076686290389,126.235380336741,56.570777783368,174.030916063599,41.4450954693692,150.539440697567,185.55071866909,92.8489354927956,271.92887309395,59.1335126500963
"365",2021-02-28,35.9825565378559,62.9415601967412,23.6810974196721,67.8344307855531,18.2174195483334,96.5841274616312,125.880923862988,56.6612997066542,173.649438184678,41.1652346018905,149.754503122732,184.89371574822,92.3684202539353,270.675156228473,58.5660248947487
"366",2021-03-01,38.0154491621499,63.9923774757588,24.9826815013921,70.5563560212686,18.7455994836121,96.0730855132554,125.159599993543,56.258315625649,172.864186684378,40.4596643765876,148.447078291515,183.317057448447,91.8372081607894,269.404803855619,57.576691746973
"367",2021-03-02,39.6767879244276,64.9512124598148,26.2567967391302,74.6391276409364,18.7541828667634,96.0742603638341,123.950100017897,55.9848670938089,172.374575361639,40.1328180678512,147.031631820195,181.397150307805,91.2845602638286,267.115921338519,56.860983199208
"368",2021-03-03,39.7846625598358,65.3823322848,27.6601586221048,77.746945277612,19.2937165937514,95.1669809776441,121.749327645463,56.3653597943318,172.627879969032,39.7077606085937,145.860657286139,179.557209566384,90.282530898658,264.656304314008,56.2523269307245
"369",2021-03-04,42.4827906333847,66.4750141030448,27.7075801902656,81.3029980997011,19.6956689401503,94.4955310898666,120.344699940626,56.0080315483907,173.088549086401,39.1148315650915,144.442056121029,177.613265254777,89.2461034982446,262.293389558769,55.7816214602406
"370",2021-03-05,44.690316344819,68.5975172655687,28.5071811128354,84.1033553135664,19.191388042557,94.2146236789084,120.112903590735,55.830235615694,171.993000482304,38.1089758299659,142.675670066994,175.624855867886,87.8659518832296,259.232311369805,55.3914974300502
"371",2021-03-06,45.2241017047326,69.5046716055835,28.233446477538,85.2320215646678,20.5302216256912,94.1256037201528,118.667031409611,56.0300174695879,170.283395275647,37.0748341194005,141.120016084864,173.513869150403,86.9632739250582,257.185616327342,54.6214642272181
"372",2021-03-07,46.5889941402473,70.016207945018,27.9161243728423,86.4711476447491,20.8835910465609,93.986158841217,117.020472729426,56.071429841316,169.384762348184,36.6322253587704,139.726385239796,171.55795460092,86.1875793201419,254.755564234916,53.832152006207
"373",2021-03-08,47.6759635455855,71.2818306092093,28.1772847343388,89.3117258538877,20.8547206886115,92.4226123896511,115.97905647947,55.7687093482477,168.595101521647,36.5455701266267,138.202770762264,169.353045379287,85.6040029462129,250.998618990121,53.1496588315488
"374",2021-03-09,48.1806755867952,71.6327395469418,28.4138060632503,90.8021165777538,20.5599124511755,92.1566876486746,113.775128687823,54.8458105364073,166.921858784747,36.346146473851,136.352084573262,166.579768412286,84.9610521311898,247.409544897876,52.3728973993889
"375",2021-03-10,49.0289710273426,72.1614119526496,28.5492556820664,91.5385130696365,20.3319330118904,91.8085849441552,112.240138142381,54.4523074326927,163.86672545671,36.0267141201559,134.896788350451,163.146359662973,83.8957192881668,244.39965606305,51.4546873724363
"376",2021-03-11,49.7149311072639,73.1258504224053,28.6167673750897,92.4985641780455,20.7755715926181,90.2966932032934,111.131889898409,54.1103745871174,162.548067505438,35.8670765011306,133.833759733076,159.779879102752,82.6571055229108,240.994106594225,50.8358617935278
"377",2021-03-12,51.1224999388723,73.5037243954346,28.856877429826,92.1719554691122,20.9592461696503,89.7934391887565,108.442540674476,54.3282769886433,161.79581150978,35.3471549405531,131.539515554259,156.880500661775,82.0345915391583,238.117321506404,49.8223493713997
"378",2021-03-13,50.4290590830327,73.8016937475015,28.6811784974049,94.2471617609782,21.1586270821148,88.6190449075761,106.611137406908,53.6398802922294,159.674948063559,35.100637819885,129.158461189679,154.242658701547,80.7134307565864,233.98758132249,48.5268003005024
"379",2021-03-14,51.7416116389894,73.3520577420975,28.7234116183994,93.632790063097,21.284251807381,87.2427502823989,104.319036031207,52.5002662453256,157.417063646365,34.6529002413119,126.589087554533,150.659382567795,79.1793593040029,229.50603191446,47.7880763457837
"380",2021-03-15,52.0983145120838,73.2730339210818,28.9495142446294,93.2369796539978,21.4423500344528,84.7349047265433,102.215365789288,51.5110736783558,154.446663311869,33.8982476708133,124.272416334405,147.639079156291,77.7158555829925,224.884670776318,46.5917226264606
"381",2021-03-16,51.4487062519554,73.0874091413836,28.6670106568508,93.0530896854049,21.8642259181522,83.2273157366438,100.265852544179,50.4099203754267,151.857894478285,33.332081828768,121.219210646489,143.358065205679,75.9884976180094,220.319484285229,45.3964792318039
"382",2021-03-17,51.6826796422167,71.9416386733024,28.8242953079516,93.1543577885651,21.908617026184,81.4379809843639,98.1467561109231,50.0347015528012,147.70518484617,32.4116707911362,118.778487304591,139.902526146404,74.0193474754543,214.404903806957,43.8294918328431
"383",2021-03-18,50.9852674799299,71.1231150892591,29.0162777592165,91.5372055505301,21.7395952124229,79.9786682707202,96.6838521314703,49.1275933078113,144.836010983116,31.5222609274494,115.587238816241,135.575217953664,72.3514874650708,208.376057228986,42.7198710519936
"384",2021-03-19,50.236913718898,69.9837659746887,29.4550398913327,89.6181343255928,22.0587284311676,77.5038810775024,94.5239141771971,47.7466826330887,141.583024858742,30.5666222596454,112.324934630706,131.542675328298,70.5220326415034,202.326180665526,41.0426144307104
"385",2021-03-20,49.1531026487647,68.3938913573427,28.9015462389125,90.6136544622277,22.0871003076456,76.3927444673946,92.3249948148396,46.3827610947842,138.718344468666,29.682506982924,108.851950349131,127.818826236531,68.715283643658,196.245991385679,40.0568002253133
"386",2021-03-21,48.9230965393647,67.3706121020137,28.4507908501679,88.6519000078397,21.1473402582925,73.9978943156425,90.5867805141338,45.992422793035,135.640583199622,29.0790783489181,105.85748032044,123.378095917586,66.2228216864151,190.848025467683,38.5195632855481
"387",2021-03-22,47.9871792773862,65.6105888938668,27.5352047386614,88.2041630253357,20.4577460879736,71.5187535791361,88.5461100910726,45.3436605235681,132.757491250075,28.3723216714074,102.67390119959,119.013360303774,64.4972724511139,185.325657819868,37.0685547634263
"388",2021-03-23,47.2995507378241,63.4119418958291,27.1368637649969,86.4363927984041,20.4925443759432,69.9133005086968,85.9997770767232,44.3452571934967,129.78614774548,27.4285399948069,98.858170567178,114.626333466073,62.8306120704612,179.464223212173,35.9496033251934
"389",2021-03-24,46.079035363167,62.0798679122306,27.2502752279679,84.9085390287691,19.8903871254433,67.9751237331404,83.8579099364672,43.2403459942933,126.303122065275,26.7211796889994,95.3143101336991,110.587121496269,60.7176301446345,174.066510360453,34.5979478960229
"390",2021-03-25,44.5428936531968,61.0970539387948,26.6048750231983,82.9575795211022,19.0983638042634,66.9893376116731,81.0785369460546,42.6746206142031,123.269936737176,25.89360236498,92.1045712303276,106.033731161101,59.2153348697533,168.235848522328,33.3789726404644
"391",2021-03-26,43.6591843144143,59.5909179321816,26.2819329578325,80.7972617110258,18.6472350497332,66.7397617075905,78.773818570401,41.1636873709642,120.847841536988,25.3483440623789,88.8673799043984,102.376249786829,57.1258262272445,162.249279779379,32.3046446787466
"392",2021-03-27,42.2596438697725,58.1718950611032,25.5585113024996,79.1773957641952,18.5418445684349,65.2329681349389,76.3465534519815,40.1857945406372,118.345934743786,24.6140560836816,85.4388841729556,98.4184865746978,54.7008171722138,157.190367473003,31.1940439705844
"393",2021-03-28,41.6025765428056,56.3413480491903,25.0374594358134,78.124223996146,18.6384012189887,63.5542061017353,74.014178342078,39.3758631395402,115.427786087495,23.5417446349674,82.4327529221562,94.6865118955604,52.8084582718707,151.93409607515,30.0608103406927
"394",2021-03-29,40.9339406849622,54.9726693457758,24.35404227228,77.0925417923161,17.5826441413116,61.914782099351,72.6719425554081,38.0503425052778,112.023706773698,22.4198278349064,79.3191416614554,90.8370476376759,51.108154537291,146.779530850921,28.6610716784594
"395",2021-03-30,39.6047976891689,53.0078060289237,24.062990254746,74.1850684100244,17.2329444669215,60.248140809087,70.40568963373,37.3609996937693,108.949351494503,21.7696353013231,76.3737067384375,87.2696837217015,49.3340958200373,141.177203253001,27.3973196981675
"396",2021-03-31,38.543968399738,52.0509305872623,23.3730079365066,73.0002739720886,17.1124954346232,58.2471911068448,68.4070543580902,35.891007824127,106.262779629539,20.7968942247008,73.8826888714731,84.0082085295599,47.4716599631188,136.324679606798,26.3617478982167
"397",2021-04-01,38.100492122806,49.8489656362095,22.5729927125315,70.8988540104846,16.669133150827,56.646192247052,66.4802108687541,35.228474188149,103.376866503944,20.4262171701425,70.827581826608,80.5530367442453,45.6035005030479,131.134041146473,25.0734755286638
"398",2021-04-02,37.2131613142447,48.8681900626573,21.8729856215378,68.6070286122348,16.1012227796525,55.0084641023082,64.9394880886956,33.981828096134,101.22343728108,19.5703694142883,67.8360694493652,77.2356346392744,43.4815953588193,126.436539416634,23.9937170553353
"399",2021-04-03,36.0877749383361,47.9524764741092,21.1576079697115,67.6086348035515,15.6265799201233,53.2691358960509,63.0225734502418,33.0137695464058,97.6163041479194,18.8729493580056,65.5323469191632,74.5705421954394,41.9129564330055,121.618095311785,22.9353295716576
"400",2021-04-04,34.9942852477372,46.6248257369398,19.9893565429205,65.5459953010098,14.9681119383842,52.1694960080565,61.5440469600188,31.6289472413383,94.9096737051131,18.2494451136276,63.2682170491734,72.0021124642045,40.461797950976,116.449551421625,21.9402492786273
"401",2021-04-05,34.4365267557575,45.1993846750152,19.9022454763275,64.0587181810564,14.4421042441882,50.2814710120648,59.1628652487279,30.7645861895955,91.9465861163108,17.4794325848117,60.8656856981151,68.5281111111108,39.053564493577,111.962922038587,20.9365763619028
"402",2021-04-06,32.9064488360564,43.8983983193009,19.012561636981,61.5715792797294,14.068048905232,48.6035587815139,56.930084797898,29.3499766491359,88.4255039633928,17.1473729487739,58.2746673314842,65.9542736009455,37.5590710019946,107.63121076526,20.0215731400772
"403",2021-04-07,31.9956930695367,42.4802821906823,18.3273020382161,58.83442869613,13.3637569567843,47.134096988136,55.0083391021997,28.9566506570032,86.4356481049899,16.7651349884217,55.9715683633388,63.0698750631744,36.1179648194491,103.807664470251,18.9708931667239
"404",2021-04-08,30.811919365726,40.8294011712148,17.2112608486421,55.8808498056356,12.491897373898,45.2056698896875,53.0256745427462,28.4601140168992,82.9647855635782,15.847953333066,53.5360693985242,60.1675972527535,34.8807704432228,99.3379686834059,18.2379434887534
"405",2021-04-09,29.4592515179867,39.3987230123008,16.3948162539261,55.3495200972872,12.0208152801713,43.4591623685568,50.7962219286859,27.5679241773361,79.80594581017,15.2525808102775,51.1603899549839,57.8507318696546,33.5853774410036,94.7702756898241,17.4915637203791
"406",2021-04-10,28.4230430285007,37.5004999966667,15.6079907419245,53.6203319646568,11.2494166515424,42.6810788815527,48.4528309323597,26.4669753970385,77.2764790602858,14.3720896375609,48.8400879078981,55.2454988255553,32.0070969638823,90.7829795489141,16.5653302021385
"407",2021-04-11,27.2371070416812,35.9275312260667,14.7742174073621,52.251770304938,10.8049757056645,41.0186661337081,46.3315075218048,26.0431300814463,75.0685377260755,13.8492175756469,46.3024807454567,52.7524036284729,31.0253505901022,86.7066324175396,15.5428651173252
"408",2021-04-12,26.0319035032016,34.9577959831566,14.6824512599225,49.7684387940791,10.2437480933494,39.4195162029837,44.9215075980408,25.1692945106991,72.1975120154119,13.0843658361403,44.1926390087824,50.803702559672,29.7275374534283,82.5272861744635,14.8536247250982
"409",2021-04-13,24.5389486327349,33.6682342869358,13.7413381808323,48.7416595429413,9.69274857818978,37.5236056076505,42.8538889827283,24.1898219418367,69.1700210555947,12.6342681028052,41.8124598571761,48.4116223856102,28.2255669519283,78.7133524635774,13.9160221815144
"410",2021-04-14,23.0282435283284,31.7047315080888,12.9315263986894,45.734122928072,9.27897488950153,35.6927300820781,41.372078204531,23.5123029487536,65.416392971766,12.2098801151301,39.8958501540645,45.9971057311233,26.7411453119562,75.5427347604421,13.3304959841482
"411",2021-04-15,21.8134706087775,29.9729461348063,12.6778349886722,44.0320266964854,8.67175731902133,34.2666815709071,39.2569971256121,22.5582761550441,63.2285657262916,11.8050763451948,37.9721408713407,43.4601857170509,25.2062952536707,71.4125380324442,12.568725948652
"412",2021-04-16,20.9203250452759,28.4705878934735,11.6081598455569,42.1429042069955,8.25041665614531,32.7209090196088,37.3185410201828,21.5002408774415,60.3290300375857,10.899501712436,35.8905448701,41.3613654543601,24.1274011839086,68.0248013391574,12.0112579255887
"413",2021-04-17,20.0077328800641,26.9805022191953,10.9640321050241,39.0097423728996,7.74903219763604,30.6469070516908,35.7171714102194,20.468241149449,56.9227453611976,10.4259607936049,33.9020624047286,38.7742136693285,22.8270282339397,64.6939924904922,11.5032514735473
"414",2021-04-18,19.1244444363751,25.9805696627306,10.3700289295643,37.1119842503739,7.26081090512623,29.7923919957141,33.8377117253171,19.3231424835823,54.237291764609,10.0263506908304,32.2007591734959,36.3988048018538,21.4923757303112,61.392566122345,10.9464235362649
"415",2021-04-19,17.9963711619871,25.1490432223574,9.8822758006443,35.6247719290945,6.99714227381436,28.0615068618243,32.0682398377794,18.188429012552,51.559120148254,9.48687597701555,30.6089522603684,34.2335920336942,20.414144495955,58.7856581148838,10.3800938052045
"416",2021-04-20,17.1609294620076,23.6334508694774,9.06352580401247,33.0001420451488,6.49302510390958,26.3710374882003,30.6989399973823,17.1954795576999,49.0823038193991,8.82522646215205,29.0103672198125,32.2147847164196,19.2184836059125,55.3948719098621,9.92111836535463
"417",2021-04-21,16.4735393889716,22.4363544275803,8.7548557955,31.2603582832955,6.21243712241822,25.2675676268562,29.444858781147,16.541119899049,46.9601445015882,8.49499316096536,27.1694837975805,30.6066509270266,17.9005402868336,52.2323747991859,9.40378661860031
"418",2021-04-22,15.2559619493495,21.5319384868153,8.27915303639207,29.5943829129786,5.82102868915796,24.3218134385344,28.2275688163123,15.5116081617268,44.6810162952734,8.23461407395823,25.5404855354021,29.0419265949423,17.0409155495873,49.7068806025761,8.80644620773263
"419",2021-04-23,14.2493640208958,20.0252184757121,8.20959804131725,27.9116351187099,5.39791626463397,22.9025851692656,26.4680938240088,14.6571405707385,42.3416597797588,7.81778530211041,24.1942027429461,27.1064950911136,15.9942982920374,46.7691853718452,8.29247843626481
"420",2021-04-24,13.2272209855283,18.720042734994,7.80860903106309,26.626866131785,5.08127690644783,22.074783766033,25.3338963642366,14.1504564419831,39.6391920195905,7.41925043934731,22.9315218296912,25.4585412618907,14.9444368837245,43.8146510706511,7.82849024496876
"421",2021-04-25,12.4072559415852,16.9970401835143,7.07950386679745,24.7865765082635,4.70365549333707,21.1247843032369,23.8907200696923,13.4852767579024,37.7969774297652,7.01476461996437,21.5644544127053,24.3641747321887,14.2289234164674,41.2002260214851,7.17016347726168
"422",2021-04-26,12.0734988714954,15.363837411272,6.6932802122726,23.1259594395562,4.1411803872809,19.8387415365427,22.4083472131197,12.7366543748374,35.9291123323239,6.68457377856015,20.8541780434644,22.961638657269,13.4865407724486,38.8266020887456,6.74449153679989
"423",2021-04-27,11.4379849623961,13.8164530542394,6.4922550011533,22.0947391928486,3.94303182842847,18.963399278819,21.1558436854731,11.9469282680144,34.0897142607397,6.44296515679344,19.6461762394225,21.6428660901267,12.7328567698884,36.6602647153091,6.26760286511043
"424",2021-04-28,10.6733019726793,13.2135347276949,6.17069688122825,20.6797001912504,3.56230262611138,17.9759209351125,20.1210282449813,11.372103937929,31.877588399277,5.97503693473301,18.5410325464704,20.3436633052703,12.0341152892869,34.4232725654846,5.92999250190625
"425",2021-04-29,10.2409716335902,11.8308653529655,5.89698015936971,19.5396391983066,3.569926469831,16.5835262899876,19.0324189242103,11.1207462966106,30.2650086341542,5.62466452327239,17.3478955775292,19.201877935842,11.4278421616064,32.3646690187315,5.48376452415687
"426",2021-04-30,9.42867965305853,10.9652861339775,5.3644664226743,18.5707936017823,3.62206777959773,15.5980295462901,18.1983163833597,10.6528078247209,28.5590648534556,5.41356479223142,16.1860333659784,17.8360086772891,10.863342632394,30.5150487351398,5.07611272680434
"427",2021-05-01,8.62550723146181,10.0920760995942,5.08822169328342,17.4147746181224,3.2676444114989,14.4053669530302,16.8270387688279,9.98875307163569,27.2034401242696,5.14698583653046,15.2117445066059,16.7353599088958,10.3520518334594,28.7770750742147,4.70340169911656
"428",2021-05-02,8.26101537342717,9.30806102257608,4.60543157586778,16.6237029569227,3.07245829914744,13.4742144434693,15.712182420576,9.49623843286758,25.741895498333,4.91891006653336,14.5245318787759,15.7354031442072,9.72244689892529,27.2717642744946,4.43602365664938
"429",2021-05-03,8.18989468796761,8.63191751582463,4.1199969660183,15.9293557622397,2.97478990854817,12.7983149275425,14.8488921643416,8.97085258076804,24.190243501454,4.78977067848733,13.7877703194035,14.8206092361781,9.20670313950449,25.7174722560121,4.15992680265653
"430",2021-05-04,7.35760660813012,8.2478785151092,3.84634566829348,15.2257799471817,2.93246909617135,12.1926392148159,14.3092860380655,8.62178511693753,22.807640179477,4.50827829221669,13.1661249300901,14.1322990633728,8.58125872958526,24.2931975327823,3.81200725444725
"431",2021-05-05,6.56691518142271,7.80368502696002,3.58599707194526,14.5601983159571,2.86694523840271,11.2576036628918,13.4346547457767,8.18304232489626,21.4448554452687,4.1577483563151,12.5272952644854,13.3062566130337,8.01483261637523,22.680161719885,3.59884641263422
"432",2021-05-06,5.83518423016789,7.2335589442542,3.43365694267788,13.9999776785536,2.59795592726282,10.6308447112135,12.5042688357923,7.39128419862019,19.9848786143423,4.06068126487976,12.0677152870432,12.6526300177782,7.5581605568723,21.1351693976445,3.42181076731833
"433",2021-05-07,5.66739578642607,6.92093743650382,3.13438590476667,13.1918298579083,2.48545770432731,10.096550391971,11.8359904827114,6.88128880780557,18.7815333192794,3.83116378899282,11.3245408868341,12.0335990986253,7.08234277896477,19.6766717302653,3.24132827657734
"434",2021-05-08,5.13803221087607,6.67977357400683,2.9,12.4903963107661,2.45446022579304,9.63595257749003,11.136502011783,6.49911129639363,17.4264828033686,3.48641924695665,10.6305731322967,11.3750813678218,6.73883174498349,18.5823594585021,3.00237506906837
"435",2021-05-09,4.69567620263578,5.77386352453883,2.78376992583798,11.3454561389131,2.27541205059655,9.07004513665488,10.5071504118855,6.20609278610272,16.3361667949051,3.21893109495858,10.0013839872739,11.0165886869565,6.36213887561913,17.5756437320275,2.83007476639593
"436",2021-05-10,4.4271181371181,5.04876222454573,2.56466372064643,10.593748156342,2.25263734320463,8.53220008669776,10.2450881919615,5.63152903071816,15.4102267622604,2.97842992378677,9.50736738545831,10.3997471356004,5.97443226009383,16.5016849302225,2.66780782964533
"437",2021-05-11,4.28835632847831,4.69041575982343,2.36101143580458,9.92720378555815,2.04312872820094,8.32679929530446,9.93951757748313,5.39440323587293,14.4206615815592,2.71764302120419,8.88619815483871,9.99954324216377,5.68691815153724,15.5083736283066,2.5317209705385
"438",2021-05-12,3.97106723690244,4.36455896970129,2.3259406699226,9.24648581894765,1.81383571472171,7.91465754727712,9.51271847746059,4.980914568161,13.7745378892403,2.66087205240114,8.30351574349216,9.46483742094096,5.48782559469463,14.7217484293344,2.43008137759419
"439",2021-05-13,3.81108580328494,4.24381903478459,2.10341983446006,8.71435597161374,1.58113883008419,7.67900231219478,9.01093871307982,4.6655649247077,12.6876659063041,2.50639878041268,7.74562932901014,9.02910449755022,5.10138050384233,13.6683302782438,2.31099553137187
"440",2021-05-14,3.62275792732553,4.10479902065862,2.13072757526625,8.34711776603158,1.58094117537624,7.23681031786206,8.78437913039309,4.25513465933309,12.0589668668172,2.3577531801,7.14454770700821,8.787885338335,4.91313837783175,12.9358269157051,2.24575139050574
"441",2021-05-15,3.45832329315812,4.21870833312757,2.02731349327133,8.13445603590062,1.52786615905975,6.84851530469769,8.28326938570154,4.15171744759913,11.2955795391844,2.14331244590669,6.70001972831883,8.43334492205759,4.70538232637586,12.0705309022833,2.07899896060597
"442",2021-05-16,3.17962261911693,3.98049934053505,1.90459969547409,7.57149258733045,1.40978721798717,6.40133573847218,7.93880651692894,3.93077147593373,10.5186740300582,2.06485374811563,6.42311828031423,8.146667988077,4.32147866530327,11.4126442353605,1.91232607142721
"443",2021-05-17,3.0115403035656,4.38399076185158,1.75623887896835,6.80950622292101,1.12888219048756,5.95797492296515,7.45810511951,3.6826661788331,10.087225205564,1.94726824592397,5.99296011452237,7.98406925932612,3.99176730639121,10.7027144634346,1.82664023082597
"444",2021-05-18,2.81946360146748,4.39025910397097,1.74624597351003,6.45832795698701,1.09544511501033,5.63829216681426,7.218323193965,3.39189091149471,9.83867304108486,1.97064879545264,5.60870011277277,7.78658237302496,3.68342401262024,9.86025709077576,1.77419566063457
"445",2021-05-19,2.48997991959775,4.15624530074922,1.78867968065833,5.71642370717917,1.09430343141196,5.24312464469974,6.80188225696622,3.12910065433487,8.91776230175496,1.87835902331707,5.34764262651307,7.42300324414787,3.4397231722524,9.11455917350563,1.64134133685929
"446",2021-05-20,2.56855990780826,4.35775171390018,1.89324456951552,5.82902221646135,0.909670269933013,4.85407356605987,6.45861979016001,2.99476068725326,8.540391695316,1.7116267418377,4.94187894166261,7.22834252371444,3.09495045826268,8.71587852188777,1.53687950598508
"447",2021-05-21,2.38537208837531,4.23902995979033,1.68151717208002,5.67868822880778,0.88175960442742,4.58968473757478,6.22118203234809,2.8767385984097,8.3249445958014,1.54877200218761,4.67658764189428,6.90834268228763,3.0307362039142,8.30641558028416,1.4629051061094
"448",2021-05-22,2.49198715887542,4.22130015516547,1.71008040746627,5.67841307056822,0.852936105461599,4.42353074639707,6.02676469290097,2.69987384969474,7.76952249930075,1.42173395136767,4.31382488299041,6.60768808801627,2.85203842600183,7.89757827188523,1.36358980732101
"449",2021-05-23,0,0,0,0,0,4.24830935705219,5.86646063740587,2.55382018799096,7.31833776971737,1.29185928557595,4.03802000197277,6.44240450286589,2.66464329234375,7.57031682862832,1.31814276389955
"450",2021-05-24,0,0,0,0,0,4.19930595490308,5.76920486069496,2.28207252735397,7.067952081272,1.26574922023071,3.89960516145224,6.18707929260732,2.48806590996266,7.24121460304386,1.19907692294032
"451",2021-05-25,0,0,0,0,0,4.07280345559168,5.78133287411248,2.28408886490374,6.9777088948066,1.23248760553734,3.65305010730831,5.94397557824227,2.3059975961598,6.87169451206382,1.13495209721634
"452",2021-05-26,0,0,0,0,0,3.98748113815805,5.6201561057494,2.18192456915366,6.47403855586983,1.14085750792485,3.42051615927301,5.77456539804791,2.1968760456297,6.74682485875694,1.05409138622751
"453",2021-05-27,0,0,0,0,0,3.75350582970582,5.40746893081674,2.14037416394437,6.05113882690687,1.0990775966367,3.23693733671187,5.61872105532726,2.09705808101628,6.45864137748076,1.00241921901839
"454",2021-05-28,0,0,0,0,0,3.55403976456334,5.42975119200771,1.98223565746772,5.95513791766716,0.988542249965171,3.10730448724785,5.50692599460303,2.00891576741127,6.21782057746635,0.962246506411088
"455",2021-05-29,0,0,0,0,0,3.48240560066663,5.47829999870608,1.98208866731829,5.81245455340814,1.00467991801418,2.84685074592086,5.33936222102749,1.96586791982592,6.01429715280303,0.930777849351979
"456",2021-05-30,0,0,0,0,0,3.40206321916484,5.36428893962182,1.9589339094649,5.69164728220537,0.959405639289463,2.72520365259128,5.16044900275495,1.93458989511569,5.97696802005856,0.915490679030108
"457",2021-05-31,0,0,0,0,0,3.30012987261945,4.96009364731676,1.92045048422256,5.50433026371071,0.902443768313384,2.52002746181555,5.04487049775317,1.78002138317703,5.81242863557039,0.869557418349259
"458",2021-06-01,0,0,0,0,0,3.20115939605244,4.93486506279986,1.91001458158889,5.29610376690658,0.816758221379863,2.46911328521494,4.95544159324707,1.7503953087872,5.67475268122581,0.869156214930063
"459",2021-06-02,0,0,0,0,0,3.02985167383376,4.94490359436881,1.80049135728923,5.3964552720228,0.753679086851755,2.37000401500543,4.83423546447125,1.75844536560174,5.59061299261699,0.844977835953463
"460",2021-06-03,0,0,0,0,0,2.99567506752513,4.96606982860364,1.84290682797533,5.47777876998506,0.72651546359264,2.3656714446607,4.67754053612879,1.69236183522167,5.55424909821145,0.79139314767494
"461",2021-06-04,0,0,0,0,0,3.09600101847405,5.10317761500549,1.75369946197324,5.52698114170485,0.769365678711244,2.32923350476572,4.66596244480517,1.61721534346172,5.45742679899932,0.773455822936646
"462",2021-06-05,0,0,0,0,0,3.06697380206393,5.13158819140048,1.64892564168557,5.49587573355391,0.749259098332329,2.31235585915688,4.55258183716482,1.54275446830692,5.55786720687651,0.74499483289353
"463",2021-06-06,0,0,0,0,0,2.87138599386868,5.10584889203928,1.52193908682266,5.30418461723413,0.713403602592738,2.24733105834747,4.49401046992619,1.50669830835093,5.41923576373789,0.734758393074737
"464",2021-06-07,0,0,0,0,0,2.88297074346487,5.30156930939865,1.48849089725633,5.06555130606534,0.710866975683837,2.24181587297095,4.4551150183794,1.47359880076143,5.42324817441039,0.690643348837966
"465",2021-06-08,0,0,0,0,0,2.71384513599767,5.36721026066325,1.42958166848484,5.1226208802439,0.680460601467681,2.26219111715147,4.46636704739726,1.48788138084332,5.48194696805374,0.684556280402175
"466",2021-06-09,0,0,0,0,0,2.63364310153215,5.44577177982661,1.40673581676818,4.96422725512697,0.646380553588292,2.35167495341197,4.35891482003314,1.48301385826506,5.43793976863808,0.661657769137648
"467",2021-06-10,0,0,0,0,0,2.68578649555448,5.50508185480246,1.35839260319878,4.96400422213467,0.646380553588292,2.34564043829056,4.32356126438847,1.49583042171198,5.33467030531747,0.639697160183946
"468",2021-06-11,0,0,0,0,0,2.53527068759048,5.7638086877625,1.37866061346371,4.77115724905928,0.668799881337695,2.30105617392773,4.33667293900875,1.50057151742019,5.26348996803439,0.624811113325971
"469",2021-06-12,0,0,0,0,0,2.51882950368699,5.75441903093129,1.38952267522385,4.59668771026665,0.657907219127183,2.3018163431318,4.38365381402838,1.49482336274663,5.26630603352619,0.627154832071796
"470",2021-06-13,0,0,0,0,0,2.52352142127131,5.98206436848811,1.41132631494326,4.47214898492045,0.669670601510268,2.28848660346878,4.39545786317986,1.47589630265604,5.26970370729036,0.65714070794207
"471",2021-06-14,0,0,0,0,0,2.47210413926212,6.10972261629847,1.4182869206099,4.36123111176296,0.669409504378435,2.35259291540324,4.41130099523805,1.44791748794713,5.31399979032991,0.652889240117794
"472",2021-06-15,0,0,0,0,0,2.41754652581398,5.84311130903964,1.42419100824658,4.62494635432392,0.669148305368279,2.41536488822136,4.40232967579604,1.45518331405657,5.34798529474444,0.699168067176388
"473",2021-06-16,0,0,0,0,0,0,0,0,0,0,2.33006051572066,4.46781709779811,1.42772546380598,5.35239350785943,0.682247456349599
"474",2021-06-17,0,0,0,0,0,0,0,0,0,0,2.34475517199749,4.41824841211331,1.45597444747341,5.29014229830656,0.696462639064332
"475",2021-06-18,0,0,0,0,0,0,0,0,0,0,2.39524789045882,4.54138615791414,1.43403223217143,5.13631699266459,0.692956156833979
"476",2021-06-19,0,0,0,0,0,0,0,0,0,0,0,0,0,0,0
"477",2021-06-20,0,0,0,0,0,0,0,0,0,0,0,0,0,0,0
"478",2021-06-21,0,0,0,0,0,0,0,0,0,0,0,0,0,0,0
"479",2021-06-22,0,0,0,0,0,0,0,0,0,0,0,0,0,0,0
"480",2021-06-23,0,0,0,0,0,0,0,0,0,0,0,0,0,0,0
"481",2021-06-24,0,0,0,0,0,0,0,0,0,0,0,0,0,0,0
"482",2021-06-25,0,0,0,0,0,0,0,0,0,0,0,0,0,0,0
"483",2021-06-26,0,0,0,0,0,0,0,0,0,0,0,0,0,0,0
"484",2021-06-27,0,0,0,0,0,0,0,0,0,0,0,0,0,0,0
"485",2021-06-28,0,0,0,0,0,0,0,0,0,0,0,0,0,0,0
"486",2021-06-29,0,0,0,0,0,0,0,0,0,0,0,0,0,0,0
"487",2021-06-30,0,0,0,0,0,0,0,0,0,0,0,0,0,0,0
