date,JHH_optimistic,SH_optimistic,BMC_optimistic,HCGH_optimistic,SMH_optimistic,JHH_moderate,SH_moderate,BMC_moderate,HCGH_moderate,SMH_moderate,JHH_optimistic_std,SH_optimistic_std,BMC_optimistic_std,HCGH_optimistic_std,SMH_optimistic_std,JHH_moderate_std,SH_moderate_std,BMC_moderate_std,HCGH_moderate_std,SMH_moderate_std
2020-03-01,0.0,0.0,0.0,0.0,0.0,0.0,0.0,0.0,0.0,0.0,0.0,0.0,0.0,0.0,0.0,0.0,0.0,0.0,0.0,0.0
2020-03-02,0.0,0.0,0.0,0.0,0.0,0.0,0.0,0.0,0.0,0.0,0.0,0.0,0.0,0.0,0.0,0.0,0.0,0.0,0.0,0.0
2020-03-03,0.0,0.0,0.0,0.0,0.0,0.0,0.0,0.0,0.0,0.0,0.0,0.0,0.0,0.0,0.0,0.0,0.0,0.0,0.0,0.0
2020-03-04,0.0,0.0,0.0,0.0,0.0,0.0,0.0,0.0,0.0,0.0,0.0,0.0,0.0,0.0,0.0,0.0,0.0,0.0,0.0,0.0
2020-03-05,0.0,0.0,0.0,0.0,0.0,0.0,0.0,0.0,0.0,0.0,0.0,0.0,0.0,0.0,0.0,0.0,0.0,0.0,0.0,0.0
2020-03-06,0.0,0.0,0.0,0.0,0.0,0.0,0.0,0.0,0.0,0.0,0.0,0.0,0.0,0.0,0.0,0.0,0.0,0.0,0.0,0.0
2020-03-07,0.0,0.0,0.0,0.0,0.0,0.0,0.0,0.0,0.0,0.0,0.0,0.0,0.0,0.0,0.0,0.0,0.0,0.0,0.0,0.0
2020-03-08,0.0,0.0,0.0,0.0,0.0,0.0,0.0,0.0,0.0,0.0,0.0,0.0,0.0,0.0,0.0,0.0,0.0,0.0,0.0,0.0
2020-03-09,0.0,0.0,0.0,0.0,0.0,0.0,0.0,0.0,0.0,0.0,0.0,0.0,0.0,0.0,0.0,0.0,0.0,0.0,0.0,0.0
2020-03-10,0.0,0.0,0.0,0.0,0.0,0.0,0.0,0.0,0.0,0.0,0.0,0.0,0.0,0.0,0.0,0.0,0.0,0.0,0.0,0.0
2020-03-11,0.0,0.0,0.0,0.0,0.0,0.0,0.0,0.0,0.0,0.0,0.0,0.0,0.0,0.0,0.0,0.0,0.0,0.0,0.0,0.0
2020-03-12,0.0,0.0,0.0,0.0,0.0,0.0,0.0,0.0,0.0,0.0,0.0,0.0,0.0,0.0,0.0,0.0,0.0,0.0,0.0,0.0
2020-03-13,0.0,0.0,0.0,0.0,0.0,0.0,0.0,0.0,0.0,0.0,0.0,0.0,0.0,0.0,0.0,0.0,0.0,0.0,0.0,0.0
2020-03-14,0.0,0.0,0.0,0.0,0.0,0.0,0.0,0.0,0.0,0.0,0.0,0.0,0.0,0.0,0.0,0.0,0.0,0.0,0.0,0.0
2020-03-15,0.0,0.0,0.0,0.0,0.0,0.0,0.0,0.0,0.0,0.0,0.0,0.0,0.0,0.0,0.0,0.0,0.0,0.0,0.0,0.0
2020-03-16,0.0,0.0,0.0,0.0,0.0,0.0,0.0,0.0,0.0,0.0,0.0,0.0,0.0,0.0,0.0,0.0,0.0,0.0,0.0,0.0
2020-03-17,0.0,0.0,0.0,0.0,0.0,0.0,0.0,0.0,0.0,0.0,0.0,0.0,0.0,0.0,0.0,0.0,0.0,0.0,0.0,0.0
2020-03-18,0.0,0.0,0.0,0.0,0.0,0.0,0.0,0.0,0.0,0.0,0.0,0.0,0.0,0.0,0.0,0.0,0.0,0.0,0.0,0.0
2020-03-19,0.0,0.0,0.0,0.0,0.0,0.0,0.0,0.0,0.0,0.0,0.0,0.0,0.0,0.0,0.0,0.0,0.0,0.0,0.0,0.0
2020-03-20,0.0,0.0,0.0,0.0,0.0,0.0,0.0,0.0,0.0,0.0,0.0,0.0,0.0,0.0,0.0,0.0,0.0,0.0,0.0,0.0
2020-03-21,0.0,0.0,0.0,0.0,0.0,0.0,0.0,0.0,0.0,0.0,0.0,0.0,0.0,0.0,0.0,0.0,0.0,0.0,0.0,0.0
2020-03-22,0.0,0.0,0.0,0.0,0.0,0.0,0.0,0.0,0.0,0.0,0.0,0.0,0.0,0.0,0.0,0.0,0.0,0.0,0.0,0.0
2020-03-23,0.0,0.0,0.0,0.0,0.0,0.0,0.0,0.0,0.0,0.0,0.0,0.0,0.0,0.0,0.0,0.0,0.0,0.0,0.0,0.0
2020-03-24,27.0,12.0,3.0,7.0,3.0,27.0,12.0,3.0,7.0,3.0,0.0,0.0,0.0,0.0,0.0,0.0,0.0,0.0,0.0,0.0
2020-03-25,32.0,12.0,3.0,12.0,4.0,32.0,12.0,3.0,12.0,4.0,0.0,0.0,0.0,0.0,0.0,0.0,0.0,0.0,0.0,0.0
2020-03-26,42.0,16.0,3.0,10.0,5.0,42.0,16.0,3.0,10.0,5.0,0.0,0.0,0.0,0.0,0.0,0.0,0.0,0.0,0.0,0.0
2020-03-27,49.0,22.0,1.0,13.0,9.0,49.0,22.0,1.0,13.0,9.0,0.0,0.0,0.0,0.0,0.0,0.0,0.0,0.0,0.0,0.0
2020-03-28,56.0,23.0,2.0,13.0,9.0,56.0,23.0,2.0,13.0,9.0,0.0,0.0,0.0,0.0,0.0,0.0,0.0,0.0,0.0,0.0
2020-03-29,59.0,29.0,4.0,14.0,10.0,59.0,29.0,4.0,14.0,10.0,0.0,0.0,0.0,0.0,0.0,0.0,0.0,0.0,0.0,0.0
2020-03-30,63.0,34.0,4.0,9.0,12.0,63.0,34.0,4.0,9.0,12.0,0.0,0.0,0.0,0.0,0.0,0.0,0.0,0.0,0.0,0.0
2020-03-31,73.0,29.0,8.0,3.0,11.0,73.0,29.0,8.0,3.0,11.0,0.0,0.0,0.0,0.0,0.0,0.0,0.0,0.0,0.0,0.0
2020-04-01,88.0,34.0,9.0,8.0,11.0,88.0,34.0,9.0,8.0,11.0,0.0,0.0,0.0,0.0,0.0,0.0,0.0,0.0,0.0,0.0
2020-04-02,91.0,35.0,11.0,12.0,11.0,91.0,35.0,11.0,12.0,11.0,0.0,0.0,0.0,0.0,0.0,0.0,0.0,0.0,0.0,0.0
2020-04-03,97.0,37.0,12.0,10.0,11.0,97.0,37.0,12.0,10.0,11.0,0.0,0.0,0.0,0.0,0.0,0.0,0.0,0.0,0.0,0.0
2020-04-04,97.0,38.0,14.0,15.0,11.0,97.0,38.0,14.0,15.0,11.0,0.0,0.0,0.0,0.0,0.0,0.0,0.0,0.0,0.0,0.0
2020-04-05,100.0,39.0,14.0,10.0,6.0,100.0,39.0,14.0,10.0,6.0,0.0,0.0,0.0,0.0,0.0,0.0,0.0,0.0,0.0,0.0
2020-04-06,106.0,44.0,21.0,8.0,6.0,106.0,44.0,21.0,8.0,6.0,0.0,0.0,0.0,0.0,0.0,0.0,0.0,0.0,0.0,0.0
2020-04-07,107.0,50.0,23.0,11.0,7.0,107.0,50.0,23.0,11.0,7.0,0.0,0.0,0.0,0.0,0.0,0.0,0.0,0.0,0.0,0.0
2020-04-08,107.0,58.0,16.0,17.0,10.0,107.0,58.0,16.0,17.0,10.0,0.0,0.0,0.0,0.0,0.0,0.0,0.0,0.0,0.0,0.0
2020-04-09,109.0,51.0,15.0,20.0,12.0,109.0,51.0,15.0,20.0,12.0,0.0,0.0,0.0,0.0,0.0,0.0,0.0,0.0,0.0,0.0
2020-04-10,113.0,56.0,10.0,24.0,12.0,113.0,56.0,10.0,24.0,12.0,0.0,0.0,0.0,0.0,0.0,0.0,0.0,0.0,0.0,0.0
2020-04-11,112.0,51.0,12.0,29.0,12.0,112.0,51.0,12.0,29.0,12.0,0.0,0.0,0.0,0.0,0.0,0.0,0.0,0.0,0.0,0.0
2020-04-12,111.0,51.0,16.0,33.0,11.0,111.0,51.0,16.0,33.0,11.0,0.0,0.0,0.0,0.0,0.0,0.0,0.0,0.0,0.0,0.0
2020-04-13,118.0,55.0,14.0,35.0,12.0,118.0,55.0,14.0,35.0,12.0,0.0,0.0,0.0,0.0,0.0,0.0,0.0,0.0,0.0,0.0
2020-04-14,124.0,54.0,18.0,30.0,12.0,124.0,54.0,18.0,30.0,12.0,0.0,0.0,0.0,0.0,0.0,0.0,0.0,0.0,0.0,0.0
2020-04-15,117.0,58.0,22.0,25.0,14.0,117.0,58.0,22.0,25.0,14.0,0.0,0.0,0.0,0.0,0.0,0.0,0.0,0.0,0.0,0.0
2020-04-16,114.0,65.0,20.0,25.0,13.0,114.0,65.0,20.0,25.0,13.0,0.0,0.0,0.0,0.0,0.0,0.0,0.0,0.0,0.0,0.0
2020-04-17,109.0,65.0,22.0,23.0,14.0,109.0,65.0,22.0,23.0,14.0,0.0,0.0,0.0,0.0,0.0,0.0,0.0,0.0,0.0,0.0
2020-04-18,111.0,66.0,22.0,27.0,12.0,111.0,66.0,22.0,27.0,12.0,0.0,0.0,0.0,0.0,0.0,0.0,0.0,0.0,0.0,0.0
2020-04-19,114.0,67.0,25.0,31.0,14.0,114.0,67.0,25.0,31.0,14.0,0.0,0.0,0.0,0.0,0.0,0.0,0.0,0.0,0.0,0.0
2020-04-20,114.0,65.0,26.0,36.0,24.0,114.0,65.0,26.0,36.0,24.0,0.0,0.0,0.0,0.0,0.0,0.0,0.0,0.0,0.0,0.0
2020-04-21,112.0,63.0,26.0,37.0,25.0,112.0,63.0,26.0,37.0,25.0,0.0,0.0,0.0,0.0,0.0,0.0,0.0,0.0,0.0,0.0
2020-04-22,118.0,55.0,28.0,35.0,26.0,118.0,55.0,28.0,35.0,26.0,0.0,0.0,0.0,0.0,0.0,0.0,0.0,0.0,0.0,0.0
2020-04-23,116.0,58.0,28.0,34.0,29.0,116.0,58.0,28.0,34.0,29.0,0.0,0.0,0.0,0.0,0.0,0.0,0.0,0.0,0.0,0.0
2020-04-24,113.0,59.0,31.0,31.0,30.0,113.0,59.0,31.0,31.0,30.0,0.0,0.0,0.0,0.0,0.0,0.0,0.0,0.0,0.0,0.0
2020-04-25,114.0,61.0,34.0,31.0,30.0,114.0,61.0,34.0,31.0,30.0,0.0,0.0,0.0,0.0,0.0,0.0,0.0,0.0,0.0,0.0
2020-04-26,113.0,68.0,31.0,33.0,33.0,113.0,68.0,31.0,33.0,33.0,0.0,0.0,0.0,0.0,0.0,0.0,0.0,0.0,0.0,0.0
2020-04-27,109.0,71.0,31.0,33.0,38.0,109.0,71.0,31.0,33.0,38.0,0.0,0.0,0.0,0.0,0.0,0.0,0.0,0.0,0.0,0.0
2020-04-28,110.0,74.0,34.0,39.0,37.0,110.0,74.0,34.0,39.0,37.0,0.0,0.0,0.0,0.0,0.0,0.0,0.0,0.0,0.0,0.0
2020-04-29,108.0,73.0,27.0,42.0,32.0,108.0,73.0,27.0,42.0,32.0,0.0,0.0,0.0,0.0,0.0,0.0,0.0,0.0,0.0,0.0
2020-04-30,102.0,68.0,28.0,44.0,29.0,102.0,68.0,28.0,44.0,29.0,0.0,0.0,0.0,0.0,0.0,0.0,0.0,0.0,0.0,0.0
2020-05-01,97.0,68.0,28.0,45.0,22.0,97.0,68.0,28.0,45.0,22.0,0.0,0.0,0.0,0.0,0.0,0.0,0.0,0.0,0.0,0.0
2020-05-02,96.0,66.0,31.0,46.0,20.0,96.0,66.0,31.0,46.0,20.0,0.0,0.0,0.0,0.0,0.0,0.0,0.0,0.0,0.0,0.0
2020-05-03,95.0,67.0,28.0,44.0,17.0,95.0,67.0,28.0,44.0,17.0,0.0,0.0,0.0,0.0,0.0,0.0,0.0,0.0,0.0,0.0
2020-05-04,94.0,74.0,32.0,42.0,17.0,94.0,74.0,32.0,42.0,17.0,0.0,0.0,0.0,0.0,0.0,0.0,0.0,0.0,0.0,0.0
2020-05-05,96.0,70.0,28.0,46.0,17.0,96.0,70.0,28.0,46.0,17.0,0.0,0.0,0.0,0.0,0.0,0.0,0.0,0.0,0.0,0.0
2020-05-06,94.0,73.0,28.0,49.0,17.0,94.0,73.0,28.0,49.0,17.0,0.0,0.0,0.0,0.0,0.0,0.0,0.0,0.0,0.0,0.0
2020-05-07,102.0,73.0,27.0,46.0,15.0,102.0,73.0,27.0,46.0,15.0,0.0,0.0,0.0,0.0,0.0,0.0,0.0,0.0,0.0,0.0
2020-05-08,101.0,71.0,23.0,45.0,17.0,101.0,71.0,23.0,45.0,17.0,0.0,0.0,0.0,0.0,0.0,0.0,0.0,0.0,0.0,0.0
2020-05-09,102.0,65.0,23.0,41.0,16.0,102.0,65.0,23.0,41.0,16.0,0.0,0.0,0.0,0.0,0.0,0.0,0.0,0.0,0.0,0.0
2020-05-10,95.0,57.0,26.0,40.0,16.0,95.0,57.0,26.0,40.0,16.0,0.0,0.0,0.0,0.0,0.0,0.0,0.0,0.0,0.0,0.0
2020-05-11,100.0,59.0,32.0,45.0,20.0,100.0,59.0,32.0,45.0,20.0,0.0,0.0,0.0,0.0,0.0,0.0,0.0,0.0,0.0,0.0
2020-05-12,95.0,57.0,34.0,45.0,19.0,95.0,57.0,34.0,45.0,19.0,0.0,0.0,0.0,0.0,0.0,0.0,0.0,0.0,0.0,0.0
2020-05-13,93.0,55.0,35.0,43.0,19.0,93.0,55.0,35.0,43.0,19.0,0.0,0.0,0.0,0.0,0.0,0.0,0.0,0.0,0.0,0.0
2020-05-14,89.0,54.0,36.0,43.0,19.0,89.0,54.0,36.0,43.0,19.0,0.0,0.0,0.0,0.0,0.0,0.0,0.0,0.0,0.0,0.0
2020-05-15,90.0,53.0,38.0,44.0,18.0,90.0,53.0,38.0,44.0,18.0,0.0,0.0,0.0,0.0,0.0,0.0,0.0,0.0,0.0,0.0
2020-05-16,93.0,48.0,36.0,36.0,15.0,93.0,48.0,36.0,36.0,15.0,0.0,0.0,0.0,0.0,0.0,0.0,0.0,0.0,0.0,0.0
2020-05-17,88.0,44.0,34.0,32.0,16.0,88.0,44.0,34.0,32.0,16.0,0.0,0.0,0.0,0.0,0.0,0.0,0.0,0.0,0.0,0.0
2020-05-18,89.0,48.0,33.0,34.0,16.0,89.0,48.0,33.0,34.0,16.0,0.0,0.0,0.0,0.0,0.0,0.0,0.0,0.0,0.0,0.0
2020-05-19,88.0,47.0,36.0,31.0,14.0,88.0,47.0,36.0,31.0,14.0,0.0,0.0,0.0,0.0,0.0,0.0,0.0,0.0,0.0,0.0
2020-05-20,87.0,41.0,32.0,33.0,14.0,87.0,41.0,32.0,33.0,14.0,0.0,0.0,0.0,0.0,0.0,0.0,0.0,0.0,0.0,0.0
2020-05-21,90.0,37.0,30.0,28.0,15.0,90.0,37.0,30.0,28.0,15.0,0.0,0.0,0.0,0.0,0.0,0.0,0.0,0.0,0.0,0.0
2020-05-22,81.0,35.0,40.0,36.0,15.0,81.0,35.0,40.0,36.0,15.0,0.0,0.0,0.0,0.0,0.0,0.0,0.0,0.0,0.0,0.0
2020-05-23,77.0,36.0,44.0,40.0,13.0,77.0,36.0,44.0,40.0,13.0,0.0,0.0,0.0,0.0,0.0,0.0,0.0,0.0,0.0,0.0
2020-05-24,81.0,38.0,40.0,40.0,12.0,81.0,38.0,40.0,40.0,12.0,0.0,0.0,0.0,0.0,0.0,0.0,0.0,0.0,0.0,0.0
2020-05-25,85.0,38.0,36.0,39.0,13.0,85.0,38.0,36.0,39.0,13.0,0.0,0.0,0.0,0.0,0.0,0.0,0.0,0.0,0.0,0.0
2020-05-26,91.0,44.0,36.0,39.0,13.0,91.0,44.0,36.0,39.0,13.0,0.0,0.0,0.0,0.0,0.0,0.0,0.0,0.0,0.0,0.0
2020-05-27,92.0,43.0,36.0,37.0,13.0,92.0,43.0,36.0,37.0,13.0,0.0,0.0,0.0,0.0,0.0,0.0,0.0,0.0,0.0,0.0
2020-05-28,84.0,42.0,33.0,39.0,11.0,84.0,42.0,33.0,39.0,11.0,0.0,0.0,0.0,0.0,0.0,0.0,0.0,0.0,0.0,0.0
2020-05-29,80.0,35.0,28.0,32.0,12.0,80.0,35.0,28.0,32.0,12.0,0.0,0.0,0.0,0.0,0.0,0.0,0.0,0.0,0.0,0.0
2020-05-30,78.0,32.0,24.0,28.0,9.0,78.0,32.0,24.0,28.0,9.0,0.0,0.0,0.0,0.0,0.0,0.0,0.0,0.0,0.0,0.0
2020-05-31,76.0,29.0,26.0,25.0,7.0,76.0,29.0,26.0,25.0,7.0,0.0,0.0,0.0,0.0,0.0,0.0,0.0,0.0,0.0,0.0
2020-06-01,70.0,26.0,25.0,30.0,6.0,70.0,26.0,25.0,30.0,6.0,0.0,0.0,0.0,0.0,0.0,0.0,0.0,0.0,0.0,0.0
2020-06-02,67.0,26.0,26.0,27.0,9.0,67.0,26.0,26.0,27.0,9.0,0.0,0.0,0.0,0.0,0.0,0.0,0.0,0.0,0.0,0.0
2020-06-03,64.0,27.0,26.0,22.0,11.0,64.0,27.0,26.0,22.0,11.0,0.0,0.0,0.0,0.0,0.0,0.0,0.0,0.0,0.0,0.0
2020-06-04,62.0,26.0,25.0,25.0,11.0,62.0,26.0,25.0,25.0,11.0,0.0,0.0,0.0,0.0,0.0,0.0,0.0,0.0,0.0,0.0
2020-06-05,61.0,29.0,28.0,24.0,11.0,61.0,29.0,28.0,24.0,11.0,0.0,0.0,0.0,0.0,0.0,0.0,0.0,0.0,0.0,0.0
2020-06-06,55.0,29.0,31.0,31.0,11.0,55.0,29.0,31.0,31.0,11.0,0.0,0.0,0.0,0.0,0.0,0.0,0.0,0.0,0.0,0.0
2020-06-07,51.0,29.0,33.0,32.0,10.0,51.0,29.0,33.0,32.0,10.0,0.0,0.0,0.0,0.0,0.0,0.0,0.0,0.0,0.0,0.0
2020-06-08,51.0,28.0,29.0,38.0,10.0,51.0,28.0,29.0,38.0,10.0,0.0,0.0,0.0,0.0,0.0,0.0,0.0,0.0,0.0,0.0
2020-06-09,53.0,22.0,25.0,35.0,11.0,53.0,22.0,25.0,35.0,11.0,0.0,0.0,0.0,0.0,0.0,0.0,0.0,0.0,0.0,0.0
2020-06-10,49.0,23.0,19.0,37.0,10.0,49.0,23.0,19.0,37.0,10.0,0.0,0.0,0.0,0.0,0.0,0.0,0.0,0.0,0.0,0.0
2020-06-11,45.0,23.0,21.0,31.0,7.0,45.0,23.0,21.0,31.0,7.0,0.0,0.0,0.0,0.0,0.0,0.0,0.0,0.0,0.0,0.0
2020-06-12,46.0,20.0,18.0,30.0,7.0,46.0,20.0,18.0,30.0,7.0,0.0,0.0,0.0,0.0,0.0,0.0,0.0,0.0,0.0,0.0
2020-06-13,46.0,23.0,16.0,26.0,7.0,46.0,23.0,16.0,26.0,7.0,0.0,0.0,0.0,0.0,0.0,0.0,0.0,0.0,0.0,0.0
2020-06-14,46.0,18.0,17.0,29.0,7.0,46.0,18.0,17.0,29.0,7.0,0.0,0.0,0.0,0.0,0.0,0.0,0.0,0.0,0.0,0.0
2020-06-15,45.0,18.0,17.0,29.0,7.0,45.0,18.0,17.0,29.0,7.0,0.0,0.0,0.0,0.0,0.0,0.0,0.0,0.0,0.0,0.0
2020-06-16,42.0,16.0,18.0,26.0,8.0,42.0,16.0,18.0,26.0,8.0,0.0,0.0,0.0,0.0,0.0,0.0,0.0,0.0,0.0,0.0
2020-06-17,43.0,17.0,19.0,28.0,7.0,43.0,17.0,19.0,28.0,7.0,0.0,0.0,0.0,0.0,0.0,0.0,0.0,0.0,0.0,0.0
2020-06-18,37.0,19.0,17.0,29.0,7.0,37.0,19.0,17.0,29.0,7.0,0.0,0.0,0.0,0.0,0.0,0.0,0.0,0.0,0.0,0.0
2020-06-19,34.0,13.0,15.0,28.0,7.0,34.0,13.0,15.0,28.0,7.0,0.0,0.0,0.0,0.0,0.0,0.0,0.0,0.0,0.0,0.0
2020-06-20,33.0,16.0,15.0,25.0,7.0,33.0,16.0,15.0,25.0,7.0,0.0,0.0,0.0,0.0,0.0,0.0,0.0,0.0,0.0,0.0
2020-06-21,32.0,16.0,14.0,30.0,6.0,32.0,16.0,14.0,30.0,6.0,0.0,0.0,0.0,0.0,0.0,0.0,0.0,0.0,0.0,0.0
2020-06-22,32.0,18.0,13.0,29.0,6.0,32.0,18.0,13.0,29.0,6.0,0.0,0.0,0.0,0.0,0.0,0.0,0.0,0.0,0.0,0.0
2020-06-23,32.0,16.0,11.0,29.0,6.0,32.0,16.0,11.0,29.0,6.0,0.0,0.0,0.0,0.0,0.0,0.0,0.0,0.0,0.0,0.0
2020-06-24,27.0,12.0,11.0,27.0,7.0,27.0,12.0,11.0,27.0,7.0,0.0,0.0,0.0,0.0,0.0,0.0,0.0,0.0,0.0,0.0
2020-06-25,27.0,15.0,11.0,21.0,8.0,27.0,15.0,11.0,21.0,8.0,0.0,0.0,0.0,0.0,0.0,0.0,0.0,0.0,0.0,0.0
2020-06-26,25.0,16.0,10.0,19.0,8.0,25.0,16.0,10.0,19.0,8.0,0.0,0.0,0.0,0.0,0.0,0.0,0.0,0.0,0.0,0.0
2020-06-27,18.0,16.0,10.0,19.0,7.0,18.0,16.0,10.0,19.0,7.0,0.0,0.0,0.0,0.0,0.0,0.0,0.0,0.0,0.0,0.0
2020-06-28,14.0,16.0,11.0,21.0,9.0,14.0,16.0,11.0,21.0,9.0,0.0,0.0,0.0,0.0,0.0,0.0,0.0,0.0,0.0,0.0
2020-06-29,19.0,14.0,9.0,19.0,9.0,19.0,14.0,9.0,19.0,9.0,0.0,0.0,0.0,0.0,0.0,0.0,0.0,0.0,0.0,0.0
2020-06-30,17.0,12.0,14.0,21.0,8.0,17.0,12.0,14.0,21.0,8.0,0.0,0.0,0.0,0.0,0.0,0.0,0.0,0.0,0.0,0.0
2020-07-01,19.0,7.0,14.0,21.0,7.0,19.0,7.0,14.0,21.0,7.0,0.0,0.0,0.0,0.0,0.0,0.0,0.0,0.0,0.0,0.0
2020-07-02,17.0,10.0,16.0,18.0,5.0,17.0,10.0,16.0,18.0,5.0,0.0,0.0,0.0,0.0,0.0,0.0,0.0,0.0,0.0,0.0
2020-07-03,17.0,9.0,15.0,14.0,5.0,17.0,9.0,15.0,14.0,5.0,0.0,0.0,0.0,0.0,0.0,0.0,0.0,0.0,0.0,0.0
2020-07-04,15.0,10.0,15.0,12.0,4.0,15.0,10.0,15.0,12.0,4.0,0.0,0.0,0.0,0.0,0.0,0.0,0.0,0.0,0.0,0.0
2020-07-05,17.0,10.0,17.0,14.0,3.0,17.0,10.0,17.0,14.0,3.0,0.0,0.0,0.0,0.0,0.0,0.0,0.0,0.0,0.0,0.0
2020-07-06,19.0,9.0,18.0,13.0,3.0,19.0,9.0,18.0,13.0,3.0,0.0,0.0,0.0,0.0,0.0,0.0,0.0,0.0,0.0,0.0
2020-07-07,19.0,7.0,20.0,12.0,4.0,19.0,7.0,20.0,12.0,4.0,0.0,0.0,0.0,0.0,0.0,0.0,0.0,0.0,0.0,0.0
2020-07-08,19.0,5.0,13.0,12.0,5.0,19.0,5.0,13.0,12.0,5.0,0.0,0.0,0.0,0.0,0.0,0.0,0.0,0.0,0.0,0.0
2020-07-09,22.0,5.0,14.0,15.0,7.0,22.0,5.0,14.0,15.0,7.0,0.0,0.0,0.0,0.0,0.0,0.0,0.0,0.0,0.0,0.0
2020-07-10,26.0,7.0,15.0,17.0,8.0,26.0,7.0,15.0,17.0,8.0,0.0,0.0,0.0,0.0,0.0,0.0,0.0,0.0,0.0,0.0
2020-07-11,25.0,7.0,16.0,18.0,9.0,25.0,7.0,16.0,18.0,9.0,0.0,0.0,0.0,0.0,0.0,0.0,0.0,0.0,0.0,0.0
2020-07-12,25.0,7.0,16.0,16.0,9.0,25.0,7.0,16.0,16.0,9.0,0.0,0.0,0.0,0.0,0.0,0.0,0.0,0.0,0.0,0.0
2020-07-13,26.0,6.0,15.0,19.0,8.0,26.0,6.0,15.0,19.0,8.0,0.0,0.0,0.0,0.0,0.0,0.0,0.0,0.0,0.0,0.0
2020-07-14,27.0,5.0,17.0,20.0,8.0,27.0,5.0,17.0,20.0,8.0,0.0,0.0,0.0,0.0,0.0,0.0,0.0,0.0,0.0,0.0
2020-07-15,27.0,5.0,16.0,18.0,7.0,27.0,5.0,16.0,18.0,7.0,0.0,0.0,0.0,0.0,0.0,0.0,0.0,0.0,0.0,0.0
2020-07-16,28.0,8.0,15.0,14.0,5.0,28.0,8.0,15.0,14.0,5.0,0.0,0.0,0.0,0.0,0.0,0.0,0.0,0.0,0.0,0.0
2020-07-17,27.0,9.0,12.0,23.0,3.0,27.0,9.0,12.0,23.0,3.0,0.0,0.0,0.0,0.0,0.0,0.0,0.0,0.0,0.0,0.0
2020-07-18,30.0,8.0,15.0,24.0,2.0,30.0,8.0,15.0,24.0,2.0,0.0,0.0,0.0,0.0,0.0,0.0,0.0,0.0,0.0,0.0
2020-07-19,30.0,8.0,19.0,21.0,3.0,30.0,8.0,19.0,21.0,3.0,0.0,0.0,0.0,0.0,0.0,0.0,0.0,0.0,0.0,0.0
2020-07-20,30.0,8.0,18.0,23.0,3.0,30.0,8.0,18.0,23.0,3.0,0.0,0.0,0.0,0.0,0.0,0.0,0.0,0.0,0.0,0.0
2020-07-21,31.0,8.0,18.0,19.0,4.0,31.0,8.0,18.0,19.0,4.0,0.0,0.0,0.0,0.0,0.0,0.0,0.0,0.0,0.0,0.0
2020-07-22,34.0,7.0,19.0,21.0,4.0,34.0,7.0,19.0,21.0,4.0,0.0,0.0,0.0,0.0,0.0,0.0,0.0,0.0,0.0,0.0
2020-07-23,32.0,7.0,16.0,22.0,5.0,32.0,7.0,16.0,22.0,5.0,0.0,0.0,0.0,0.0,0.0,0.0,0.0,0.0,0.0,0.0
2020-07-24,33.0,7.0,13.0,19.0,4.0,33.0,7.0,13.0,19.0,4.0,0.0,0.0,0.0,0.0,0.0,0.0,0.0,0.0,0.0,0.0
2020-07-25,29.0,8.0,15.0,21.0,4.0,29.0,8.0,15.0,21.0,4.0,0.0,0.0,0.0,0.0,0.0,0.0,0.0,0.0,0.0,0.0
2020-07-26,30.0,8.0,19.0,20.0,2.0,30.0,8.0,19.0,20.0,2.0,0.0,0.0,0.0,0.0,0.0,0.0,0.0,0.0,0.0,0.0
2020-07-27,35.0,8.0,21.0,21.0,3.0,35.0,8.0,21.0,21.0,3.0,0.0,0.0,0.0,0.0,0.0,0.0,0.0,0.0,0.0,0.0
2020-07-28,34.0,7.0,20.0,20.0,2.0,34.0,7.0,20.0,20.0,2.0,0.0,0.0,0.0,0.0,0.0,0.0,0.0,0.0,0.0,0.0
2020-07-29,34.0,9.0,21.0,18.0,2.0,34.0,9.0,21.0,18.0,2.0,0.0,0.0,0.0,0.0,0.0,0.0,0.0,0.0,0.0,0.0
2020-07-30,30.0,9.0,18.0,18.0,4.0,30.0,9.0,18.0,18.0,4.0,0.0,0.0,0.0,0.0,0.0,0.0,0.0,0.0,0.0,0.0
2020-07-31,29.0,12.0,16.0,14.0,2.0,29.0,12.0,16.0,14.0,2.0,0.0,0.0,0.0,0.0,0.0,0.0,0.0,0.0,0.0,0.0
2020-08-01,30.0,11.0,15.0,13.0,3.0,30.0,11.0,15.0,13.0,3.0,0.0,0.0,0.0,0.0,0.0,0.0,0.0,0.0,0.0,0.0
2020-08-02,30.0,11.0,16.0,14.0,4.0,30.0,11.0,16.0,14.0,4.0,0.0,0.0,0.0,0.0,0.0,0.0,0.0,0.0,0.0,0.0
2020-08-03,29.0,10.0,17.0,14.0,4.0,29.0,10.0,17.0,14.0,4.0,0.0,0.0,0.0,0.0,0.0,0.0,0.0,0.0,0.0,0.0
2020-08-04,27.0,9.0,15.0,18.0,4.0,27.0,9.0,15.0,18.0,4.0,0.0,0.0,0.0,0.0,0.0,0.0,0.0,0.0,0.0,0.0
2020-08-05,29.0,9.0,14.0,14.0,4.0,29.0,9.0,14.0,14.0,4.0,0.0,0.0,0.0,0.0,0.0,0.0,0.0,0.0,0.0,0.0
2020-08-06,26.0,10.0,14.0,15.0,4.0,26.0,10.0,14.0,15.0,4.0,0.0,0.0,0.0,0.0,0.0,0.0,0.0,0.0,0.0,0.0
2020-08-07,30.0,10.0,14.0,15.0,3.0,30.0,10.0,14.0,15.0,3.0,0.0,0.0,0.0,0.0,0.0,0.0,0.0,0.0,0.0,0.0
2020-08-08,29.0,10.0,13.0,16.0,3.0,29.0,10.0,13.0,16.0,3.0,0.0,0.0,0.0,0.0,0.0,0.0,0.0,0.0,0.0,0.0
2020-08-09,25.0,7.0,13.0,18.0,3.0,25.0,7.0,13.0,18.0,3.0,0.0,0.0,0.0,0.0,0.0,0.0,0.0,0.0,0.0,0.0
2020-08-10,22.0,8.0,11.0,17.0,3.0,22.0,8.0,11.0,17.0,3.0,0.0,0.0,0.0,0.0,0.0,0.0,0.0,0.0,0.0,0.0
2020-08-11,21.0,7.0,10.0,16.0,4.0,21.0,7.0,10.0,16.0,4.0,0.0,0.0,0.0,0.0,0.0,0.0,0.0,0.0,0.0,0.0
2020-08-12,21.0,8.0,12.0,16.0,4.0,21.0,8.0,12.0,16.0,4.0,0.0,0.0,0.0,0.0,0.0,0.0,0.0,0.0,0.0,0.0
2020-08-13,24.0,7.0,14.0,14.0,4.0,24.0,7.0,14.0,14.0,4.0,0.0,0.0,0.0,0.0,0.0,0.0,0.0,0.0,0.0,0.0
2020-08-14,25.0,6.0,16.0,12.0,3.0,25.0,6.0,16.0,12.0,3.0,0.0,0.0,0.0,0.0,0.0,0.0,0.0,0.0,0.0,0.0
2020-08-15,27.0,6.0,14.0,12.0,3.0,27.0,6.0,14.0,12.0,3.0,0.0,0.0,0.0,0.0,0.0,0.0,0.0,0.0,0.0,0.0
2020-08-16,23.0,8.0,12.0,10.0,3.0,23.0,8.0,12.0,10.0,3.0,0.0,0.0,0.0,0.0,0.0,0.0,0.0,0.0,0.0,0.0
2020-08-17,20.0,8.0,13.0,12.0,4.0,20.0,8.0,13.0,12.0,4.0,0.0,0.0,0.0,0.0,0.0,0.0,0.0,0.0,0.0,0.0
2020-08-18,23.0,8.0,11.0,13.0,5.0,23.0,8.0,11.0,13.0,5.0,0.0,0.0,0.0,0.0,0.0,0.0,0.0,0.0,0.0,0.0
2020-08-19,22.0,8.0,10.0,14.0,5.0,22.0,8.0,10.0,14.0,5.0,0.0,0.0,0.0,0.0,0.0,0.0,0.0,0.0,0.0,0.0
2020-08-20,21.0,9.0,9.0,19.0,5.0,21.0,9.0,9.0,19.0,5.0,0.0,0.0,0.0,0.0,0.0,0.0,0.0,0.0,0.0,0.0
2020-08-21,23.0,9.0,9.0,19.0,5.0,23.0,9.0,9.0,19.0,5.0,0.0,0.0,0.0,0.0,0.0,0.0,0.0,0.0,0.0,0.0
2020-08-22,19.0,7.0,10.0,20.0,6.0,19.0,7.0,10.0,20.0,6.0,0.0,0.0,0.0,0.0,0.0,0.0,0.0,0.0,0.0,0.0
2020-08-23,19.0,8.0,10.0,19.0,3.0,19.0,8.0,10.0,19.0,3.0,0.0,0.0,0.0,0.0,0.0,0.0,0.0,0.0,0.0,0.0
2020-08-24,18.0,6.0,13.0,18.0,2.0,18.0,6.0,13.0,18.0,2.0,0.0,0.0,0.0,0.0,0.0,0.0,0.0,0.0,0.0,0.0
2020-08-25,23.0,5.0,13.0,17.0,5.0,23.0,5.0,13.0,17.0,5.0,0.0,0.0,0.0,0.0,0.0,0.0,0.0,0.0,0.0,0.0
2020-08-26,23.0,5.0,16.0,16.0,4.0,23.0,5.0,16.0,16.0,4.0,0.0,0.0,0.0,0.0,0.0,0.0,0.0,0.0,0.0,0.0
2020-08-27,23.0,5.0,15.0,13.0,5.0,23.0,5.0,15.0,13.0,5.0,0.0,0.0,0.0,0.0,0.0,0.0,0.0,0.0,0.0,0.0
2020-08-28,19.0,5.0,17.0,13.0,4.0,19.0,5.0,17.0,13.0,4.0,0.0,0.0,0.0,0.0,0.0,0.0,0.0,0.0,0.0,0.0
2020-08-29,19.0,5.0,16.0,11.0,3.0,19.0,5.0,16.0,11.0,3.0,0.0,0.0,0.0,0.0,0.0,0.0,0.0,0.0,0.0,0.0
2020-08-30,19.0,6.0,11.0,9.0,4.0,19.0,6.0,11.0,9.0,4.0,0.0,0.0,0.0,0.0,0.0,0.0,0.0,0.0,0.0,0.0
2020-08-31,19.0,5.0,12.0,11.0,4.0,19.0,5.0,12.0,11.0,4.0,0.0,0.0,0.0,0.0,0.0,0.0,0.0,0.0,0.0,0.0
2020-09-01,19.0,3.0,12.0,9.0,4.0,19.0,3.0,12.0,9.0,4.0,0.0,0.0,0.0,0.0,0.0,0.0,0.0,0.0,0.0,0.0
2020-09-02,18.0,3.0,11.0,12.0,5.0,18.0,3.0,11.0,12.0,5.0,0.0,0.0,0.0,0.0,0.0,0.0,0.0,0.0,0.0,0.0
2020-09-03,17.0,3.0,14.0,15.0,5.0,17.0,3.0,14.0,15.0,5.0,0.0,0.0,0.0,0.0,0.0,0.0,0.0,0.0,0.0,0.0
2020-09-04,14.0,3.0,12.0,13.0,4.0,14.0,3.0,12.0,13.0,4.0,0.0,0.0,0.0,0.0,0.0,0.0,0.0,0.0,0.0,0.0
2020-09-05,14.0,3.0,11.0,11.0,4.0,14.0,3.0,11.0,11.0,4.0,0.0,0.0,0.0,0.0,0.0,0.0,0.0,0.0,0.0,0.0
2020-09-06,15.0,3.0,12.0,12.0,4.0,15.0,3.0,12.0,12.0,4.0,0.0,0.0,0.0,0.0,0.0,0.0,0.0,0.0,0.0,0.0
2020-09-07,16.0,5.0,12.0,13.0,4.0,16.0,5.0,12.0,13.0,4.0,0.0,0.0,0.0,0.0,0.0,0.0,0.0,0.0,0.0,0.0
2020-09-08,14.0,6.0,13.0,14.0,4.0,14.0,6.0,13.0,14.0,4.0,0.0,0.0,0.0,0.0,0.0,0.0,0.0,0.0,0.0,0.0
2020-09-09,17.0,5.0,13.0,14.0,5.0,17.0,5.0,13.0,14.0,5.0,0.0,0.0,0.0,0.0,0.0,0.0,0.0,0.0,0.0,0.0
2020-09-10,21.0,7.0,10.0,13.0,5.0,21.0,7.0,10.0,13.0,5.0,0.0,0.0,0.0,0.0,0.0,0.0,0.0,0.0,0.0,0.0
2020-09-11,16.0,7.0,8.0,15.0,4.0,16.0,7.0,8.0,15.0,4.0,0.0,0.0,0.0,0.0,0.0,0.0,0.0,0.0,0.0,0.0
2020-09-12,13.0,9.0,7.0,14.0,4.0,13.0,9.0,7.0,14.0,4.0,0.0,0.0,0.0,0.0,0.0,0.0,0.0,0.0,0.0,0.0
2020-09-13,14.0,10.0,8.0,18.0,4.0,14.0,10.0,8.0,18.0,4.0,0.0,0.0,0.0,0.0,0.0,0.0,0.0,0.0,0.0,0.0
2020-09-14,16.0,10.0,9.0,19.0,4.0,16.0,10.0,9.0,19.0,4.0,0.0,0.0,0.0,0.0,0.0,0.0,0.0,0.0,0.0,0.0
2020-09-15,14.0,10.0,7.0,16.0,4.0,14.0,10.0,7.0,16.0,4.0,0.0,0.0,0.0,0.0,0.0,0.0,0.0,0.0,0.0,0.0
2020-09-16,13.0,10.0,6.0,16.0,5.0,13.0,10.0,6.0,16.0,5.0,0.0,0.0,0.0,0.0,0.0,0.0,0.0,0.0,0.0,0.0
2020-09-17,14.0,11.0,5.0,14.0,4.0,14.0,11.0,5.0,14.0,4.0,0.0,0.0,0.0,0.0,0.0,0.0,0.0,0.0,0.0,0.0
2020-09-18,18.0,9.0,5.0,15.0,3.0,18.0,9.0,5.0,15.0,3.0,0.0,0.0,0.0,0.0,0.0,0.0,0.0,0.0,0.0,0.0
2020-09-19,16.0,9.0,6.0,15.0,2.0,16.0,9.0,6.0,15.0,2.0,0.0,0.0,0.0,0.0,0.0,0.0,0.0,0.0,0.0,0.0
2020-09-20,17.0,9.0,4.0,16.0,2.0,17.0,9.0,4.0,16.0,2.0,0.0,0.0,0.0,0.0,0.0,0.0,0.0,0.0,0.0,0.0
2020-09-21,18.0,10.0,4.0,18.0,2.0,18.0,10.0,4.0,18.0,2.0,0.0,0.0,0.0,0.0,0.0,0.0,0.0,0.0,0.0,0.0
2020-09-22,18.0,10.0,6.0,18.0,2.0,18.0,10.0,6.0,18.0,2.0,0.0,0.0,0.0,0.0,0.0,0.0,0.0,0.0,0.0,0.0
2020-09-23,17.0,13.0,6.0,15.0,3.0,17.0,13.0,6.0,15.0,3.0,0.0,0.0,0.0,0.0,0.0,0.0,0.0,0.0,0.0,0.0
2020-09-24,16.0,9.0,8.0,17.0,1.0,16.0,9.0,8.0,17.0,1.0,0.0,0.0,0.0,0.0,0.0,0.0,0.0,0.0,0.0,0.0
2020-09-25,14.0,5.0,8.0,15.0,2.0,14.0,5.0,8.0,15.0,2.0,0.0,0.0,0.0,0.0,0.0,0.0,0.0,0.0,0.0,0.0
2020-09-26,13.0,5.0,6.0,14.0,2.0,13.0,5.0,6.0,14.0,2.0,0.0,0.0,0.0,0.0,0.0,0.0,0.0,0.0,0.0,0.0
2020-09-27,13.0,6.0,4.0,14.0,2.0,13.0,6.0,4.0,14.0,2.0,0.0,0.0,0.0,0.0,0.0,0.0,0.0,0.0,0.0,0.0
2020-09-28,13.0,5.0,4.0,16.0,2.0,13.0,5.0,4.0,16.0,2.0,0.0,0.0,0.0,0.0,0.0,0.0,0.0,0.0,0.0,0.0
2020-09-29,14.0,5.0,3.0,9.0,0.0,14.0,5.0,3.0,9.0,0.0,0.0,0.0,0.0,0.0,0.0,0.0,0.0,0.0,0.0,0.0
2020-09-30,13.0,6.0,3.0,9.0,0.0,13.0,6.0,3.0,9.0,0.0,0.0,0.0,0.0,0.0,0.0,0.0,0.0,0.0,0.0,0.0
2020-10-01,13.0,3.0,2.0,8.0,0.0,13.0,3.0,2.0,8.0,0.0,0.0,0.0,0.0,0.0,0.0,0.0,0.0,0.0,0.0,0.0
2020-10-02,14.0,2.0,3.0,9.0,2.0,14.0,2.0,3.0,9.0,2.0,0.0,0.0,0.0,0.0,0.0,0.0,0.0,0.0,0.0,0.0
2020-10-03,14.0,4.0,3.0,9.0,1.0,14.0,4.0,3.0,9.0,1.0,0.0,0.0,0.0,0.0,0.0,0.0,0.0,0.0,0.0,0.0
2020-10-04,13.0,6.0,5.0,9.0,0.0,13.0,6.0,5.0,9.0,0.0,0.0,0.0,0.0,0.0,0.0,0.0,0.0,0.0,0.0,0.0
2020-10-05,16.0,7.0,6.0,13.0,1.0,16.0,7.0,6.0,13.0,1.0,0.0,0.0,0.0,0.0,0.0,0.0,0.0,0.0,0.0,0.0
2020-10-06,18.0,7.0,7.0,14.0,2.0,18.0,7.0,7.0,14.0,2.0,0.0,0.0,0.0,0.0,0.0,0.0,0.0,0.0,0.0,0.0
2020-10-07,17.0,7.0,7.0,15.0,3.0,17.0,7.0,7.0,15.0,3.0,0.0,0.0,0.0,0.0,0.0,0.0,0.0,0.0,0.0,0.0
2020-10-08,13.0,6.0,6.0,16.0,5.0,13.0,6.0,6.0,16.0,5.0,0.0,0.0,0.0,0.0,0.0,0.0,0.0,0.0,0.0,0.0
2020-10-09,16.0,4.0,6.0,16.0,5.0,16.0,4.0,6.0,16.0,5.0,0.0,0.0,0.0,0.0,0.0,0.0,0.0,0.0,0.0,0.0
2020-10-10,19.0,4.0,8.0,20.0,4.0,19.0,4.0,8.0,20.0,4.0,0.0,0.0,0.0,0.0,0.0,0.0,0.0,0.0,0.0,0.0
2020-10-11,18.0,5.0,7.0,17.0,3.0,18.0,5.0,7.0,17.0,3.0,0.0,0.0,0.0,0.0,0.0,0.0,0.0,0.0,0.0,0.0
2020-10-12,16.0,7.0,8.0,16.0,5.0,16.0,7.0,8.0,16.0,5.0,0.0,0.0,0.0,0.0,0.0,0.0,0.0,0.0,0.0,0.0
2020-10-13,16.0,7.0,7.0,13.0,4.0,16.0,7.0,7.0,13.0,4.0,0.0,0.0,0.0,0.0,0.0,0.0,0.0,0.0,0.0,0.0
2020-10-14,17.0,7.0,6.0,10.0,3.0,17.0,7.0,6.0,10.0,3.0,0.0,0.0,0.0,0.0,0.0,0.0,0.0,0.0,0.0,0.0
2020-10-15,14.0,6.0,7.0,13.0,2.0,14.0,6.0,7.0,13.0,2.0,0.0,0.0,0.0,0.0,0.0,0.0,0.0,0.0,0.0,0.0
2020-10-16,15.0,5.0,10.0,14.0,2.0,15.0,5.0,10.0,14.0,2.0,0.0,0.0,0.0,0.0,0.0,0.0,0.0,0.0,0.0,0.0
2020-10-17,18.0,4.0,6.0,15.0,2.0,18.0,4.0,6.0,15.0,2.0,0.0,0.0,0.0,0.0,0.0,0.0,0.0,0.0,0.0,0.0
2020-10-18,20.0,4.0,7.0,14.0,2.0,20.0,4.0,7.0,14.0,2.0,0.0,0.0,0.0,0.0,0.0,0.0,0.0,0.0,0.0,0.0
2020-10-19,22.0,5.0,8.0,16.0,2.0,22.0,5.0,8.0,16.0,2.0,0.0,0.0,0.0,0.0,0.0,0.0,0.0,0.0,0.0,0.0
2020-10-20,22.0,10.0,9.0,16.0,7.0,22.0,10.0,9.0,16.0,7.0,0.0,0.0,0.0,0.0,0.0,0.0,0.0,0.0,0.0,0.0
2020-10-21,16.0,11.0,8.0,19.0,6.0,16.0,11.0,8.0,19.0,6.0,0.0,0.0,0.0,0.0,0.0,0.0,0.0,0.0,0.0,0.0
2020-10-22,15.0,14.0,6.0,20.0,6.0,15.0,14.0,6.0,20.0,6.0,0.0,0.0,0.0,0.0,0.0,0.0,0.0,0.0,0.0,0.0
2020-10-23,19.0,16.0,6.0,19.0,7.0,19.0,16.0,6.0,19.0,7.0,0.0,0.0,0.0,0.0,0.0,0.0,0.0,0.0,0.0,0.0
2020-10-24,19.0,12.0,5.0,19.0,7.0,19.0,12.0,5.0,19.0,7.0,0.0,0.0,0.0,0.0,0.0,0.0,0.0,0.0,0.0,0.0
2020-10-25,19.0,13.0,8.0,19.0,7.0,19.0,13.0,8.0,19.0,7.0,0.0,0.0,0.0,0.0,0.0,0.0,0.0,0.0,0.0,0.0
2020-10-26,21.0,10.0,11.0,21.0,6.0,21.0,10.0,11.0,21.0,6.0,0.0,0.0,0.0,0.0,0.0,0.0,0.0,0.0,0.0,0.0
2020-10-27,19.0,13.0,8.0,20.0,7.0,19.0,13.0,8.0,20.0,7.0,0.0,0.0,0.0,0.0,0.0,0.0,0.0,0.0,0.0,0.0
2020-10-28,18.0,11.0,9.0,23.0,7.0,18.0,11.0,9.0,23.0,7.0,0.0,0.0,0.0,0.0,0.0,0.0,0.0,0.0,0.0,0.0
2020-10-29,23.0,12.0,9.0,22.0,5.0,23.0,12.0,9.0,22.0,5.0,0.0,0.0,0.0,0.0,0.0,0.0,0.0,0.0,0.0,0.0
2020-10-30,21.0,14.0,7.0,20.0,5.0,21.0,14.0,7.0,20.0,5.0,0.0,0.0,0.0,0.0,0.0,0.0,0.0,0.0,0.0,0.0
2020-10-31,22.0,15.0,6.0,20.0,5.0,22.0,15.0,6.0,20.0,5.0,0.0,0.0,0.0,0.0,0.0,0.0,0.0,0.0,0.0,0.0
2020-11-01,25.0,15.0,6.0,19.0,5.0,25.0,15.0,6.0,19.0,5.0,0.0,0.0,0.0,0.0,0.0,0.0,0.0,0.0,0.0,0.0
2020-11-02,27.0,17.0,8.0,20.0,6.0,27.0,17.0,8.0,20.0,6.0,0.0,0.0,0.0,0.0,0.0,0.0,0.0,0.0,0.0,0.0
2020-11-03,31.0,13.0,9.0,14.0,7.0,31.0,13.0,9.0,14.0,7.0,0.0,0.0,0.0,0.0,0.0,0.0,0.0,0.0,0.0,0.0
2020-11-04,29.0,12.0,9.0,11.0,7.0,29.0,12.0,9.0,11.0,7.0,0.0,0.0,0.0,0.0,0.0,0.0,0.0,0.0,0.0,0.0
2020-11-05,31.0,18.0,7.0,10.0,7.0,31.0,18.0,7.0,10.0,7.0,0.0,0.0,0.0,0.0,0.0,0.0,0.0,0.0,0.0,0.0
2020-11-06,30.0,17.0,8.0,14.0,8.0,30.0,17.0,8.0,14.0,8.0,0.0,0.0,0.0,0.0,0.0,0.0,0.0,0.0,0.0,0.0
2020-11-07,31.0,15.0,9.0,18.0,9.0,31.0,15.0,9.0,18.0,9.0,0.0,0.0,0.0,0.0,0.0,0.0,0.0,0.0,0.0,0.0
2020-11-08,30.0,17.0,12.0,22.0,10.0,30.0,17.0,12.0,22.0,10.0,0.0,0.0,0.0,0.0,0.0,0.0,0.0,0.0,0.0,0.0
2020-11-09,41.0,16.0,16.0,23.0,8.0,41.0,16.0,16.0,23.0,8.0,0.0,0.0,0.0,0.0,0.0,0.0,0.0,0.0,0.0,0.0
2020-11-10,45.0,19.0,20.0,24.0,9.0,45.0,19.0,20.0,24.0,9.0,0.0,0.0,0.0,0.0,0.0,0.0,0.0,0.0,0.0,0.0
2020-11-11,50.0,16.0,21.0,30.0,10.0,50.0,16.0,21.0,30.0,10.0,0.0,0.0,0.0,0.0,0.0,0.0,0.0,0.0,0.0,0.0
2020-11-12,45.0,17.0,22.0,36.0,10.0,45.0,17.0,22.0,36.0,10.0,0.0,0.0,0.0,0.0,0.0,0.0,0.0,0.0,0.0,0.0
2020-11-13,43.0,19.0,21.0,39.0,10.0,43.0,19.0,21.0,39.0,10.0,0.0,0.0,0.0,0.0,0.0,0.0,0.0,0.0,0.0,0.0
2020-11-14,44.0,21.0,25.0,38.0,8.0,44.0,21.0,25.0,38.0,8.0,0.0,0.0,0.0,0.0,0.0,0.0,0.0,0.0,0.0,0.0
2020-11-15,49.0,22.0,29.0,39.0,10.0,49.0,22.0,29.0,39.0,10.0,0.0,0.0,0.0,0.0,0.0,0.0,0.0,0.0,0.0,0.0
2020-11-16,56.0,24.0,29.0,44.0,10.0,56.0,24.0,29.0,44.0,10.0,0.0,0.0,0.0,0.0,0.0,0.0,0.0,0.0,0.0,0.0
2020-11-17,57.0,28.0,32.0,49.0,8.0,57.0,28.0,32.0,49.0,8.0,0.0,0.0,0.0,0.0,0.0,0.0,0.0,0.0,0.0,0.0
2020-11-18,56.0,35.0,36.0,44.0,10.0,56.0,35.0,36.0,44.0,10.0,0.0,0.0,0.0,0.0,0.0,0.0,0.0,0.0,0.0,0.0
2020-11-19,59.0,37.0,41.0,42.0,11.0,59.0,37.0,41.0,42.0,11.0,0.0,0.0,0.0,0.0,0.0,0.0,0.0,0.0,0.0,0.0
2020-11-20,54.0,39.0,40.0,41.0,9.0,54.0,39.0,40.0,41.0,9.0,0.0,0.0,0.0,0.0,0.0,0.0,0.0,0.0,0.0,0.0
2020-11-21,54.0,38.0,37.0,43.0,9.0,54.0,38.0,37.0,43.0,9.0,0.0,0.0,0.0,0.0,0.0,0.0,0.0,0.0,0.0,0.0
2020-11-22,57.0,42.0,38.0,48.0,10.0,57.0,42.0,38.0,48.0,10.0,0.0,0.0,0.0,0.0,0.0,0.0,0.0,0.0,0.0,0.0
2020-11-23,56.0,46.0,40.0,54.0,12.0,56.0,46.0,40.0,54.0,12.0,0.0,0.0,0.0,0.0,0.0,0.0,0.0,0.0,0.0,0.0
2020-11-24,56.0,44.0,45.0,61.0,13.0,56.0,44.0,45.0,61.0,13.0,0.0,0.0,0.0,0.0,0.0,0.0,0.0,0.0,0.0,0.0
2020-11-25,62.0,48.0,45.0,56.0,13.0,62.0,48.0,45.0,56.0,13.0,0.0,0.0,0.0,0.0,0.0,0.0,0.0,0.0,0.0,0.0
2020-11-26,59.0,47.0,48.0,58.0,16.0,59.0,47.0,48.0,58.0,16.0,0.0,0.0,0.0,0.0,0.0,0.0,0.0,0.0,0.0,0.0
2020-11-27,69.0,48.0,44.0,57.0,15.0,69.0,48.0,44.0,57.0,15.0,0.0,0.0,0.0,0.0,0.0,0.0,0.0,0.0,0.0,0.0
2020-11-28,76.0,45.0,45.0,53.0,17.0,76.0,45.0,45.0,53.0,17.0,0.0,0.0,0.0,0.0,0.0,0.0,0.0,0.0,0.0,0.0
2020-11-29,74.0,39.0,43.0,58.0,19.0,74.0,39.0,43.0,58.0,19.0,0.0,0.0,0.0,0.0,0.0,0.0,0.0,0.0,0.0,0.0
2020-11-30,77.0,37.0,40.0,55.0,19.0,77.0,37.0,40.0,55.0,19.0,0.0,0.0,0.0,0.0,0.0,0.0,0.0,0.0,0.0,0.0
2020-12-01,66.0,38.0,43.0,49.0,20.0,66.0,38.0,43.0,49.0,20.0,0.0,0.0,0.0,0.0,0.0,0.0,0.0,0.0,0.0,0.0
2020-12-02,61.0,38.0,41.0,40.0,21.0,61.0,38.0,41.0,40.0,21.0,0.0,0.0,0.0,0.0,0.0,0.0,0.0,0.0,0.0,0.0
2020-12-03,57.0,38.0,40.0,34.0,18.0,57.0,38.0,40.0,34.0,18.0,0.0,0.0,0.0,0.0,0.0,0.0,0.0,0.0,0.0,0.0
2020-12-04,65.0,35.0,41.0,30.0,15.0,65.0,35.0,41.0,30.0,15.0,0.0,0.0,0.0,0.0,0.0,0.0,0.0,0.0,0.0,0.0
2020-12-05,60.0,36.0,40.0,33.0,14.0,60.0,36.0,40.0,33.0,14.0,0.0,0.0,0.0,0.0,0.0,0.0,0.0,0.0,0.0,0.0
2020-12-06,64.0,35.0,36.0,41.0,15.0,64.0,35.0,36.0,41.0,15.0,0.0,0.0,0.0,0.0,0.0,0.0,0.0,0.0,0.0,0.0
2020-12-07,72.0,33.0,37.0,45.0,19.0,72.0,33.0,37.0,45.0,19.0,0.0,0.0,0.0,0.0,0.0,0.0,0.0,0.0,0.0,0.0
2020-12-08,71.0,37.0,41.0,45.0,19.0,71.0,37.0,41.0,45.0,19.0,0.0,0.0,0.0,0.0,0.0,0.0,0.0,0.0,0.0,0.0
2020-12-09,64.0,33.0,39.0,47.0,18.0,64.0,33.0,39.0,47.0,18.0,0.0,0.0,0.0,0.0,0.0,0.0,0.0,0.0,0.0,0.0
2020-12-10,60.0,39.0,36.0,47.0,17.0,60.0,39.0,36.0,47.0,17.0,0.0,0.0,0.0,0.0,0.0,0.0,0.0,0.0,0.0,0.0
2020-12-11,58.0,43.0,36.0,42.0,17.0,58.0,43.0,36.0,42.0,17.0,0.0,0.0,0.0,0.0,0.0,0.0,0.0,0.0,0.0,0.0
2020-12-12,60.0,40.0,30.0,42.0,20.0,60.0,40.0,30.0,42.0,20.0,0.0,0.0,0.0,0.0,0.0,0.0,0.0,0.0,0.0,0.0
2020-12-13,62.0,42.0,28.0,43.0,22.0,62.0,42.0,28.0,43.0,22.0,0.0,0.0,0.0,0.0,0.0,0.0,0.0,0.0,0.0,0.0
2020-12-14,64.0,41.0,29.0,43.0,23.0,64.0,41.0,29.0,43.0,23.0,0.0,0.0,0.0,0.0,0.0,0.0,0.0,0.0,0.0,0.0
2020-12-15,65.0,40.0,34.0,42.0,23.0,65.0,40.0,34.0,42.0,23.0,0.0,0.0,0.0,0.0,0.0,0.0,0.0,0.0,0.0,0.0
2020-12-16,60.0,34.0,34.0,36.0,23.0,60.0,34.0,34.0,36.0,23.0,0.0,0.0,0.0,0.0,0.0,0.0,0.0,0.0,0.0,0.0
2020-12-17,57.0,36.0,32.0,39.0,23.0,57.0,36.0,32.0,39.0,23.0,0.0,0.0,0.0,0.0,0.0,0.0,0.0,0.0,0.0,0.0
2020-12-18,56.0,31.0,32.0,42.0,22.0,56.0,31.0,32.0,42.0,22.0,0.0,0.0,0.0,0.0,0.0,0.0,0.0,0.0,0.0,0.0
2020-12-19,55.0,36.0,31.0,44.0,17.0,55.0,36.0,31.0,44.0,17.0,0.0,0.0,0.0,0.0,0.0,0.0,0.0,0.0,0.0,0.0
2020-12-20,55.0,36.0000000000001,31.0,43.99999999999989,17.0,55.0,36.0,31.0,44.0000000000005,17.0,12.413572651544099,17.607252473455,8.58509961236753,23.354827225039998,7.03794305459607,9.472011838277169,21.127319668231397,7.929440904493281,22.4027743264235,6.52395458836697
2020-12-21,58.782282282282296,40.22267267267279,32.832957957957895,51.389189189189,18.5383633633634,57.8888888888889,39.2656565656566,32.3484848484848,49.271717171717604,18.2050505050505,11.8230887385324,17.6686941229047,8.79909268846785,23.6902520151336,7.071335748091401,9.46153587727832,18.262548046672602,7.046480863664041,20.790573197588802,6.09430027712522
2020-12-22,61.632132132132206,43.843993993994104,34.0983483483483,59.014864864864705,19.4551051051051,60.686868686868706,46.440404040404,34.5151515151515,58.4525252525257,18.6828282828283,11.030611831187901,17.8148231444185,9.93158435430649,24.0462056357848,6.81484155180347,9.633790393991971,20.238658695307,7.7085334275273,21.943202415130898,6.311474530076281
2020-12-23,64.0968468468469,48.4720720720722,35.911036036036,62.7216216216215,20.479954954955,68.030303030303,54.8878787878788,37.4090909090909,64.0878787878792,20.8878787878788,11.445832269131401,17.122816144683,10.157028156119699,21.968678937824002,7.07807278268737,11.4848085071664,16.2501112520031,11.5192974992416,17.883923248096398,7.565690280568429
2020-12-24,66.5615615615616,51.451501501501596,37.750750750750704,68.712162162162,21.4642642642643,72.01010101010101,61.9717171717172,40.4848484848485,69.72323232323279,21.9111111111111,12.357367391689,16.9700933066706,11.5217007909485,22.1082185865871,6.226295441962759,11.633522380397402,18.256211441543602,8.7622405527429,20.804084150843398,7.072236486827901
2020-12-25,67.5870870870871,53.7484984984986,37.982357357357294,72.77027027027009,22.272897897897895,71.98989898989899,65.9646464646465,40.560606060606,73.9949494949499,22.116161616161605,12.5043527848625,16.0279655962361,10.6078305179725,23.096309418725802,6.25050399720999,11.376356517062302,16.025289930462197,5.53277238352834,22.7054440626614,5.98206686413167
2020-12-26,68.768018018018,55.0995495495496,39.1058558558558,77.0716216216215,22.676126126126103,73.5151515151515,68.0484848484849,42.0,76.8121212121216,23.5939393939394,12.7216990649863,15.167272528482199,9.55733868764511,24.8196002140348,5.550399106465401,8.477485983181651,12.223808228343,5.31332334407362,23.1723688406246,6.26415751889171
2020-12-27,69.7057057057057,57.214114114114196,39.209084084084104,80.4878378378377,23.228003003003,75.13131313131309,68.67777777777779,41.1666666666667,84.0838383838388,24.9808080808081,14.273891330097499,16.5351629661464,9.09178302791784,24.003157510823602,6.192150094301491,11.427818747351301,11.560119533826802,4.5399967233395495,23.5768481480252,7.463409364281381
2020-12-28,69.5825825825826,57.193543543543605,39.6231231231231,81.57972972972959,23.4758258258258,75.5656565656566,66.30707070707071,42.2424242424242,87.446464646465,24.185858585858604,14.1242658845927,14.3151599317451,9.334412384578698,23.4583959078258,6.500941101731441,11.576550821623002,11.6370738419633,4.35415636902838,25.071138455823498,7.3281975504787695
2020-12-29,70.1081081081081,57.6391891891893,39.902027027027,81.3743243243242,23.9331081081081,78.0909090909091,67.57272727272729,42.6818181818182,90.3545454545459,25.5727272727272,13.5942453342917,15.0262659611862,9.765942370664689,22.8895584183551,6.39199188539579,11.1555493361706,9.74297797568643,5.39972451087909,22.836464967928,6.603279926303589
2020-12-30,70.762012012012,56.638888888889,40.518768768768794,81.50675675675659,23.856606606606604,78.07070707070709,68.1111111111111,39.4848484848485,94.71717171717209,25.414141414141397,14.347741885894498,14.176614440871,9.41558114887625,21.8197122982227,6.33789186284817,11.2198171785756,9.095453409658742,5.534265910990701,23.410811940265496,6.45774568551929
2020-12-31,69.60510510510511,55.7331831831833,40.426051051051004,80.75405405405391,23.6517267267267,77.23232323232321,66.3767676767677,40.1060606060606,95.4434343434347,25.801010101010103,14.051240622760501,14.981622233523,9.497671372749641,22.013844297616,6.295335937452119,12.7512760664301,10.030531902543,5.805383651305309,23.2865725861475,5.356698131875
2021-01-01,69.63063063063059,55.94909909909921,40.596846846846795,78.33918918918909,23.3252252252252,77.6666666666667,63.0060606060606,41.9090909090909,93.9878787878792,25.733333333333302,13.9059766646507,15.6054622186966,9.50295982495053,20.3369298082291,6.1189324980749,15.587661999529299,12.4760928403881,6.82242292337953,24.040943037841895,4.88546503365251
2021-01-02,67.8791291291292,54.692042042042104,40.125750750750704,77.8635135135134,22.586561561561602,74.4646464646465,62.180808080808106,41.9848484848485,91.8050505050509,25.392929292929303,12.9786920811508,15.388876564382699,9.824166324615211,19.659677561973396,6.121203971195201,13.7672506362979,9.93865481361196,6.1911693978114295,21.067385000132397,5.20171618215271
2021-01-03,67.256006006006,54.597147147147204,40.28978978978979,77.63108108108099,22.6587087087087,77.8080808080808,60.537373737373706,42.787878787878796,92.44040404040442,25.3252525252525,13.263916228001198,15.6185161857695,9.515951008378732,19.526567608922697,5.902772466422699,13.5274437916847,7.94089738251726,6.19784019965793,21.2494044641878,4.97265248406449
2021-01-04,67.490990990991,53.975225225225294,40.3051801801802,78.0945945945945,22.5754504504505,76.15151515151521,60.1666666666667,42.7727272727273,92.62121212121251,24.9848484848485,12.941847514662198,14.545241566502199,9.3866794791095,18.7399486085081,6.12740240746156,15.258109888035701,7.22369837284325,6.111904114171491,20.7188978295837,4.88715638389659
2021-01-05,66.4421921921922,52.35330330330339,40.3746246246246,77.9499999999999,22.471921921921897,75.2222222222222,62.88686868686871,42.939393939393895,95.25656565656601,24.098989898989895,13.2992524243839,14.410670086598198,9.76167802816161,18.6699190779815,6.02006930838184,13.3298893623774,9.307421725351961,7.47115665865613,20.13713316814,5.087661301684809
2021-01-06,65.10285285285289,51.3732732732734,39.856231231231206,78.1972972972972,21.9156906906907,72.20202020202021,62.516161616161604,43.1060606060606,97.346464646465,24.667676767676703,12.8633512481141,15.124187643066099,8.90540284214375,20.047408884813198,5.8163392933828,11.6704047533682,9.909507914494949,8.251220796227619,22.048781379717497,5.04524979109513
2021-01-07,64.66891891891889,51.379729729729796,39.844594594594604,76.5729729729729,22.3189189189189,71.2727272727273,63.4181818181818,44.0909090909091,97.2545454545458,25.145454545454502,13.5539580579177,15.466360855592802,9.20232318541169,21.498789610381998,6.02038781090704,12.105596001248902,9.08363345221585,9.207435012213349,20.7925606530893,6.6915513525738
2021-01-08,64.0660660660661,51.13618618618629,39.7518768768769,75.5094594594593,22.242417417417396,72.07070707070709,65.2292929292929,43.348484848484794,95.88989898989941,23.2595959595959,14.235651086971,16.2575641214,9.97665966794608,21.567135740444304,5.86219814201511,12.2797959441414,12.1192422641785,8.46675560136367,22.7628811957225,6.2852312790704
2021-01-09,64.6861861861862,50.5277777777779,39.8956456456456,75.2972972972972,22.219969969970002,72.5959595959596,68.6767676767677,44.4242424242424,99.707070707071,23.7373737373737,14.2448906683553,16.7335320199931,9.93768017280425,22.5580373144454,6.12200941436223,11.6796071483803,11.8732980511554,7.86665732828507,24.2002663737816,6.150992663286281
2021-01-10,63.6509009009009,49.9531531531532,39.9515765765766,76.52432432432421,21.6637387387388,72.3939393939394,68.4878787878788,44.2272727272727,96.88787878787909,24.033333333333303,14.6486034580933,17.1790882696515,10.2448654495259,22.5752970660122,6.3032103082413204,14.4565464595522,16.6097651253912,8.934102183106141,24.735961040457696,6.006883104247921
2021-01-11,63.3385885885886,49.9190690690692,40.466966966967,76.7243243243242,21.6683183183183,73.1919191919192,67.389898989899,45.212121212121204,99.25050505050541,23.6929292929293,15.247835409012499,17.6171066073713,9.96707508896529,24.6940741332267,6.72153998037771,14.0865095771137,19.2418277168334,8.291188193069349,25.9057414102845,7.7267379494093795
2021-01-12,63.5195195195195,49.898498498498604,39.7931681681682,77.4648648648648,21.672897897897897,75.71717171717171,71.4737373737374,43.9242424242424,101.522222222223,24.170707070707003,15.9615818896732,18.1428720355293,10.3074717415782,25.887323801450897,6.7952820611600195,14.6106493483406,20.704932138889802,8.65309384312058,27.3432421735606,6.61703286730103
2021-01-13,63.2545045045045,50.3441441441442,39.7545045045045,78.88783783783771,21.778828828828804,77.969696969697,74.64848484848491,45.0909090909091,107.521212121212,24.2848484848485,16.0923350922635,18.289940235159303,10.840676651864,27.090367500684298,7.0031689581601295,17.489075692987402,23.0959192846552,7.60925925739694,29.9980715633632,7.99793361742646
2021-01-14,63.340840840840904,50.931681681681795,40.0401651651651,80.17567567567559,21.546921921921896,79.85858585858591,77.459595959596,48.530303030303,110.429292929293,25.035353535353497,16.4193304363956,18.5285535180474,11.6366653104364,27.9065105140775,6.774705889049821,15.9875984996223,23.272372156381604,7.817124664256601,32.5840299573957,7.96998501611043
2021-01-15,63.9474474474475,52.262462462462594,40.0825825825826,82.2945945945945,21.4906906906907,83.5656565656566,78.4525252525253,50.4242424242424,116.428282828283,26.604040404040397,16.9374466810392,18.3091103229544,11.6160970527008,29.372556547894202,7.085386559864089,17.8395048665678,24.4066783977915,10.1484843960658,36.0045910754781,9.699620849708461
2021-01-16,64.31756756756761,53.5864864864866,40.06418918918921,83.03513513513501,21.3195945945946,86.1818181818182,82.6272727272727,52.7727272727273,121.97272727272801,28.0818181818182,17.858100438689,19.522355187881697,12.2186880870369,30.6698314173273,7.458587272747179,19.2628619690759,23.7145559791714,11.078234188139902,39.5208910128084,10.6522802432233
2021-01-17,65.3093093093093,53.26861861861871,40.390390390390394,84.8635135135134,21.486336336336304,88.88888888888891,86.16565656565659,56.1212121212121,125.69898989898998,28.105050505050503,18.6026655959672,21.3255777985995,12.3316919508076,31.708666146110897,7.6012042027799405,19.738371406606102,23.8036041440773,11.325390183561803,42.455032117125,10.1606923691985
2021-01-18,65.8821321321321,54.2548048048049,40.973348348348296,85.50270270270259,21.754429429429397,91.5050505050505,87.43131313131309,58.560606060606005,130.334343434344,30.401010101010105,18.8051926896913,21.9727184503726,12.7601686773704,32.9819514525994,7.53787611553081,21.055613099010102,24.179083919238,11.0707715842697,44.7182178565343,12.440934832404402
2021-01-19,66.7117117117117,54.558558558558595,41.536036036036,85.8378378378378,21.799549549549603,92.6666666666667,89.42424242424241,60.0909090909091,131.969696969697,31.242424242424196,19.5624433338269,22.8027557187958,13.451357053254599,34.926856682933604,7.56219343443489,21.684057441065697,23.6699062695634,12.331509060227802,43.382214430865794,13.6078489747281
2021-01-20,67.4534534534535,55.42987987987989,42.0987237237237,86.7878378378377,22.027102102102102,94.91919191919192,93.50808080808079,61.1666666666667,134.877777777778,31.9929292929293,20.365443238617,23.795815253818603,13.8275454623557,35.644158375483705,7.80876188875088,22.3029479576873,25.1839513372838,13.4993112771977,42.864383489102295,13.685366498503
2021-01-21,68.45870870870871,55.956606606606705,42.762762762762705,86.76486486486479,22.4168168168168,96.89898989898991,95.95555555555549,63.2424242424242,141.604040404041,33.1070707070707,20.584256245642397,24.6559183136417,14.453337615408499,36.337940860015,8.33770368721201,24.7930275455829,24.079414067169104,15.164660963858099,44.4139059453491,12.891793789362199
2021-01-22,68.8963963963964,57.0576576576577,43.075450450450404,87.9513513513512,22.2997747747748,101.333333333333,97.7666666666667,64.9545454545454,148.875757575758,33.130303030303004,21.000995663203,24.639256300853898,14.4518213597313,36.730029904507,8.5613094204079,23.027471915299696,27.581284827347602,16.0695801114615,42.5233042572973,12.8365439080826
2021-01-23,68.8543543543544,57.5168168168169,43.030030030030005,88.881081081081,21.9732732732733,102.94949494949499,99.57777777777781,65.3939393939394,152.60202020202,32.5171717171717,21.0431094267515,25.4999856772472,14.1428716361075,37.8444781818058,8.66650395044944,21.0013773652984,29.424788560296896,16.710465864885002,45.13176301739,11.228652841196
2021-01-24,69.183933933934,57.9286786786788,43.640015015015,89.5405405405405,21.6062312312312,103.474747474747,100.29797979798,66.1060606060606,158.782828282829,32.540404040404,21.7676687005617,25.4691722377803,14.191421960750802,39.188450016328105,8.7274911362869,22.927842253758303,29.852530105822,15.760081385870302,40.921412285881296,9.42740860776975
2021-01-25,69.3648648648649,57.3472972972974,43.4189189189189,90.9027027027026,21.347297297297303,106.818181818182,101.29090909090901,66.4545454545454,161.509090909091,33.9272727272727,22.2773416023498,25.4529053866617,14.470889331930401,39.460021747197,8.6831974634036,23.688404249078697,30.031663730907102,16.8483758444261,39.9609313337146,9.59597022859592
2021-01-26,69.52552552552551,58.015915915916004,43.853228228228204,91.02837837837829,20.9532282282282,111.34343434343398,104.283838383838,67.1666666666667,165.326262626263,33.950505050505,22.5270067608009,25.871211342592602,14.5152545007426,40.0712408871766,8.57951677590924,22.967817945051397,28.9453746001637,17.3614943942999,40.4679242433064,10.6258689484244
2021-01-27,68.8618618618619,59.1439939939941,43.834834834834794,91.3229729729729,21.329429429429396,111.323232323232,109.82222222222201,67.3333333333333,170.961616161616,35.610101010101,23.18911831401,26.8386160783709,14.6221024550004,41.595447961145794,8.613017820012901,22.2130927068543,30.8456568329246,18.5035176463627,35.243192883564,10.990604552514501
2021-01-28,68.4752252252252,58.79909909909921,44.066441441441405,91.5837837837837,21.029954954955002,113.666666666667,109.906060606061,65.9545454545454,175.687878787879,36.542424242424204,22.954264043196698,27.5069882879778,15.1301632760416,42.1646152049736,8.6675469201416,22.882379810350198,29.6405462748424,17.732633222162303,38.8548900312283,12.772646392497098
2021-01-29,67.9872372372373,59.170420420420506,44.000750750750704,91.6689189189188,20.8453453453454,117.191919191919,112.89898989898998,67.3939393939394,178.232323232323,36.747474747474705,23.077784553182898,27.5659735561943,15.8429276481518,42.9067625876006,9.004125647199869,25.663106618691202,29.745476772607798,18.9597224236054,38.2166507780864,11.6100554877982
2021-01-30,67.0938438438439,58.6566066066067,43.2796546546546,91.81486486486479,21.0728978978979,116.535353535354,114.710101010101,70.8333333333333,175.776767676768,36.2252525252525,23.4413179870512,27.7253656475832,15.6404821033006,42.761040377213796,9.180567795881938,22.939734195467,28.471241108317198,18.1577112913176,36.0440501847255,11.691630120562
2021-01-31,65.8085585585586,58.811711711711794,42.8828828828829,90.8256756756756,21.1923423423424,114.242424242424,115.70303030303002,70.5454545454545,177.866666666667,35.1575757575757,23.0546431834362,28.0893746044367,15.749140526365599,43.0653917606066,9.098627173115421,22.271428533563398,24.0502229332806,16.1101579782026,32.983341650692104,9.669753473145269
2021-02-01,65.21921921921921,58.2506006006007,42.756381381381395,90.93783783783779,21.0888138138138,115.131313131313,119.423232323232,70.07575757575759,176.956565656566,35.089898989899,23.4219247614816,28.449970024157402,15.7784651234155,43.78499070325189,9.16408534388019,21.316194906438103,23.654189082634502,16.308492945357,36.8562093179597,9.47113928410109
2021-02-02,65.0960960960961,58.121921921921995,42.1974474474474,89.827027027027,21.1271771771772,119.020202020202,122.32525252525299,69.8787878787879,177.955555555556,35.2040404040404,23.259854215265698,28.2941607492691,15.9940353655787,44.8042267682846,9.5015088571476,22.926039906297003,24.7946941804922,14.869681839788301,36.1948354838433,8.17272221660274
2021-02-03,64.8986486486487,57.5405405405406,41.5844594594595,88.82432432432421,20.8344594594595,118.0,122.40909090909099,71.3181818181818,180.863636363637,34.5909090909091,23.5565804338935,28.714422837481898,16.6129770423278,45.135306582454795,9.51530570879996,22.532254200120395,23.403397365862602,13.2764627371118,36.290380757677205,7.8981115014449
2021-02-04,64.0187687687688,56.783483483483494,40.9444444444444,89.1932432432432,20.926876876876896,119.88888888888901,121.76565656565701,70.7575757575758,182.58989898989898,35.250505050505,23.4141218321067,28.7236683494252,16.267666129030598,45.1871903047823,9.43743333317849,24.9690717779926,21.6684254424964,12.1539708846312,38.1012136202883,8.00103299115932
2021-02-05,63.2064564564565,56.4048048048049,40.777402402402394,88.6094594594594,20.8301051051051,120.14141414141399,122.94040404040399,71.92424242424241,183.22525252525298,34.7282828282828,23.2636096739541,28.932975240120697,16.526395813452698,45.327642145160596,9.442095549774619,25.9175424811934,20.6565780049851,11.8321595661992,33.268752867448605,6.984043206061389
2021-02-06,62.184684684684704,56.7153153153154,40.1711711711712,89.0121621621621,20.9427927927928,123.393939393939,121.933333333333,71.1818181818182,183.042424242424,35.3878787878788,23.6037063301526,29.5045031290833,16.694942382911503,46.192317888596,9.366736679671131,24.4124341709048,18.355083516810602,12.0529136424653,34.256687831094,6.65812124494566
2021-02-07,62.3318318318318,56.5798798798799,40.220345345345294,88.69864864864859,20.9811561561562,121.010101010101,123.653535353535,72.8939393939394,183.223232323233,35.411111111111104,23.960145414793,30.222343816147298,16.6362054236676,46.4302948411465,9.56709038358041,20.5490745000819,20.460403201636897,13.806214913868802,34.7439274675125,7.6211970600489805
2021-02-08,62.370870870870895,56.457957957958,40.0803303303303,88.7972972972972,21.033033033033,120.17171717171699,121.010101010101,73.6060606060606,184.49494949495,36.5252525252525,24.538192678495196,30.5488179407137,16.7744716191242,47.6408123893078,9.779919350289848,18.3573346523179,19.5697523390453,14.6253487632357,31.392740119833498,7.42789026029654
2021-02-09,62.6531531531532,56.6265765765766,39.6632882882883,89.6121621621621,20.8754504504505,121.515151515152,121.730303030303,71.5,188.766666666667,36.3666666666667,25.5249952691788,30.327156820788897,17.3128559143876,48.030198073232896,9.97918533163536,18.3721852288356,18.450290597724898,15.0052332468839,33.2709885288362,7.96376089566392
2021-02-10,62.719219219219205,56.8965465465466,38.6111111111111,90.4945945945945,21.2516516516517,121.494949494949,122.99595959596,72.9393939393939,188.674747474748,39.298989898989895,26.2455011971547,31.0877981872078,17.056135297256102,48.8570536091058,10.681923847236499,19.4158493662155,19.0015223400566,16.1869246284036,32.713633521542896,9.14800253679584
2021-02-11,62.3933933933934,57.7408408408409,38.7278528528528,90.34999999999991,21.195420420420398,121.747474747475,124.62525252525299,71.92424242424241,191.764646464647,39.685858585858604,27.1166285011799,31.737648074997,17.51522868645,49.0017925761464,10.7480505137724,20.2321240351874,20.9383194917953,17.2329685954443,31.6509893047112,9.737038428360641
2021-02-12,62.472972972973004,58.3148648648649,38.74324324324321,90.827027027027,21.1324324324324,123.636363636364,123.345454545455,71.0909090909091,192.490909090909,39.8,27.588502252525803,31.461261064555202,16.92171421516,49.0410674493005,10.955384652549501,22.086606389805198,21.4703331742097,16.6366120200037,32.4011529230644,9.56750699412572
2021-02-13,62.3160660660661,58.7537537537538,38.887012012012,91.7027027027026,21.461336336336302,121.34343434343398,124.06565656565701,72.7121212121212,195.126262626263,39.8232323232323,28.137941385869397,32.242402177472,17.3843709456944,49.6391999682136,11.015053366072,22.104186058806,23.6041738850015,18.1363066756909,30.609780752007197,9.252205455194131
2021-02-14,62.598348348348395,59.4021021021021,38.9767267267267,92.67297297297291,21.4456456456457,122.68686868686899,121.967676767677,73.3333333333333,198.307070707071,39.937373737373704,28.443704572414198,31.787997859081504,18.018520826317697,50.8347018300825,10.7567800997981,22.337382964124302,24.3883863432936,16.467348108272,29.0121091845947,8.64258149374555
2021-02-15,62.3130630630631,60.3747747747748,39.059684684684704,94.03513513513509,21.5921171171171,124.030303030303,127.324242424242,72.5,196.39696969697,39.687878787878795,28.9401246764637,32.6206727509283,18.282195652247502,50.7532968591648,10.590963508343402,23.105578733176998,19.759713585771802,14.270121360253501,29.468851744519895,6.932973078159129
2021-02-16,62.075075075075105,61.3474474474475,39.1291291291291,95.0864864864864,21.1980480480481,123.82828282828301,130.226262626263,72.6666666666667,200.668686868687,39.892929292929296,28.8727529964727,32.9837460247642,18.9745417846819,51.1535236350105,10.5422793957265,21.6409468025869,19.1777246816963,12.7240255597936,26.018429577627302,7.08857770531561
2021-02-17,62.02627627627629,61.8674174174175,39.4756006006006,96.2864864864864,20.851276276276298,123.535353535354,132.40101010101003,72.65151515151521,203.485858585859,40.279797979798005,28.753615550597402,32.5640817636595,18.9604406808178,51.76648830605829,10.6135723575269,18.2697871899741,19.919673401683898,14.3227265514555,28.8804889956541,7.63744581076663
2021-02-18,62.2207207207207,62.7725225225226,39.5788288288288,96.2364864864864,21.2342342342342,122.87878787878799,134.393939393939,75.7272727272727,207.21212121212102,40.1212121212121,28.831324145948702,33.344031869070804,19.2905535570553,51.1229321441497,10.553480882107099,15.473250712222901,20.3875671074796,14.6061234752828,28.0106237224792,7.620112578071231
2021-02-19,61.5705705705706,62.6235735735736,39.41178678678679,97.07837837837829,21.5834084084084,122.676767676768,133.477777777778,75.1666666666667,212.120202020202,41.417171717171705,28.220086200383,32.980816385471,19.2641415427501,51.0485538328904,11.0087350768031,16.0072297715338,19.5634166935961,12.744144660999998,27.9187131769096,8.60328593768799
2021-02-20,61.717717717717704,63.1975975975976,39.3731231231231,97.9675675675675,21.5069069069069,122.11111111111099,133.470707070707,77.1515151515151,211.66464646464698,41.8040404040404,28.537200357369798,33.373240659412,19.2001812350681,51.339557678412504,10.3800058549394,15.088170616810501,18.56594233741,14.7295172251486,30.1031285269063,9.667189118587961
2021-02-21,61.5540540540541,64.1094594594595,39.395270270270295,97.40405405405399,21.6804054054054,123.454545454545,134.736363636364,79.86363636363629,213.84545454545503,41.2818181818182,28.303624192667197,33.788893532497895,18.9649199433778,51.714913224498304,10.5923191158159,13.246549527335999,19.269725323667398,14.4965085565656,31.6739588529992,8.93687689268691
2021-02-22,61.5998498498499,64.5483483483484,39.57282282282279,98.7054054054054,21.4282282282282,124.79797979798,135.36565656565702,81.3939393939394,214.02626262626302,40.850505050505,28.707756305507804,33.1349918430833,19.137788028042397,51.816640256298896,10.7637552779892,14.142719997426902,18.172724998862897,13.8265524885637,31.427997204156398,8.28819732366653
2021-02-23,61.51726726726729,64.4804804804805,39.2165915915916,98.56756756756751,21.5409159159159,125.14141414141399,139.631313131313,83.2878787878788,219.57070707070702,43.05555555555549,28.9245661005517,33.7836729727912,18.9560868010222,52.4800333348909,10.825176266368802,14.906319032794,18.4117282061514,13.811002919878499,30.127826845181197,9.10997999653073
2021-02-24,60.9279279279279,63.959909909909896,38.988738738738704,98.59864864864859,21.3968468468469,125.939393939394,141.624242424242,82.9090909090909,221.751515151515,44.169696969697,28.355041884860302,34.0225904359263,18.958129010744198,52.8523771210759,10.8141105606031,14.947290309728599,18.0123924283182,14.330225814718599,27.052443711128998,10.431199229013501
2021-02-25,60.311561561561604,64.2096096096096,38.950075075075105,100.102702702703,21.4149399399399,129.555555555556,143.708080808081,82.1666666666667,223.023232323232,45.102020202020206,28.157307351166896,34.2143241652702,18.5677679579257,53.1297059961781,10.8019304743292,15.4588229374545,19.1466718079752,15.078307991974,25.8600812383274,8.37844538726833
2021-02-26,60.3641141141141,64.7430930930931,38.4519519519519,100.410810810811,21.8924924924925,130.626262626263,141.882828282828,85.1515151515151,226.567676767677,44.6707070707071,28.0767195777893,34.2532962429342,18.7787313348864,53.3995014654328,10.869643547054801,16.645054858415698,19.554543341363303,16.0386928838197,25.187888995827304,8.870975982158509
2021-02-27,59.9099099099099,65.1684684684685,38.4673423423423,100.637837837838,22.3295045045045,128.333333333333,142.512121212121,83.5,226.65757575757598,44.6030303030303,27.8015047598175,34.3511174423746,19.0273185538938,52.029334364420606,11.0134471893211,17.762901259564103,21.5295299799374,16.1664891643432,23.5498416411303,9.25399176768402
2021-02-28,59.8475975975976,65.17492492492501,38.2732732732733,100.952702702703,22.3408408408408,127.767676767677,141.050505050505,83.57575757575759,225.838383838384,44.080808080808104,28.066239444692897,34.6811595113944,19.1488203086013,51.7103961972075,11.4413900119437,20.1009847215717,24.7095524741156,17.7717391029635,22.7359983250068,8.92669874103653
2021-03-01,59.467717717717704,65.76921921921921,37.667042042042,101.139189189189,22.217042042042,127.747474747475,137.679797979798,83.0151515151515,225.47373737373698,44.1040404040404,27.5945772229079,33.927657833007004,19.1105831953329,51.4576761983772,11.363241841879802,20.9071145310999,22.9681777701812,18.923071754556602,25.983465817087804,9.10635052228448
2021-03-02,58.8783783783784,66.8972972972973,37.675675675675706,101.50135135135099,22.0189189189189,125.636363636364,137.309090909091,80.6363636363636,221.83636363636398,44.127272727272704,27.0420465023598,33.5393100368833,18.444667562868897,51.7709470879305,11.4602303252962,23.1745086515263,24.5262551173767,17.4308551351849,27.329939989592198,9.30120404540266
2021-03-03,58.4444444444444,66.8632132132132,37.616741741741706,101.174324324324,21.7464714714715,125.070707070707,137.938383838384,80.07575757575759,224.38080808080798,43.69595959595961,26.2231531641406,33.155291117291,18.6295534827239,51.4025083021407,11.458796114788498,25.076082575940198,26.8940375585063,16.6480336614685,32.2264713325157,8.434482548904151
2021-03-04,58.0578078078078,66.8696696696697,36.8415915915916,100.914864864865,21.6496996996997,123.777777777778,139.022222222222,80.5151515151515,221.107070707071,43.1737373737374,26.284755592400497,33.1719516817805,18.062683798898497,51.2673793333611,11.3666302417789,25.0965079392293,28.6800532521377,18.3811797389352,34.848669301224604,8.61288675078328
2021-03-05,57.1103603603604,66.6531531531532,36.4650900900901,99.8581081081081,21.444819819819802,123.84848484848499,134.833333333333,79.2272727272727,218.106060606061,43.8333333333333,25.8820184794339,33.0120891153148,17.967062379065602,50.4256227116561,11.1314178884566,27.653702694707498,28.4796578120403,19.0475698543245,35.7054062161159,9.57614115073723
2021-03-06,57.02102102102101,65.6123123123123,35.9331831831832,99.88918918918921,21.5237237237237,124.555555555556,136.280808080808,80.7575757575758,219.650505050505,44.5838383838384,25.7334059376937,32.844301999730895,17.4541505190976,50.5578052604525,11.154640077205901,27.2572683460018,27.7792359580537,19.5181627641013,39.6630435644239,11.597947951867
2021-03-07,56.6343843843844,65.2066066066066,35.8607357357357,99.7918918918919,21.298573573573602,124.35353535353501,134.273737373737,77.1060606060606,221.10404040404,43.788888888888906,25.502612872623402,32.6267797484943,17.2653672247481,50.408562233585606,11.015925784570301,28.834380305519097,31.0448888541567,18.632150299774498,46.4391541839676,12.225836346858499
2021-03-08,56.2815315315315,64.7265765765766,35.4436936936937,99.5121621621621,20.8572072072072,121.69696969696999,129.721212121212,74.9090909090909,222.10303030302998,43.630303030303004,26.1234662943966,32.4612224412652,17.3561327818855,49.597464292113294,10.8580114023847,29.768250877916497,33.2603056793575,17.2363252780547,47.2849634513451,12.4023458191659
2021-03-09,55.30030030030029,64.1249249249249,34.837462462462504,99.44864864864859,20.706381381381398,122.040404040404,127.623232323232,74.8939393939394,220.647474747475,44.19898989898989,25.643471980658003,32.403170921316104,16.637746243799,48.9789663379642,11.1072100478689,32.7436827545494,33.735235521669004,19.0553781913802,48.223481129335795,12.3388789557357
2021-03-10,54.731231231231206,63.401651651651704,34.3798798798799,99.6418918918919,20.1704204204204,122.38383838383801,126.707070707071,75.0606060606061,215.646464646465,45.13131313131311,25.2359899006825,31.9232631721113,16.1894528584764,48.4669066759157,10.6139250706515,31.945459719562898,32.995366566777705,20.12810214272,48.962458210853605,12.2406989483363
2021-03-11,53.8986486486487,62.347297297297295,34.2466216216216,98.93648648648649,19.9790540540541,119.0,129.336363636364,74.0454545454545,211.37272727272702,45.3363636363636,25.021885052007605,31.5127623513925,16.361716337375697,48.123355843581,10.621062842051801,30.9294050892278,34.5892067434409,21.2913671249543,50.709185436203796,12.017205296594401
2021-03-12,53.6944444444444,62.5091591591592,34.5187687687688,98.48783783783779,19.8822822822823,118.525252525253,128.60202020202,75.1212121212121,205.00808080808102,44.26868686868689,25.331962381849,31.2276062933702,16.3210728706595,47.6855507599347,10.798388132834802,31.016391294372397,36.9088669943947,22.5582808090034,50.1431010061444,13.155145428297999
2021-03-13,53.5105105105105,62.5291291291291,34.412537537537496,98.21486486486491,19.7855105105105,117.323232323232,127.04949494949499,74.0151515151515,202.09797979798,44.8373737373737,25.3990719535054,31.3645446377914,16.714007970990902,47.6138921389179,10.6187242454967,29.808756825320202,38.9337220253061,22.8426163993301,48.0946037419055,12.462837319390301
2021-03-14,53.1576576576577,63.0490990990991,33.7995495495496,97.2459459459459,19.526576576576602,115.484848484848,129.042424242424,73.7272727272727,199.733333333333,43.4060606060606,25.250631912479896,31.009985520348803,16.5561443798832,46.354625209415,10.5562945332722,29.4228224230587,36.9925165539158,22.5795197190685,50.9460904509012,13.1940382229285
2021-03-15,52.798048048048,62.846096096096105,33.950075075075105,96.92567567567569,19.6527777777778,113.010101010101,127.85353535353501,73.8939393939394,197.18686868686902,41.7020202020202,24.811917591459498,30.7432900207544,16.8387759488788,45.6557748906088,10.606625391300499,30.2146590223142,35.597381276141796,21.6577434475448,52.9826105886959,14.560787373134
2021-03-16,52.4654654654655,62.83903903903909,34.235735735735695,97.18648648648649,19.684384384384398,113.535353535354,125.664646464646,73.8787878787879,198.00404040403998,42.6343434343434,24.1758380790098,30.895290773270602,17.2392395589179,45.9569362849113,11.0340630705621,28.5002537323778,34.6133304469261,21.198003960298397,55.0015777384523,15.198412270273199
2021-03-17,52.045045045045,63.10225225225229,34.115990990991,97.59594594594601,19.5673423423423,111.87878787878799,126.112121212121,71.8636363636364,197.09393939393902,42.839393939393894,24.171509468340698,30.8486335829835,17.168869725617398,45.44229116308371,10.9695004324278,30.0951658620527,35.2506960250139,21.0811105765445,53.66640145033111,14.0053118612396
2021-03-18,52.151651651651704,63.5816816816817,33.847597597597606,97.9108108108108,19.504354354354398,111.040404040404,124.83232323232299,71.7575757575758,199.82020202020198,42.135353535353495,24.773661318140203,30.412356562785,16.9240288889766,45.4340201018471,10.860351018787501,31.074956034755395,34.9788602038006,19.475349963437,52.7313478049093,12.8860229231854
2021-03-19,51.9069069069069,63.6557057057057,33.8832582582583,97.86081081081079,19.5156906906907,108.747474747475,122.007070707071,70.65151515151521,200.54646464646498,41.4313131313131,25.0225318477776,29.6506095522925,16.8763536642899,45.4684548576692,10.8664278827316,29.1592946212681,33.747237413718,18.6423493713278,51.6558861942412,13.4527025764926
2021-03-20,52.06756756756761,64.277027027027,34.2702702702703,98.2635135135135,19.6621621621622,106.181818181818,124.90909090909099,70.7272727272727,200.27272727272702,40.1818181818182,24.2028762424551,29.4305919497516,17.1036563953184,44.9195017972069,10.8562810652773,27.269090666634302,34.1266479334486,17.7819669077253,53.4859215275655,11.2800562685426
2021-03-21,51.8783783783784,63.7432432432432,33.804054054054106,97.3918918918919,19.3108108108108,104.0,124.0,67.9090909090909,198.27272727272702,40.0909090909091,24.1504029974224,29.3066549082935,17.3632334389807,44.680643843375705,10.462191486201,26.967994498529702,34.276946930978106,17.515990333274697,54.9530227625724,11.131074810919198
2021-03-22,51.81756756756761,63.824324324324294,33.695945945945894,96.87162162162159,19.4662162162162,102.90909090909099,125.0,66.4545454545455,198.636363636364,40.0,24.570372502143396,29.2548716701228,17.360509233946498,44.995086879750396,10.443810749926401,25.7168305181806,35.2935739708571,17.6241757324402,54.9119505576845,11.0535884753241
2021-03-23,51.75,63.0067567567568,33.7094594594595,97.1418918918919,19.4121621621622,102.727272727273,123.545454545455,66.9090909090909,196.81818181818198,39.0909090909091,24.847337939962603,28.938774283803703,17.143375278049298,45.1174159060818,10.231726660744501,23.5143704962457,34.5605230294062,14.9389944011974,50.8988626088642,10.7149389804782
2021-03-24,51.5202702702703,62.824324324324294,33.1824324324324,96.87162162162159,19.4662162162162,100.09090909090901,121.90909090909099,66.5454545454545,193.909090909091,38.363636363636395,24.4494706720446,28.623302786039602,16.326498591107498,44.6883019346537,10.2022887870218,21.8443025459502,35.020655062287695,14.5312430574053,50.4046436270861,10.2271717166729
2021-03-25,51.4121621621622,62.2837837837838,32.4256756756757,97.0405405405405,19.581081081081102,99.4545454545455,122.636363636364,65.5454545454545,193.81818181818198,38.636363636363605,24.4094933498286,28.578256840846,15.6990665999935,44.758643794270704,10.094160416148501,22.8686511760438,35.6403059043925,15.6690989261356,50.56016790431371,10.704907347675402
2021-03-26,51.2702702702703,62.135135135135094,32.3783783783784,97.07432432432431,19.5405405405405,98.8181818181818,122.454545454545,65.0909090909091,194.27272727272702,37.363636363636395,24.0243667392972,28.801897612185503,15.389714626635001,44.692355476714106,9.886093412013619,22.973574470833697,35.095619090405606,14.531811783773199,48.9992410128434,10.6110810628472
2021-03-27,51.027027027026996,61.6959459459459,31.9594594594595,96.5405405405405,19.3581081081081,96.0909090909091,123.181818181818,65.0,192.636363636364,35.9090909090909,23.7608996172471,28.7511830035772,14.860103660099302,43.8591693359889,9.74402806375431,23.903041059681602,36.1582838033459,16.5474524268294,47.5265910780916,10.8665838527156
2021-03-28,50.68918918918921,60.9662162162162,31.6621621621622,95.85135135135141,19.4391891891892,96.3636363636364,124.09090909090901,63.636363636363605,192.363636363636,35.363636363636395,23.3506905249338,28.327575988048395,14.8171531596824,44.068338340806505,9.65921094600085,25.165895852315398,37.9388372502483,17.4422305041149,44.845741111813204,10.5509390126939
2021-03-29,50.43918918918921,60.56081081081079,31.533783783783804,95.56081081081079,19.5202702702703,96.3636363636364,121.727272727273,63.0909090909091,191.72727272727298,34.7272727272727,23.663527172877398,28.4491548231823,14.499960643255301,43.1920954904494,10.0333697248264,28.269073134218,37.192596792888104,16.1664891643432,44.53209447147671,10.4193082050141
2021-03-30,50.2432432432432,59.777027027026996,31.763513513513498,94.7027027027027,19.6824324324324,95.7272727272727,120.636363636364,60.0,187.54545454545502,35.2727272727273,23.4574432437857,28.412221615132104,14.9952071110696,42.9909574809381,9.781420033259801,30.124260561550102,37.0583636180766,14.948396083009902,45.4059740490042,11.386522408619001
2021-03-31,50.0135135135135,60.0878378378378,31.5608108108108,93.2905405405405,19.344594594594604,92.8181818181818,117.727272727273,59.0,181.636363636364,34.8181818181818,23.548106737027997,28.3853619142108,15.6275165979199,42.662765172223104,10.1520287134054,28.5109809206532,33.680560643927194,15.2375135170348,45.1286498947433,10.9943636949962
2021-04-01,49.4797297297297,60.209459459459495,31.222972972973,92.83108108108108,19.2837837837838,90.5454545454545,116.636363636364,59.8181818181818,180.090909090909,33.636363636363605,23.759626667656498,28.6203606835023,15.560614238703899,42.573686282680896,10.291061813561699,26.878053353360897,31.2214166799672,14.121667309609899,42.8792268957074,9.91117576065916
2021-04-02,48.675675675675706,59.68918918918921,30.797297297297302,91.8175675675676,19.1418918918919,91.0,115.09090909090901,58.636363636363605,178.27272727272702,33.636363636363605,23.067531943163498,28.771431812333798,15.419783475299802,42.6372247528356,10.166858011507301,27.784887978899604,31.741726324865304,12.801084664786902,44.423766998985606,11.0311354997218
2021-04-03,48.790540540540505,58.81756756756761,30.6148648648649,90.89864864864859,19.0337837837838,90.4545454545455,113.363636363636,56.8181818181818,177.363636363636,34.1818181818182,23.509128008239998,28.7162344991993,15.592151373085,41.605245879099606,10.117829820548199,27.2442275332647,31.441931259423498,11.7691289692235,45.1467762410416,10.3028520483689
2021-04-04,47.972972972973004,57.9864864864865,30.2094594594595,90.3445945945946,18.6486486486486,90.5454545454545,111.0,53.545454545454504,173.72727272727298,34.363636363636395,23.1846133581485,28.3012239460489,15.7802705156044,42.226978829320295,9.9897683229804,25.2671674721587,32.708075177518204,12.4707923227446,42.123392138920295,9.781919566896018
2021-04-05,47.2364864864865,57.7432432432432,29.986486486486502,89.68918918918921,18.1891891891892,90.5454545454545,107.363636363636,53.545454545454504,171.81818181818198,33.363636363636395,23.464568311256,27.7352643178079,15.813946328037,41.959899027161796,9.98671506156876,23.700263275728503,30.9347487089511,12.8937168374483,41.033950869578,11.562264069516099
2021-04-06,47.0202702702703,57.1418918918919,29.5405405405405,87.92567567567569,18.0405405405405,89.0,103.90909090909099,53.0909090909091,170.454545454545,33.7272727272727,23.368513580328102,28.0132715012818,15.664721242323699,41.723201662574894,9.815100320547439,23.9658848441621,29.109369142955103,12.7596989523802,42.5619626093185,11.0296370095295
2021-04-07,46.7297297297297,56.459459459459495,28.9324324324324,87.3175675675676,17.702702702702698,89.4545454545455,100.454545454545,52.545454545454504,164.909090909091,34.636363636363605,23.423133227585602,28.3980819628241,15.1464303894592,41.3955927217618,9.40490057669725,25.460713538396696,28.0595588521132,12.235296454881802,43.097045976503104,11.363999994182
2021-04-08,46.18918918918921,55.675675675675706,28.547297297297302,86.5945945945946,17.5337837837838,88.9090909090909,96.7272727272727,52.0,164.727272727273,33.2727272727273,23.445840797334103,27.912318363678697,14.903443489024,40.9264068981434,9.287753881831,25.4717474342726,26.143279717360702,13.429952954632302,41.5869098921784,11.2983579586586
2021-04-09,45.324324324324294,54.8310810810811,28.5810810810811,84.79729729729729,17.2702702702703,87.9090909090909,94.4545454545455,50.545454545454504,160.454545454545,32.2727272727273,23.251334229725,27.3294189853079,15.020712507623198,40.2602948827595,9.186207783436402,25.5501451533132,25.499959487895197,11.268327587160801,40.0507941956521,10.955205562910301
2021-04-10,44.7567567567568,54.0878378378378,28.3716216216216,83.12837837837841,17.2432432432432,86.0909090909091,92.8181818181818,51.1818181818182,159.363636363636,32.8181818181818,22.5854598112763,26.846895500741898,14.8252343335955,38.8278042626264,9.45016918311421,26.6916893618919,23.0328547230736,10.529768898596599,40.506503916089,10.2142341128641
2021-04-11,44.25,53.324324324324294,27.966216216216196,82.35135135135141,16.8648648648649,83.7272727272727,92.1818181818182,51.636363636363605,155.090909090909,32.0909090909091,22.2734464984411,26.601467195925398,14.693451170661099,38.467758501370895,9.220752628489311,27.4825263794715,22.965658875880397,11.6718209786938,42.39951660413671,10.646847979605301
2021-04-12,43.527027027026996,52.472972972973004,27.4189189189189,81.2905405405405,16.4864864864865,79.4545454545455,89.0909090909091,50.0,150.090909090909,31.2727272727273,21.6381313656995,26.4399998839662,14.7020009272104,38.527149672276295,8.931788421810019,26.7356202177872,21.228002712774302,12.4023458191659,44.0546242448551,11.6235725152179
2021-04-13,42.7162162162162,51.864864864864906,26.8243243243243,79.3445945945946,16.277027027027,75.0909090909091,86.0909090909091,48.2727272727273,146.636363636364,31.181818181818198,21.4104169331321,26.265702806143498,14.5433723254793,37.4343953773542,8.88957858268028,25.5999096072784,21.0775819962803,12.046054873548,42.8936798211,12.459521235645001
2021-04-14,42.2364864864865,51.1013513513514,26.1351351351351,78.7635135135135,15.9459459459459,70.9090909090909,86.0909090909091,46.636363636363605,141.636363636364,31.0909090909091,21.056667906648897,25.809787548699102,14.1944263179338,36.9638906133654,8.4275800314365,22.9800488386796,22.1542302361281,12.2197509814884,43.043894567105895,12.880249471430302
2021-04-15,41.777027027027,50.344594594594604,25.7567567567568,77.5878378378378,15.797297297297302,68.9090909090909,83.6363636363636,44.363636363636395,138.363636363636,29.3636363636364,20.6429822333343,25.0902998478948,13.856221951840599,36.6312761533413,8.37141166327034,21.4876478066926,22.0630201809302,13.539657087592198,47.380994899705804,11.617171673258099
2021-04-16,40.7905405405405,49.31081081081079,25.027027027027,76.3175675675676,15.297297297297302,64.3636363636364,83.9090909090909,41.9090909090909,134.545454545455,27.9090909090909,20.0365387103561,24.7068902063151,13.4314807428375,36.68069621973329,8.36374048243729,20.8992071501321,23.819222739225303,13.6212036943379,46.99393314105679,11.228652841196
2021-04-17,39.75,48.6013513513514,24.4594594594595,74.5337837837838,14.972972972973,62.363636363636395,80.6363636363636,40.363636363636395,129.909090909091,26.818181818181802,19.9722357962924,24.158468904205698,12.7562270847436,36.0771349952676,8.37059359349011,20.933977284755898,23.352137248003398,14.8769053922376,45.8107858388563,11.255852472204499
2021-04-18,38.9324324324324,47.5540540540541,23.655405405405396,72.7702702702703,14.587837837837801,60.636363636363605,77.9090909090909,38.454545454545496,125.0,26.0909090909091,19.404186704184198,23.6809547674873,12.530348476549001,35.4359137176966,8.21002111303047,20.12810214272,22.888879973609,14.4873840813537,45.7204947082119,10.8582146988481
2021-04-19,37.9594594594595,46.3378378378378,22.9391891891892,71.0675675675676,14.243243243243198,58.363636363636395,74.0909090909091,37.8181818181818,120.818181818182,26.4545454545455,19.281302516553303,22.8959320280517,12.0276856029831,34.735810278513604,8.0753391876061,20.8730915394252,23.9068440008849,13.749830953130601,42.7759877029969,9.83836309706813
2021-04-20,36.6418918918919,45.6216216216216,22.452702702702698,69.1554054054054,13.8445945945946,55.9090909090909,71.0,36.8181818181818,120.09090909090901,25.6363636363636,18.8597276266248,22.949534943590898,11.623795758294001,33.600738577354996,7.854859778057389,21.2022920950223,23.108440016582698,13.729981671299301,44.7304137847547,10.4557311580581
2021-04-21,35.8716216216216,44.5810810810811,22.0,67.6081081081081,13.5,53.2727272727273,70.0,35.1818181818182,113.818181818182,24.5454545454545,18.542967052229603,21.9541947951077,11.366736677811401,32.7246157318787,7.88729734823402,18.9693097065708,23.135961775399103,13.815789266554802,42.3080009235695,9.623490543868892
2021-04-22,34.722972972973,42.804054054054106,21.6013513513514,65.5,13.182432432432401,52.454545454545496,66.2727272727273,35.0,110.272727272727,22.818181818181802,17.7546419305023,21.1856844781538,11.5517284683411,31.8309512810953,7.785153196918389,18.9754081827633,21.041478124240502,13.0662646815099,40.120479715003206,9.561458445410189
2021-04-23,33.9864864864865,41.472972972973,20.9324324324324,63.3040540540541,12.932432432432401,49.2727272727273,63.636363636363605,32.545454545454504,105.818181818182,21.0909090909091,17.8094214690042,20.726809230828604,10.9283057724537,31.4620446543914,7.63939130354493,17.591789970897402,19.194093444091,11.5236013654479,36.9343845262186,8.60712754803246
2021-04-24,33.4189189189189,40.324324324324294,20.2635135135135,61.1486486486486,12.432432432432401,47.636363636363605,60.545454545454504,31.5454545454545,102.09090909090901,20.5454545454545,17.6436243417373,20.0941083930348,10.514701089739699,30.1889018593116,7.48255824347905,17.955868765963302,18.1025544976073,12.085781551164999,36.2578005286249,7.315781650447531
2021-04-25,32.2567567567568,39.0337837837838,19.4797297297297,59.8378378378378,12.0337837837838,46.7272727272727,56.454545454545496,30.0,96.9090909090909,19.818181818181802,16.992097376873698,19.1333921847066,10.1445429309706,29.5392670529883,7.234877556016259,16.569911993462,17.5103275311438,10.995866992151699,36.2678283317436,6.91267849440014
2021-04-26,31.405405405405396,37.844594594594604,18.844594594594604,57.459459459459495,11.682432432432401,46.0,55.363636363636395,29.0,95.2727272727273,19.0909090909091,16.8770745823223,18.4624208676735,9.51720549905917,27.971843559913,7.17167585880824,14.6411623979668,19.601821470431698,12.468141218904501,36.4269902659376,6.57065854530642
2021-04-27,30.4932432432432,36.6824324324324,18.1621621621622,55.4864864864865,11.3851351351351,44.1818181818182,53.1818181818182,27.3636363636364,91.9090909090909,17.4545454545455,16.2657394135822,18.50238741431,9.13417554531455,27.2901047521799,6.91602491735059,13.3676555489747,18.1249109430699,12.2271882389781,34.3020130484138,6.62452243717697
2021-04-28,29.722972972973,35.3310810810811,17.5405405405405,53.905405405405396,10.8851351351351,43.545454545454504,50.363636363636395,25.7272727272727,87.0,16.4545454545455,15.758661687734099,18.0027732523967,8.79217894032115,26.3208728799022,6.67034952754174,13.0826994459625,19.170397289347104,11.755779306683099,32.220828949327505,6.372720788480691
2021-04-29,28.6756756756757,33.8513513513514,17.141891891891902,52.5878378378378,10.5743243243243,41.545454545454504,49.2727272727273,25.0,82.6363636363636,15.5454545454545,15.0046011934971,17.3210405033819,8.82105139833662,25.1951649839468,6.31503056445089,13.6339391784129,20.5076079412269,11.3937782064679,30.5592501314257,6.228433866531139
2021-04-30,27.6351351351351,32.8986486486486,16.5878378378378,51.2364864864865,10.3445945945946,39.8181818181818,46.7272727272727,23.181818181818198,77.1818181818182,15.6363636363636,13.8271905300647,16.3110557204122,8.506697722140219,23.516055897036,6.03448741395322,14.370539192884,18.2263092014658,11.142206259560002,29.7376962542897,5.67727090763491
2021-05-01,26.6216216216216,31.9324324324324,16.1216216216216,49.7702702702703,9.966216216216221,37.7272727272727,44.0,22.5454545454545,71.9090909090909,14.3636363636364,12.8617416149736,15.5179330271342,8.374595920389401,22.6369987131193,5.64060512919676,15.915063813832099,17.837651700316897,11.064797877327699,28.2953723985664,5.1393796454918395
2021-05-02,25.75,30.763513513513498,15.75,48.4932432432432,9.50675675675676,36.0,42.7272727272727,22.7272727272727,69.2727272727273,13.5454545454545,12.365970634355,14.5566746492601,8.03865240151808,22.128157622171003,5.48400206697285,15.380034282974,17.1309974718393,11.201387163211802,27.8766468216055,4.7551624838625495
2021-05-03,24.702702702702698,29.763513513513498,15.4256756756757,47.1283783783784,9.324324324324321,34.363636363636395,40.9090909090909,21.0909090909091,66.3636363636364,14.0,11.822710314555,13.8453629111594,7.82502155788086,21.342851327218398,5.60190148245558,15.346143888006699,17.6864331439488,10.2376714811217,26.837127360406498,4.22115882408869
2021-05-04,24.0202702702703,28.6216216216216,14.932432432432401,45.972972972973004,9.027027027027028,33.636363636363605,39.545454545454504,20.272727272727302,62.9090909090909,13.272727272727302,11.516421644526599,13.094462108497801,7.424086222925661,20.8151276673981,5.32579894519826,14.655267295553902,17.9816251483342,9.82659572136121,25.4895862709551,3.91014784865574
2021-05-05,23.1756756756757,27.695945945945898,14.182432432432401,44.175675675675706,8.851351351351349,32.454545454545496,38.7272727272727,20.0,61.454545454545496,13.4545454545455,10.995525021089598,12.5513317823485,6.78137070789284,19.5834031413725,5.028788560882799,15.1138926840876,16.690176256441198,10.1444118069551,25.652799373606,3.6522380775637595
2021-05-06,22.4932432432432,27.0405405405405,13.7297297297297,42.9527027027027,8.560810810810809,31.5454545454545,36.363636363636395,19.3636363636364,59.7272727272727,13.1818181818182,10.6196507180446,12.541217654133801,6.64199843196287,18.7664646483588,4.686418489796309,13.9958671585815,16.8267791293452,9.24684444723739,24.4878111018928,4.0185520191455195
2021-05-07,21.8243243243243,26.3716216216216,13.2364864864865,41.8986486486486,8.371621621621621,32.0909090909091,33.9090909090909,18.5454545454545,58.9090909090909,12.4545454545455,10.4821058696419,11.772781483440099,6.49881640625813,17.9288156498493,4.61384579781542,14.2730167891887,14.7059329119209,9.40370948435327,22.849127874562303,4.12009788859079
2021-05-08,21.344594594594604,25.6621621621622,12.972972972973,40.1351351351351,7.939189189189191,31.0,33.2727272727273,19.0,57.2727272727273,11.8181818181818,10.3556440009052,11.6430898506797,6.42834301077147,17.1754258173929,4.56666291217084,12.7707051133017,15.0217473205344,8.6655010871218,22.119883729313504,4.62833529503922
2021-05-09,20.797297297297302,25.0405405405405,12.641891891891902,39.094594594594604,7.939189189189191,28.818181818181802,33.2727272727273,18.272727272727302,55.1818181818182,9.72727272727273,10.577870487331099,11.5272171335041,6.20484785964053,16.5722569528511,4.53995230262977,11.4401063394468,15.6152076753337,9.096362000981081,21.6745270759697,4.788070575368621
2021-05-10,20.0202702702703,24.5608108108108,12.6756756756757,38.4594594594595,7.905405405405411,27.7272727272727,33.454545454545496,18.272727272727302,53.454545454545496,9.09090909090909,10.1684924037338,11.411958137487801,6.260360295538019,16.2739961613356,4.6124652460975,9.55454112965909,17.020648616866602,9.036199010755759,19.5232431935216,4.20939523737826
2021-05-11,19.777027027027,23.9932432432432,12.351351351351399,37.68918918918921,7.77702702702703,28.2727272727273,30.181818181818198,18.272727272727302,50.7272727272727,8.90909090909091,10.3798277246717,11.2174433552089,6.07927901226656,15.779241988161699,4.93720150783815,10.6095232442874,15.4084875183551,9.16605307237634,19.6935195113469,3.36977327142739
2021-05-12,19.5337837837838,23.2297297297297,12.1351351351351,36.972972972973,7.7364864864864895,27.0,29.3636363636364,18.5454545454545,48.454545454545496,8.63636363636364,9.98066748874133,11.1295167536689,5.839808226035651,15.988993657777801,5.1193346887288795,10.366028432073,14.8463201885348,8.917435794948279,19.851098601903104,2.9005556606443297
2021-05-13,19.1756756756757,22.533783783783804,11.9594594594595,36.337837837837796,7.6351351351351395,27.5454545454545,27.9090909090909,17.363636363636402,46.9090909090909,8.0,9.53989929703225,11.0419443184445,5.88961337048213,15.9833334031549,5.3031717289886,11.0236410117994,14.544318137425499,8.77260951404714,18.4758050406694,2.6285149626910798
2021-05-14,19.1418918918919,22.195945945945898,11.8040540540541,35.5135135135135,7.29054054054054,25.818181818181802,26.818181818181802,17.363636363636402,46.545454545454504,8.45454545454546,9.841315375123239,11.0145228355283,5.74416129387495,15.9837275725871,5.09670452401483,11.707170932367498,13.782849565629,8.77260951404714,19.142354924776498,3.6522380775637595
2021-05-15,18.6959459459459,21.6081081081081,11.5405405405405,34.8175675675676,7.07432432432432,25.0,26.6363636363636,16.0,45.9090909090909,8.72727272727273,9.570265595303288,11.0939691037428,5.830231531235781,15.7951571273561,4.9730234647847995,10.063435162643401,14.2399739994191,8.2682305461106,19.7228734097542,4.136113878573569
2021-05-16,18.2702702702703,21.0135135135135,11.398648648648601,33.7027027027027,6.939189189189191,24.7272727272727,25.818181818181802,14.8181818181818,45.9090909090909,8.27272727272727,9.292248000345609,10.8378631124596,5.8687673838960395,15.806883319078601,4.95414970934325,10.813215055417599,13.7696516217777,8.27722155642912,20.1650216755042,4.0696416882908
2021-05-17,17.8648648648649,20.4932432432432,11.243243243243198,32.7702702702703,6.851351351351349,23.0,25.3636363636364,14.0,43.363636363636395,7.454545454545451,9.38201892109543,10.6735949905322,5.786309122848259,15.434296048785301,4.75815780963779,10.8711461300922,14.392376310664199,7.5918616713138,20.2182308697901,3.6021114102107203
2021-05-18,17.5,20.094594594594604,10.9189189189189,32.1891891891892,6.560810810810809,20.6363636363636,24.3636363636364,12.727272727272698,41.363636363636395,7.454545454545451,9.24406310572914,10.497964949402801,5.49878796659173,15.173479420388901,4.60643843096393,9.70728617888015,13.8974996264713,6.86348585024614,17.930536306296197,3.05595205708575
2021-05-19,16.9324324324324,19.7837837837838,10.5135135135135,31.527027027027,6.331081081081081,20.6363636363636,24.0,12.1818181818182,38.545454545454504,7.454545454545451,8.93570288086865,10.1445901842955,5.3467424870467,14.8480802043909,4.281305234030779,9.35436434138659,12.9474462206399,6.26415751889171,17.2593249439444,3.28532927265321
2021-05-20,16.641891891891902,19.5337837837838,10.1689189189189,30.804054054054102,6.22972972972973,20.4545454545455,24.0,11.3636363636364,39.363636363636395,7.63636363636364,9.01126182418358,9.86011316511764,5.460408500600099,14.645661097063902,4.26027310790998,9.745522387823561,14.0389069763607,5.6612354461600995,18.568167909196998,3.8676449793059398
2021-05-21,16.0945945945946,19.4391891891892,10.054054054054099,30.304054054054102,5.97972972972973,19.0,23.818181818181802,11.5454545454545,39.0,6.72727272727273,8.80673716141461,9.96902388303006,5.358478737053691,14.588804845081999,4.3997383131558205,9.10544292767194,13.570142236932499,5.805383651305309,18.708286933869697,3.2499205330399104
2021-05-22,15.8783783783784,19.1081081081081,9.76351351351351,29.405405405405396,5.7027027027027,19.0,23.0909090909091,11.272727272727302,36.7272727272727,6.0,8.86223799247166,9.72815302540055,5.29706890710081,14.4047842267571,4.17110306795531,8.51736194754306,13.4938002292942,5.7854191187990205,16.771680184118303,3.16227766016838
2021-05-23,15.3243243243243,18.8986486486486,9.37162162162162,28.3108108108108,5.594594594594589,18.5454545454545,21.3636363636364,10.8181818181818,35.0909090909091,5.454545454545451,8.364351815904161,9.4122834240651,5.27011001142343,14.1181555296293,3.95214248744296,8.11691428565444,12.5717773913182,7.40783592271395,16.2562130525506,3.3673198504458397
2021-05-24,15.0945945945946,18.344594594594604,9.18243243243243,27.6689189189189,5.43243243243243,17.5454545454545,21.181818181818198,10.4545454545455,34.0,5.27272727272727,8.240750620034099,9.19291210355862,5.03506241696485,13.339834936331101,3.7311004140184503,8.56381007351323,12.474105410213802,6.44365278060704,15.5621919465678,3.4664865390795696
2021-05-25,14.4864864864865,17.5337837837838,8.97972972972973,27.047297297297302,5.351351351351349,16.181818181818198,20.3636363636364,10.272727272727302,30.818181818181802,5.27272727272727,7.663961369385871,8.75755699963747,4.87751265059187,12.9418316404175,3.89362761594985,7.894971723343709,10.9484139762361,6.311474530076281,15.331596500028,3.4401614415317296
2021-05-26,14.0810810810811,16.8108108108108,8.47972972972973,26.1891891891892,5.30405405405405,15.6363636363636,20.0,9.36363636363636,30.2727272727273,5.27272727272727,7.519805842729241,8.396710545876559,4.670883929590921,12.499379093417598,3.7138505984151298,6.609534810652191,10.6087442492245,5.209654102507059,13.7251654011621,3.7438655058134502
2021-05-27,13.472972972973,16.472972972973,8.04054054054054,25.533783783783804,5.141891891891889,14.6363636363636,19.0,9.54545454545454,29.0,5.63636363636364,7.456582386801701,8.16009236330373,4.24563110639628,12.034531139061198,3.5924284776027204,7.3394665061597895,9.73279367536746,4.849810424854231,13.477253564297301,3.8676449793059398
2021-05-28,13.162162162162199,15.8243243243243,7.7972972972973,24.8108108108108,4.858108108108111,13.4545454545455,18.3636363636364,9.18181818181818,26.9090909090909,5.0,6.86949194987367,8.22957440052234,4.04194136433167,12.1851434527546,3.5848972527308196,7.560226504106111,8.98759475633677,5.13133301515276,12.161448369593199,3.27525155175488
2021-05-29,12.777027027027,15.506756756756802,7.594594594594589,24.5743243243243,4.648648648648651,12.6363636363636,17.181818181818198,8.54545454545454,26.181818181818198,4.90909090909091,6.67267617808986,7.920633865589581,3.94187127643341,12.117717214451302,3.35282225785508,6.6915513525738,8.02063454549556,5.01567789968499,12.021330903615198,2.81084087886187
2021-05-30,12.162162162162199,15.4594594594595,7.466216216216219,23.9121621621622,4.47297297297297,12.909090909090901,16.0,8.36363636363636,26.3636363636364,5.27272727272727,6.32781723825289,7.8648880839259805,3.98716783000188,11.9174690391051,3.19722418869604,6.9472629725610195,7.579877667518481,4.4368852152408795,12.3455750429251,2.98757758639182
2021-05-31,11.817567567567599,15.1554054054054,7.24324324324324,23.1824324324324,4.37837837837838,12.727272727272698,14.727272727272698,8.18181818181818,24.0,4.90909090909091,6.046036407882,7.634127534566409,3.90187346135165,11.329247704182801,2.9964064184281405,7.18699468220086,6.253594007970849,4.76384454784506,10.6685604379495,2.50289089053386
2021-06-01,11.3648648648649,14.837837837837801,6.810810810810809,22.6351351351351,4.22297297297297,12.1818181818182,14.4545454545455,7.18181818181818,23.5454545454545,4.36363636363636,5.84038670582954,7.20740427658501,3.9048676334131605,10.9372588150388,2.7578412678631494,5.99724454635296,6.52775384400591,3.4855071841237795,9.56664314987367,2.34608870919344
2021-06-02,11.1216216216216,14.4594594594595,6.641891891891889,22.1283783783784,4.20945945945946,12.272727272727302,13.3636363636364,7.18181818181818,22.818181818181802,4.90909090909091,6.01339204250229,7.08956063364199,3.9626808682996804,10.5499330120874,2.8927994913241295,5.738085032021639,6.3140928560674,3.03968245405463,8.684554542594901,2.42916167561589
2021-06-03,10.9594594594595,14.141891891891902,6.581081081081081,21.8378378378378,4.067567567567569,11.272727272727302,13.090909090909099,6.72727272727273,21.3636363636364,4.454545454545451,5.98633396181757,6.8151363087785395,3.7561004676599903,10.5414587264672,2.8323950379210903,5.13616250611838,6.35973906632462,3.16489003373258,8.423697388080269,2.49958674270319
2021-06-04,10.6216216216216,13.547297297297302,6.378378378378379,21.3040540540541,3.97297297297297,10.909090909090901,13.3636363636364,5.90909090909091,20.0909090909091,4.545454545454549,5.61417776392393,6.67724500100949,3.7459985956286,10.038883043139599,2.75569666952019,4.7759729223868,5.83520237668408,3.23207069720567,7.8445643653834995,2.42575710256842
2021-06-05,10.195945945945901,12.8851351351351,6.148648648648651,20.5608108108108,3.77027027027027,11.090909090909099,13.5454545454545,5.81818181818182,19.272727272727302,4.63636363636364,5.68028689771225,6.4802440401250605,3.6453688962937303,9.278882119988381,2.61775278754196,5.40125482818653,6.155022138113001,3.5883189738164596,7.32481348308498,2.77235466945035
2021-06-06,10.0202702702703,12.3108108108108,6.094594594594589,20.1891891891892,3.57432432432432,10.909090909090901,13.0,5.545454545454549,18.6363636363636,4.18181818181818,5.61666150069954,6.017824145876481,3.8665891069692098,8.970184359905538,2.53646704768718,4.37876166501538,6.36753127557726,3.4997048281672996,6.8260560591247685,2.40522846460417
2021-06-07,9.84459459459459,11.912162162162199,5.97297297297297,19.4797297297297,3.52702702702703,10.0,12.6363636363636,5.0,17.6363636363636,3.7272727272727297,5.46328388257396,5.766784028187421,3.832552508316,9.01010663358518,2.47813668543565,3.46410161513775,6.97101436824757,3.56753034006338,7.12578834264197,2.2998382983042798
2021-06-08,9.83108108108108,11.6216216216216,5.851351351351349,19.0135135135135,3.3851351351351404,9.90909090909091,11.0,4.72727272727273,17.5454545454545,3.54545454545455,5.213532953601691,5.42442599454941,3.6950749999060397,8.97819166052165,2.3724877143436296,4.055401458762811,5.704862359904451,3.4401614415317296,7.6676846850762,2.2709083630539597
2021-06-09,9.641891891891891,11.1554054054054,5.810810810810809,18.527027027027,3.3175675675675698,8.63636363636364,10.4545454545455,4.545454545454549,16.9090909090909,2.90909090909091,5.05244138890424,5.29624144882907,3.66751877121037,8.74136326335728,2.25423673833554,3.7239452996843703,5.382862306577259,3.6522380775637595,6.97338505846004,1.97505099840004
2021-06-10,9.25,10.8108108108108,5.533783783783781,18.0405405405405,3.2567567567567597,8.0,9.54545454545454,4.454545454545451,15.4545454545455,2.81818181818182,4.80972410289259,5.0528976853149805,3.37802025128853,8.13972439467882,2.2901717792931096,3.9772077916777,4.73600591913858,3.8462174184193096,5.94464826337157,1.89823754707465
2021-06-11,8.898648648648651,10.527027027027,5.2027027027027,17.628378378378397,3.0608108108108105,7.454545454545451,8.27272727272727,4.18181818181818,14.3636363636364,2.6363636363636402,4.59397352718147,4.94489355219228,3.16859475089481,7.60536830798306,2.15364666024407,3.93962703273099,3.83976583308052,3.76148379374131,5.81960209937426,1.8227216050693997
2021-06-12,8.614864864864861,10.1081081081081,5.108108108108111,17.1554054054054,2.91891891891892,6.63636363636364,7.09090909090909,4.09090909090909,14.090909090909099,2.54545454545455,4.45931101309027,4.6267949550288305,3.0516613444623304,7.21926180795951,2.08116882931889,3.2550025072669397,2.9373626220733704,3.50206550622877,6.20050651090179,1.6160353486028303
2021-06-13,8.635135135135139,10.027027027027,4.94594594594595,16.7432432432432,2.7905405405405403,5.72727272727273,7.454545454545451,3.90909090909091,13.272727272727302,2.09090909090909,4.26352957550407,4.54845674146729,3.02195521051776,7.095032161538461,1.88254205070718,3.01785321321779,3.05595205708575,2.84299923111125,5.92515299520012,1.23983469972599
2021-06-14,8.24324324324324,9.68918918918919,4.8378378378378395,16.1824324324324,2.60135135135135,5.545454545454549,7.09090909090909,3.54545454545455,13.0,1.8181818181818201,3.9294825008665604,4.25830087823921,2.90166320911108,6.524421028639099,1.82601273220475,2.67526163082948,2.10862063722604,2.42575710256842,6.35323825805678,1.2662171161076499
2021-06-15,7.7972972972973,9.601351351351349,4.601351351351349,15.641891891891902,2.5,5.0,7.36363636363636,3.2727272727272703,11.3636363636364,1.90909090909091,3.7488006360583697,4.16020377759874,2.6780889335516296,6.21246581929271,1.6664414262214602,2.1320071635561,2.3845230997461804,2.48964798865985,5.709206715675481,1.37870462619119
2021-06-16,7.7027027027027,9.324324324324321,4.43243243243243,15.027027027027,2.4189189189189197,4.545454545454549,7.63636363636364,3.3636363636363598,10.6363636363636,1.8181818181818201,3.66034162387969,4.1933283823045295,2.5366560296977996,5.69962770944704,1.61502034759801,2.18938083250769,2.49627822140836,2.93173009029038,5.38132675889045,1.5266232385224199
2021-06-17,7.52027027027027,9.216216216216221,4.37837837837838,14.3783783783784,2.3581081081081097,4.72727272727273,7.18181818181818,3.3636363636363598,11.0,2.09090909090909,3.55358516072452,4.27364731332102,2.50244584520448,5.39945618558694,1.6765881343062201,1.81363066756909,2.20817414572566,2.63793056882671,5.0811594954480395,1.4431370787625
2021-06-18,7.344594594594589,8.99324324324324,4.16891891891892,14.2162162162162,2.22972972972973,4.545454545454549,7.27272727272727,3.81818181818182,9.63636363636364,1.90909090909091,3.4810545890380196,4.11407705590377,2.35495025916803,5.27812996744591,1.59430826563526,1.77680184415382,2.5968830649246697,2.94859540731397,3.89107901073322,1.37870462619119
2021-06-19,7.20945945945946,8.77027027027027,4.02702702702703,13.6216216216216,2.0,4.72727272727273,6.90909090909091,3.81818181818182,9.90909090909091,1.72727272727273,3.37969568912042,3.96623348216694,2.2807832519800697,5.0005478151322995,1.50674160700177,1.8630819574471997,2.19315237851179,2.91760118834204,3.8246698123568397,1.60061971469627
2021-06-20,7.17567567567568,8.64189189189189,3.97297297297297,13.2905405405405,1.92567567567568,4.72727272727273,7.545454545454549,3.81818181818182,10.0,2.09090909090909,3.2688460155217003,3.86776374934471,2.23892453051093,4.765094619715639,1.4098649361045101,1.8630819574471997,1.97086212624353,2.79018350058596,3.61813613493316,1.78144708566049
2021-06-21,7.128378378378379,8.72972972972973,3.91216216216216,12.797297297297302,1.92567567567568,4.454545454545451,7.63636363636364,3.18181818181818,9.90909090909091,1.72727272727273,3.1176923322309102,3.88794845261575,2.26587210718872,4.53806641086842,1.38081065210835,1.97086212624353,1.8719327529067298,2.44273251682626,3.7526849891909597,1.54277843167974
2021-06-22,7.081081081081081,8.75675675675676,3.87837837837838,12.702702702702698,1.82432432432432,4.36363636363636,7.545454545454549,2.7272727272727297,10.6363636363636,1.6363636363636398,3.12252824087269,3.5879332709860896,2.35929846823907,4.463757142871151,1.39359643726183,2.18560277821297,1.97086212624353,1.81363066756909,3.7724534402266197,1.43163779527487
2021-06-23,6.99324324324324,8.84459459459459,3.82432432432432,12.4864864864865,1.7972972972973,4.72727272727273,7.09090909090909,2.6363636363636402,11.5454545454545,1.6363636363636398,3.0480313132871,3.4732818771024903,2.29781393236848,4.38438027067971,1.3752614466891202,2.52589890717269,2.10862063722604,1.43163779527487,2.5712973861329,1.43163779527487
2021-06-24,6.93243243243243,8.91216216216216,3.72297297297297,12.398648648648601,1.7027027027027,4.63636363636364,7.27272727272727,2.90909090909091,11.909090909090901,1.45454545454545,2.94237944289569,3.5885121776829902,2.2863311396975297,4.336737883611,1.39235101323149,2.77235466945035,2.37758124193128,1.6762808104168898,2.96815049405718,1.23315090602278
2021-06-25,6.7364864864864895,8.80405405405405,3.6351351351351404,12.391891891891902,1.6959459459459498,5.0,7.18181818181818,2.90909090909091,11.909090909090901,1.1818181818181799,2.9940515045636,3.4517108640455496,2.09293744385747,4.63481994042967,1.44099620094302,3.04511531353531,2.3284088136119396,1.5640591394623,2.84299923111125,0.935966376453364
2021-06-26,6.75,8.78378378378378,3.60135135135135,12.4459459459459,1.71621621621622,4.90909090909091,6.72727272727273,3.09090909090909,11.727272727272698,1.1818181818181799,2.97710860998985,3.4962152133579303,2.0948452334785803,4.334468675602681,1.4567667853036899,2.84299923111125,2.9260867162602002,1.7296634173127698,3.69498207870938,1.02851895445316
2021-06-27,6.554054054054049,8.77027027027027,3.62837837837838,12.5135135135135,1.66891891891892,5.18181818181818,6.454545454545451,3.09090909090909,11.272727272727302,1.1818181818181799,3.09158356996073,3.4603831114929102,1.99418209680264,4.38438027067971,1.28603998042973,3.0989200998289705,2.74238238709061,1.50481321429517,3.5185459055206603,1.02851895445316
2021-06-28,6.5472972972973,8.91216216216216,3.6081081081081097,12.5405405405405,1.6148648648648602,4.81818181818182,6.81818181818182,2.7272727272727297,11.4545454545455,1.0,3.0675601261964798,3.53348662902341,2.02896303942178,3.98371410698538,1.2919901297037901,2.8225772175018196,2.8546033578377403,1.71044433838425,3.62726133513818,1.12815214963553
2021-06-29,6.3648648648648605,8.76351351351351,3.7027027027027,12.6756756756757,1.64864864864865,5.36363636363636,7.454545454545451,2.90909090909091,10.4545454545455,1.0,2.9296910838181205,3.2989791346564297,1.9223418272522501,4.07566312995417,1.3196276341333701,3.36486464060395,3.20123942939255,1.62114131819336,2.87192163616933,1.12815214963553
2021-06-30,6.304054054054049,8.81081081081081,3.7432432432432403,12.5810810810811,1.58783783783784,5.454545454545451,7.81818181818182,2.90909090909091,10.727272727272698,0.9090909090909091,3.01720020518348,3.1351351351351404,2.00041084165911,4.02528077502057,1.31995625467057,3.3673198504458397,3.21412173266613,1.31110955471418,3.4401614415317296,0.995859195463938
2021-07-01,6.32432432432432,8.34459459459459,3.6891891891891895,12.648648648648601,1.5,5.09090909090909,7.27272727272727,3.2727272727272703,10.090909090909099,0.7272727272727271,2.93445564779361,2.9493765668262406,2.03300919073497,4.05846606767855,1.31262065082528,2.9062486114810495,3.3868974563994803,1.28564869306645,3.3153786416019,0.8624393618641031
