hospital,date,active,admissions
BMC,2020-03-12,0,0
BMC,2020-03-13,0,0
BMC,2020-03-14,0,0
BMC,2020-03-15,0,0
BMC,2020-03-16,0,0
BMC,2020-03-17,0,0
BMC,2020-03-18,1,2
BMC,2020-03-19,1,0
BMC,2020-03-20,0,0
BMC,2020-03-21,1,0
BMC,2020-03-22,0,0
BMC,2020-03-23,2,1
BMC,2020-03-24,3,1
BMC,2020-03-25,3,0
BMC,2020-03-26,3,1
BMC,2020-03-27,1,0
BMC,2020-03-28,1,2
BMC,2020-03-29,4,3
BMC,2020-03-30,4,2
BMC,2020-03-31,7,2
BMC,2020-04-01,9,2
BMC,2020-04-02,11,2
BMC,2020-04-03,12,3
BMC,2020-04-04,14,2
BMC,2020-04-05,15,5
BMC,2020-04-06,21,2
BMC,2020-04-07,24,0
BMC,2020-04-08,16,1
BMC,2020-04-09,15,4
BMC,2020-04-10,9,1
BMC,2020-04-11,12,5
BMC,2020-04-12,16,2
BMC,2020-04-13,14,2
BMC,2020-04-14,19,1
BMC,2020-04-15,23,4
BMC,2020-04-16,21,1
BMC,2020-04-17,22,5
BMC,2020-04-18,23,3
BMC,2020-04-19,25,3
BMC,2020-04-20,27,3
BMC,2020-04-21,27,2
BMC,2020-04-22,29,2
BMC,2020-04-23,29,6
BMC,2020-04-24,32,5
BMC,2020-04-25,35,2
BMC,2020-04-26,33,1
BMC,2020-04-27,31,3
BMC,2020-04-28,34,4
BMC,2020-04-29,28,2
BMC,2020-04-30,28,2
BMC,2020-05-01,28,5
BMC,2020-05-02,32,5
BMC,2020-05-03,30,5
BMC,2020-05-04,34,7
BMC,2020-05-05,30,3
BMC,2020-05-06,30,5
BMC,2020-05-07,29,2
BMC,2020-05-08,27,2
BMC,2020-05-09,27,4
BMC,2020-05-10,31,3
BMC,2020-05-11,37,9
BMC,2020-05-12,40,5
BMC,2020-05-13,43,5
BMC,2020-05-14,43,4
BMC,2020-05-15,46,4
BMC,2020-05-16,42,5
BMC,2020-05-17,43,2
BMC,2020-05-18,41,2
BMC,2020-05-19,41,6
BMC,2020-05-20,39,1
BMC,2020-05-21,37,3
BMC,2020-05-22,42,13
BMC,2020-05-23,49,6
BMC,2020-05-24,45,3
BMC,2020-05-25,42,2
BMC,2020-05-26,42,4
BMC,2020-05-27,41,4
BMC,2020-05-28,36,2
BMC,2020-05-29,32,1
BMC,2020-05-30,28,3
BMC,2020-05-31,29,2
BMC,2020-06-01,27,0
BMC,2020-06-02,28,6
BMC,2020-06-03,29,3
BMC,2020-06-04,28,5
BMC,2020-06-05,32,4
BMC,2020-06-06,36,6
BMC,2020-06-07,40,4
BMC,2020-06-08,35,0
BMC,2020-06-09,30,0
BMC,2020-06-10,23,3
BMC,2020-06-11,24,3
BMC,2020-06-12,21,2
BMC,2020-06-13,18,2
BMC,2020-06-14,18,2
BMC,2020-06-15,19,2
BMC,2020-06-16,22,0
BMC,2020-06-17,23,1
BMC,2020-06-18,23,3
BMC,2020-06-19,21,1
BMC,2020-06-20,20,1
BMC,2020-06-21,19,0
BMC,2020-06-22,19,0
BMC,2020-06-23,17,2
BMC,2020-06-24,18,2
BMC,2020-06-25,16,0
BMC,2020-06-26,15,0
BMC,2020-06-27,13,1
BMC,2020-06-28,15,5
BMC,2020-06-29,14,1
BMC,2020-06-30,19,5
BMC,2020-07-01,19,1
BMC,2020-07-02,19,5
BMC,2020-07-03,17,2
BMC,2020-07-04,17,2
BMC,2020-07-05,20,4
BMC,2020-07-06,22,3
BMC,2020-07-07,25,3
BMC,2020-07-08,18,0
BMC,2020-07-09,19,5
BMC,2020-07-10,17,2
BMC,2020-07-11,17,1
BMC,2020-07-12,18,0
BMC,2020-07-13,16,3
BMC,2020-07-14,19,3
BMC,2020-07-15,18,1
BMC,2020-07-16,18,1
BMC,2020-07-17,16,1
BMC,2020-07-18,18,7
BMC,2020-07-19,22,2
BMC,2020-07-20,22,3
BMC,2020-07-21,24,1
BMC,2020-07-22,24,2
BMC,2020-07-23,21,0
BMC,2020-07-24,17,3
BMC,2020-07-25,20,2
BMC,2020-07-26,23,2
BMC,2020-07-27,25,2
BMC,2020-07-28,25,1
BMC,2020-07-29,25,2
BMC,2020-07-30,24,2
BMC,2020-07-31,22,3
BMC,2020-08-01,20,4
BMC,2020-08-02,22,1
BMC,2020-08-03,22,2
BMC,2020-08-04,22,4
BMC,2020-08-05,21,1
BMC,2020-08-06,19,1
BMC,2020-08-07,20,2
BMC,2020-08-08,21,3
BMC,2020-08-09,22,1
BMC,2020-08-10,18,0
BMC,2020-08-11,17,2
BMC,2020-08-12,18,4
BMC,2020-08-13,20,2
BMC,2020-08-14,21,4
BMC,2020-08-15,19,3
BMC,2020-08-16,17,1
BMC,2020-08-17,16,1
BMC,2020-08-18,15,1
BMC,2020-08-19,16,3
BMC,2020-08-20,15,1
BMC,2020-08-21,13,1
BMC,2020-08-22,15,3
BMC,2020-08-23,16,1
BMC,2020-08-24,19,3
BMC,2020-08-25,19,4
BMC,2020-08-26,21,2
BMC,2020-08-27,20,4
BMC,2020-08-28,22,1
BMC,2020-08-29,22,2
BMC,2020-08-30,17,1
BMC,2020-08-31,19,1
BMC,2020-09-01,19,2
BMC,2020-09-02,18,2
BMC,2020-09-03,20,2
BMC,2020-09-04,18,1
BMC,2020-09-05,18,1
BMC,2020-09-06,19,1
BMC,2020-09-07,19,0
BMC,2020-09-08,21,4
BMC,2020-09-09,23,0
BMC,2020-09-10,17,1
BMC,2020-09-11,14,1
BMC,2020-09-12,12,0
BMC,2020-09-13,13,3
BMC,2020-09-14,12,0
BMC,2020-09-15,10,0
BMC,2020-09-16,8,0
BMC,2020-09-17,7,0
BMC,2020-09-18,8,2
BMC,2020-09-19,8,1
BMC,2020-09-20,7,0
BMC,2020-09-21,7,0
BMC,2020-09-22,9,3
BMC,2020-09-23,7,2
BMC,2020-09-24,9,1
BMC,2020-09-25,9,1
BMC,2020-09-26,7,1
BMC,2020-09-27,6,0
BMC,2020-09-28,6,1
BMC,2020-09-29,5,0
BMC,2020-09-30,5,0
BMC,2020-10-01,5,1
BMC,2020-10-02,6,0
BMC,2020-10-03,6,3
BMC,2020-10-04,9,0
BMC,2020-10-05,10,0
BMC,2020-10-06,11,1
BMC,2020-10-07,10,1
BMC,2020-10-08,10,1
BMC,2020-10-09,12,3
BMC,2020-10-10,13,1
BMC,2020-10-11,11,0
BMC,2020-10-12,11,2
BMC,2020-10-13,10,0
BMC,2020-10-14,9,0
BMC,2020-10-15,9,1
BMC,2020-10-16,11,5
BMC,2020-10-17,9,3
BMC,2020-10-18,10,1
BMC,2020-10-19,12,1
BMC,2020-10-20,12,2
BMC,2020-10-21,11,2
BMC,2020-10-22,9,1
BMC,2020-10-23,7,2
BMC,2020-10-24,6,2
BMC,2020-10-25,9,3
BMC,2020-10-26,12,2
BMC,2020-10-27,10,1
BMC,2020-10-28,11,0
BMC,2020-10-29,11,1
BMC,2020-10-30,9,1
BMC,2020-10-31,10,1
BMC,2020-11-01,10,1
BMC,2020-11-02,12,3
BMC,2020-11-03,12,1
BMC,2020-11-04,11,1
BMC,2020-11-05,10,0
BMC,2020-11-06,11,1
BMC,2020-11-07,12,2
BMC,2020-11-08,13,4
BMC,2020-11-09,17,4
BMC,2020-11-10,22,4
BMC,2020-11-11,23,3
BMC,2020-11-12,24,3
BMC,2020-11-13,24,9
BMC,2020-11-14,29,6
BMC,2020-11-15,33,3
BMC,2020-11-16,32,9
BMC,2020-11-17,34,6
BMC,2020-11-18,37,4
BMC,2020-11-19,42,9
BMC,2020-11-20,46,4
BMC,2020-11-21,44,9
BMC,2020-11-22,44,5
BMC,2020-11-23,46,7
BMC,2020-11-24,50,8
BMC,2020-11-25,50,9
BMC,2020-11-26,56,8
BMC,2020-11-27,51,8
BMC,2020-11-28,53,3
BMC,2020-11-29,51,3
BMC,2020-11-30,49,4
BMC,2020-12-01,51,4
BMC,2020-12-02,47,4
BMC,2020-12-03,48,2
BMC,2020-12-04,50,3
BMC,2020-12-05,48,8
BMC,2020-12-06,48,5
BMC,2020-12-07,47,11
BMC,2020-12-08,50,5
BMC,2020-12-09,47,6
BMC,2020-12-10,44,4
BMC,2020-12-11,41,5
BMC,2020-12-12,42,4
BMC,2020-12-13,40,3
BMC,2020-12-14,40,3
BMC,2020-12-15,44,3
BMC,2020-12-16,46,6
BMC,2020-12-17,46,4
BMC,2020-12-18,43,5
BMC,2020-12-19,45,1
BMC,2020-12-20,49,8
BMC,2020-12-21,55,5
BMC,2020-12-22,54,9
BMC,2020-12-23,49,4
BMC,2020-12-24,44,1
BMC,2020-12-25,42,9
BMC,2020-12-26,54,7
BMC,2020-12-27,57,5
BMC,2020-12-28,54,0
BMC,2020-12-29,55,6
BMC,2020-12-30,59,5
BMC,2020-12-31,51,5
BMC,2021-01-01,48,2
BMC,2021-01-02,50,5
BMC,2021-01-03,55,3
BMC,2021-01-04,61,4
BMC,2021-01-05,59,2
BMC,2021-01-06,61,7
BMC,2021-01-07,62,4
BMC,2021-01-08,61,6
BMC,2021-01-09,53,4
BMC,2021-01-10,60,6
BMC,2021-01-11,59,3
BMC,2021-01-12,53,4
BMC,2021-01-13,55,5
BMC,2021-01-14,50,2
BMC,2021-01-15,44,6
BMC,2021-01-16,43,5
BMC,2021-01-17,43,2
BMC,2021-01-18,43,3
BMC,2021-01-19,48,7
BMC,2021-01-20,49,6
BMC,2021-01-21,55,8
BMC,2021-01-22,48,3
BMC,2021-01-23,47,6
BMC,2021-01-24,48,4
BMC,2021-01-25,50,8
BMC,2021-01-26,49,5
BMC,2021-01-27,46,4
BMC,2021-01-28,48,6
BMC,2021-01-29,38,2
BMC,2021-01-30,34,3
BMC,2021-01-31,36,3
HCGH,2020-03-13,0,0
HCGH,2020-03-14,1,0
HCGH,2020-03-15,1,0
HCGH,2020-03-16,0,0
HCGH,2020-03-17,1,1
HCGH,2020-03-18,3,2
HCGH,2020-03-19,1,0
HCGH,2020-03-20,4,1
HCGH,2020-03-21,5,2
HCGH,2020-03-22,6,1
HCGH,2020-03-23,5,1
HCGH,2020-03-24,6,6
HCGH,2020-03-25,11,3
HCGH,2020-03-26,9,2
HCGH,2020-03-27,12,6
HCGH,2020-03-28,12,2
HCGH,2020-03-29,14,4
HCGH,2020-03-30,9,3
HCGH,2020-03-31,4,2
HCGH,2020-04-01,7,8
HCGH,2020-04-02,12,4
HCGH,2020-04-03,11,5
HCGH,2020-04-04,16,5
HCGH,2020-04-05,11,1
HCGH,2020-04-06,7,3
HCGH,2020-04-07,11,4
HCGH,2020-04-08,17,7
HCGH,2020-04-09,19,7
HCGH,2020-04-10,24,4
HCGH,2020-04-11,28,7
HCGH,2020-04-12,32,4
HCGH,2020-04-13,35,5
HCGH,2020-04-14,30,0
HCGH,2020-04-15,24,5
HCGH,2020-04-16,27,6
HCGH,2020-04-17,24,2
HCGH,2020-04-18,32,7
HCGH,2020-04-19,36,6
HCGH,2020-04-20,40,10
HCGH,2020-04-21,39,3
HCGH,2020-04-22,36,4
HCGH,2020-04-23,36,5
HCGH,2020-04-24,34,2
HCGH,2020-04-25,35,3
HCGH,2020-04-26,35,3
HCGH,2020-04-27,34,5
HCGH,2020-04-28,41,10
HCGH,2020-04-29,43,8
HCGH,2020-04-30,47,3
HCGH,2020-05-01,47,4
HCGH,2020-05-02,48,3
HCGH,2020-05-03,47,2
HCGH,2020-05-04,46,8
HCGH,2020-05-05,50,8
HCGH,2020-05-06,54,7
HCGH,2020-05-07,52,4
HCGH,2020-05-08,49,7
HCGH,2020-05-09,45,1
HCGH,2020-05-10,43,3
HCGH,2020-05-11,48,6
HCGH,2020-05-12,48,4
HCGH,2020-05-13,46,4
HCGH,2020-05-14,47,1
HCGH,2020-05-15,48,5
HCGH,2020-05-16,38,6
HCGH,2020-05-17,35,0
HCGH,2020-05-18,36,2
HCGH,2020-05-19,31,4
HCGH,2020-05-20,36,6
HCGH,2020-05-21,31,5
HCGH,2020-05-22,39,10
HCGH,2020-05-23,43,4
HCGH,2020-05-24,41,3
HCGH,2020-05-25,42,3
HCGH,2020-05-26,42,7
HCGH,2020-05-27,40,5
HCGH,2020-05-28,41,2
HCGH,2020-05-29,34,3
HCGH,2020-05-30,31,1
HCGH,2020-05-31,28,2
HCGH,2020-06-01,30,3
HCGH,2020-06-02,31,2
HCGH,2020-06-03,26,5
HCGH,2020-06-04,27,3
HCGH,2020-06-05,23,2
HCGH,2020-06-06,32,5
HCGH,2020-06-07,33,2
HCGH,2020-06-08,39,6
HCGH,2020-06-09,35,3
HCGH,2020-06-10,38,5
HCGH,2020-06-11,33,0
HCGH,2020-06-12,30,1
HCGH,2020-06-13,27,1
HCGH,2020-06-14,30,5
HCGH,2020-06-15,32,3
HCGH,2020-06-16,29,2
HCGH,2020-06-17,30,7
HCGH,2020-06-18,32,3
HCGH,2020-06-19,31,3
HCGH,2020-06-20,28,3
HCGH,2020-06-21,33,7
HCGH,2020-06-22,31,0
HCGH,2020-06-23,31,1
HCGH,2020-06-24,29,1
HCGH,2020-06-25,23,0
HCGH,2020-06-26,22,6
HCGH,2020-06-27,20,2
HCGH,2020-06-28,22,3
HCGH,2020-06-29,20,2
HCGH,2020-06-30,21,2
HCGH,2020-07-01,22,2
HCGH,2020-07-02,20,2
HCGH,2020-07-03,16,0
HCGH,2020-07-04,14,1
HCGH,2020-07-05,16,1
HCGH,2020-07-06,15,1
HCGH,2020-07-07,14,0
HCGH,2020-07-08,14,0
HCGH,2020-07-09,18,2
HCGH,2020-07-10,18,3
HCGH,2020-07-11,21,3
HCGH,2020-07-12,18,3
HCGH,2020-07-13,23,3
HCGH,2020-07-14,25,1
HCGH,2020-07-15,22,4
HCGH,2020-07-16,20,2
HCGH,2020-07-17,28,4
HCGH,2020-07-18,28,1
HCGH,2020-07-19,27,2
HCGH,2020-07-20,26,3
HCGH,2020-07-21,23,2
HCGH,2020-07-22,23,4
HCGH,2020-07-23,23,2
HCGH,2020-07-24,19,0
HCGH,2020-07-25,21,3
HCGH,2020-07-26,21,2
HCGH,2020-07-27,22,2
HCGH,2020-07-28,21,1
HCGH,2020-07-29,20,3
HCGH,2020-07-30,20,0
HCGH,2020-07-31,16,0
HCGH,2020-08-01,15,1
HCGH,2020-08-02,16,1
HCGH,2020-08-03,15,3
HCGH,2020-08-04,19,3
HCGH,2020-08-05,16,0
HCGH,2020-08-06,16,2
HCGH,2020-08-07,17,3
HCGH,2020-08-08,17,1
HCGH,2020-08-09,19,2
HCGH,2020-08-10,19,3
HCGH,2020-08-11,18,0
HCGH,2020-08-12,17,1
HCGH,2020-08-13,14,2
HCGH,2020-08-14,15,0
HCGH,2020-08-15,14,1
HCGH,2020-08-16,14,2
HCGH,2020-08-17,17,1
HCGH,2020-08-18,18,1
HCGH,2020-08-19,18,2
HCGH,2020-08-20,20,4
HCGH,2020-08-21,22,2
HCGH,2020-08-22,23,0
HCGH,2020-08-23,22,1
HCGH,2020-08-24,21,0
HCGH,2020-08-25,20,2
HCGH,2020-08-26,18,0
HCGH,2020-08-27,15,1
HCGH,2020-08-28,15,1
HCGH,2020-08-29,12,0
HCGH,2020-08-30,11,1
HCGH,2020-08-31,13,3
HCGH,2020-09-01,14,1
HCGH,2020-09-02,15,3
HCGH,2020-09-03,19,1
HCGH,2020-09-04,17,0
HCGH,2020-09-05,17,0
HCGH,2020-09-06,14,1
HCGH,2020-09-07,15,0
HCGH,2020-09-08,17,0
HCGH,2020-09-09,15,2
HCGH,2020-09-10,15,1
HCGH,2020-09-11,16,4
HCGH,2020-09-12,16,1
HCGH,2020-09-13,20,2
HCGH,2020-09-14,21,0
HCGH,2020-09-15,22,2
HCGH,2020-09-16,22,2
HCGH,2020-09-17,18,0
HCGH,2020-09-18,18,1
HCGH,2020-09-19,18,1
HCGH,2020-09-20,19,2
HCGH,2020-09-21,20,3
HCGH,2020-09-22,22,0
HCGH,2020-09-23,19,3
HCGH,2020-09-24,20,2
HCGH,2020-09-25,18,2
HCGH,2020-09-26,17,1
HCGH,2020-09-27,17,1
HCGH,2020-09-28,19,2
HCGH,2020-09-29,13,1
HCGH,2020-09-30,13,1
HCGH,2020-10-01,12,1
HCGH,2020-10-02,12,1
HCGH,2020-10-03,12,1
HCGH,2020-10-04,11,2
HCGH,2020-10-05,15,1
HCGH,2020-10-06,16,2
HCGH,2020-10-07,17,4
HCGH,2020-10-08,19,3
HCGH,2020-10-09,19,4
HCGH,2020-10-10,22,2
HCGH,2020-10-11,19,1
HCGH,2020-10-12,19,0
HCGH,2020-10-13,15,1
HCGH,2020-10-14,12,1
HCGH,2020-10-15,14,3
HCGH,2020-10-16,16,1
HCGH,2020-10-17,17,1
HCGH,2020-10-18,16,1
HCGH,2020-10-19,17,1
HCGH,2020-10-20,17,2
HCGH,2020-10-21,22,4
HCGH,2020-10-22,24,1
HCGH,2020-10-23,22,3
HCGH,2020-10-24,22,1
HCGH,2020-10-25,22,2
HCGH,2020-10-26,23,1
HCGH,2020-10-27,23,3
HCGH,2020-10-28,27,3
HCGH,2020-10-29,24,2
HCGH,2020-10-30,23,2
HCGH,2020-10-31,23,4
HCGH,2020-11-01,23,0
HCGH,2020-11-02,24,1
HCGH,2020-11-03,18,1
HCGH,2020-11-04,15,0
HCGH,2020-11-05,13,2
HCGH,2020-11-06,15,3
HCGH,2020-11-07,18,4
HCGH,2020-11-08,23,2
HCGH,2020-11-09,24,2
HCGH,2020-11-10,26,5
HCGH,2020-11-11,31,8
HCGH,2020-11-12,36,7
HCGH,2020-11-13,39,2
HCGH,2020-11-14,38,4
HCGH,2020-11-15,39,6
HCGH,2020-11-16,44,5
HCGH,2020-11-17,51,6
HCGH,2020-11-18,46,2
HCGH,2020-11-19,43,6
HCGH,2020-11-20,44,3
HCGH,2020-11-21,45,7
HCGH,2020-11-22,51,6
HCGH,2020-11-23,53,11
HCGH,2020-11-24,62,6
HCGH,2020-11-25,57,2
HCGH,2020-11-26,59,7
HCGH,2020-11-27,57,6
HCGH,2020-11-28,53,5
HCGH,2020-11-29,58,7
HCGH,2020-11-30,56,3
HCGH,2020-12-01,52,3
HCGH,2020-12-02,41,3
HCGH,2020-12-03,36,1
HCGH,2020-12-04,35,3
HCGH,2020-12-05,37,7
HCGH,2020-12-06,45,5
HCGH,2020-12-07,48,8
HCGH,2020-12-08,47,9
HCGH,2020-12-09,51,3
HCGH,2020-12-10,48,7
HCGH,2020-12-11,47,4
HCGH,2020-12-12,46,6
HCGH,2020-12-13,47,5
HCGH,2020-12-14,46,5
HCGH,2020-12-15,45,1
HCGH,2020-12-16,39,6
HCGH,2020-12-17,41,6
HCGH,2020-12-18,44,5
HCGH,2020-12-19,43,9
HCGH,2020-12-20,48,3
HCGH,2020-12-21,46,4
HCGH,2020-12-22,49,10
HCGH,2020-12-23,51,4
HCGH,2020-12-24,47,4
HCGH,2020-12-25,51,11
HCGH,2020-12-26,52,5
HCGH,2020-12-27,54,5
HCGH,2020-12-28,50,4
HCGH,2020-12-29,53,5
HCGH,2020-12-30,49,3
HCGH,2020-12-31,48,4
HCGH,2021-01-01,49,5
HCGH,2021-01-02,52,4
HCGH,2021-01-03,47,2
HCGH,2021-01-04,51,3
HCGH,2021-01-05,53,11
HCGH,2021-01-06,60,8
HCGH,2021-01-07,58,10
HCGH,2021-01-08,65,6
HCGH,2021-01-09,65,2
HCGH,2021-01-10,63,2
HCGH,2021-01-11,61,4
HCGH,2021-01-12,57,6
HCGH,2021-01-13,58,7
HCGH,2021-01-14,59,8
HCGH,2021-01-15,58,8
HCGH,2021-01-16,62,7
HCGH,2021-01-17,63,6
HCGH,2021-01-18,61,4
HCGH,2021-01-19,60,6
HCGH,2021-01-20,70,7
HCGH,2021-01-21,57,7
HCGH,2021-01-22,58,6
HCGH,2021-01-23,57,3
HCGH,2021-01-24,53,9
HCGH,2021-01-25,61,7
HCGH,2021-01-26,62,7
HCGH,2021-01-27,64,8
HCGH,2021-01-28,58,4
HCGH,2021-01-29,62,4
HCGH,2021-01-30,52,4
HCGH,2021-01-31,48,1
JHH,2020-03-12,0,1
JHH,2020-03-13,2,1
JHH,2020-03-14,2,0
JHH,2020-03-15,2,0
JHH,2020-03-16,4,2
JHH,2020-03-17,6,0
JHH,2020-03-18,7,1
JHH,2020-03-19,8,0
JHH,2020-03-20,12,2
JHH,2020-03-21,13,0
JHH,2020-03-22,17,0
JHH,2020-03-23,19,1
JHH,2020-03-24,27,1
JHH,2020-03-25,30,5
JHH,2020-03-26,42,3
JHH,2020-03-27,47,3
JHH,2020-03-28,55,7
JHH,2020-03-29,59,0
JHH,2020-03-30,63,3
JHH,2020-03-31,73,3
JHH,2020-04-01,88,6
JHH,2020-04-02,90,6
JHH,2020-04-03,97,7
JHH,2020-04-04,97,3
JHH,2020-04-05,100,3
JHH,2020-04-06,105,5
JHH,2020-04-07,107,1
JHH,2020-04-08,107,1
JHH,2020-04-09,108,5
JHH,2020-04-10,113,4
JHH,2020-04-11,113,2
JHH,2020-04-12,111,5
JHH,2020-04-13,121,6
JHH,2020-04-14,125,5
JHH,2020-04-15,120,4
JHH,2020-04-16,116,4
JHH,2020-04-17,111,3
JHH,2020-04-18,112,3
JHH,2020-04-19,116,2
JHH,2020-04-20,116,9
JHH,2020-04-21,115,6
JHH,2020-04-22,126,7
JHH,2020-04-23,122,7
JHH,2020-04-24,120,5
JHH,2020-04-25,119,4
JHH,2020-04-26,117,7
JHH,2020-04-27,115,2
JHH,2020-04-28,116,9
JHH,2020-04-29,118,7
JHH,2020-04-30,112,2
JHH,2020-05-01,109,4
JHH,2020-05-02,108,6
JHH,2020-05-03,107,7
JHH,2020-05-04,105,9
JHH,2020-05-05,107,4
JHH,2020-05-06,107,4
JHH,2020-05-07,113,3
JHH,2020-05-08,113,2
JHH,2020-05-09,112,5
JHH,2020-05-10,108,5
JHH,2020-05-11,114,2
JHH,2020-05-12,109,5
JHH,2020-05-13,107,8
JHH,2020-05-14,101,4
JHH,2020-05-15,103,7
JHH,2020-05-16,107,3
JHH,2020-05-17,106,6
JHH,2020-05-18,108,10
JHH,2020-05-19,102,8
JHH,2020-05-20,107,8
JHH,2020-05-21,110,9
JHH,2020-05-22,103,3
JHH,2020-05-23,101,2
JHH,2020-05-24,104,6
JHH,2020-05-25,109,4
JHH,2020-05-26,115,8
JHH,2020-05-27,118,4
JHH,2020-05-28,109,3
JHH,2020-05-29,106,9
JHH,2020-05-30,109,4
JHH,2020-05-31,106,1
JHH,2020-06-01,101,6
JHH,2020-06-02,95,3
JHH,2020-06-03,93,5
JHH,2020-06-04,93,9
JHH,2020-06-05,92,1
JHH,2020-06-06,88,2
JHH,2020-06-07,86,4
JHH,2020-06-08,85,1
JHH,2020-06-09,85,4
JHH,2020-06-10,80,1
JHH,2020-06-11,78,5
JHH,2020-06-12,79,1
JHH,2020-06-13,79,1
JHH,2020-06-14,78,1
JHH,2020-06-15,77,2
JHH,2020-06-16,73,4
JHH,2020-06-17,71,1
JHH,2020-06-18,64,2
JHH,2020-06-19,63,5
JHH,2020-06-20,61,1
JHH,2020-06-21,60,1
JHH,2020-06-22,60,4
JHH,2020-06-23,57,0
JHH,2020-06-24,51,0
JHH,2020-06-25,51,4
JHH,2020-06-26,50,2
JHH,2020-06-27,43,0
JHH,2020-06-28,39,1
JHH,2020-06-29,43,3
JHH,2020-06-30,40,0
JHH,2020-07-01,42,3
JHH,2020-07-02,38,2
JHH,2020-07-03,38,1
JHH,2020-07-04,35,0
JHH,2020-07-05,36,3
JHH,2020-07-06,35,2
JHH,2020-07-07,37,0
JHH,2020-07-08,35,2
JHH,2020-07-09,38,2
JHH,2020-07-10,42,3
JHH,2020-07-11,41,3
JHH,2020-07-12,42,4
JHH,2020-07-13,42,3
JHH,2020-07-14,42,5
JHH,2020-07-15,40,3
JHH,2020-07-16,43,2
JHH,2020-07-17,38,4
JHH,2020-07-18,43,5
JHH,2020-07-19,44,3
JHH,2020-07-20,44,5
JHH,2020-07-21,44,9
JHH,2020-07-22,51,0
JHH,2020-07-23,46,6
JHH,2020-07-24,47,4
JHH,2020-07-25,42,3
JHH,2020-07-26,43,2
JHH,2020-07-27,48,4
JHH,2020-07-28,47,3
JHH,2020-07-29,51,4
JHH,2020-07-30,45,0
JHH,2020-07-31,45,3
JHH,2020-08-01,45,3
JHH,2020-08-02,46,6
JHH,2020-08-03,45,3
JHH,2020-08-04,43,3
JHH,2020-08-05,46,5
JHH,2020-08-06,45,2
JHH,2020-08-07,49,4
JHH,2020-08-08,48,5
JHH,2020-08-09,46,5
JHH,2020-08-10,45,2
JHH,2020-08-11,41,2
JHH,2020-08-12,40,5
JHH,2020-08-13,43,8
JHH,2020-08-14,42,2
JHH,2020-08-15,42,2
JHH,2020-08-16,38,0
JHH,2020-08-17,34,2
JHH,2020-08-18,38,1
JHH,2020-08-19,37,1
JHH,2020-08-20,35,4
JHH,2020-08-21,38,2
JHH,2020-08-22,36,1
JHH,2020-08-23,36,1
JHH,2020-08-24,36,4
JHH,2020-08-25,42,2
JHH,2020-08-26,38,4
JHH,2020-08-27,38,3
JHH,2020-08-28,36,1
JHH,2020-08-29,36,3
JHH,2020-08-30,36,1
JHH,2020-08-31,36,4
JHH,2020-09-01,40,2
JHH,2020-09-02,37,2
JHH,2020-09-03,37,4
JHH,2020-09-04,34,0
JHH,2020-09-05,31,1
JHH,2020-09-06,32,1
JHH,2020-09-07,34,2
JHH,2020-09-08,31,1
JHH,2020-09-09,31,4
JHH,2020-09-10,34,2
JHH,2020-09-11,33,1
JHH,2020-09-12,31,2
JHH,2020-09-13,30,3
JHH,2020-09-14,32,2
JHH,2020-09-15,29,2
JHH,2020-09-16,29,0
JHH,2020-09-17,31,2
JHH,2020-09-18,35,1
JHH,2020-09-19,33,1
JHH,2020-09-20,35,4
JHH,2020-09-21,36,0
JHH,2020-09-22,34,0
JHH,2020-09-23,32,1
JHH,2020-09-24,30,3
JHH,2020-09-25,31,0
JHH,2020-09-26,30,0
JHH,2020-09-27,30,1
JHH,2020-09-28,30,0
JHH,2020-09-29,30,1
JHH,2020-09-30,28,2
JHH,2020-10-01,28,0
JHH,2020-10-02,28,2
JHH,2020-10-03,28,2
JHH,2020-10-04,26,0
JHH,2020-10-05,29,4
JHH,2020-10-06,33,3
JHH,2020-10-07,32,1
JHH,2020-10-08,28,0
JHH,2020-10-09,31,4
JHH,2020-10-10,32,6
JHH,2020-10-11,32,1
JHH,2020-10-12,30,2
JHH,2020-10-13,29,1
JHH,2020-10-14,30,0
JHH,2020-10-15,26,2
JHH,2020-10-16,26,3
JHH,2020-10-17,29,3
JHH,2020-10-18,30,1
JHH,2020-10-19,32,2
JHH,2020-10-20,32,3
JHH,2020-10-21,29,0
JHH,2020-10-22,26,3
JHH,2020-10-23,30,4
JHH,2020-10-24,32,3
JHH,2020-10-25,32,3
JHH,2020-10-26,35,3
JHH,2020-10-27,34,1
JHH,2020-10-28,34,3
JHH,2020-10-29,39,4
JHH,2020-10-30,39,1
JHH,2020-10-31,35,4
JHH,2020-11-01,39,4
JHH,2020-11-02,42,6
JHH,2020-11-03,46,5
JHH,2020-11-04,42,4
JHH,2020-11-05,46,5
JHH,2020-11-06,45,4
JHH,2020-11-07,50,4
JHH,2020-11-08,52,10
JHH,2020-11-09,59,8
JHH,2020-11-10,61,8
JHH,2020-11-11,65,4
JHH,2020-11-12,61,6
JHH,2020-11-13,55,3
JHH,2020-11-14,58,7
JHH,2020-11-15,61,9
JHH,2020-11-16,68,3
JHH,2020-11-17,69,3
JHH,2020-11-18,70,1
JHH,2020-11-19,74,6
JHH,2020-11-20,68,1
JHH,2020-11-21,68,7
JHH,2020-11-22,70,2
JHH,2020-11-23,71,7
JHH,2020-11-24,68,8
JHH,2020-11-25,71,6
JHH,2020-11-26,73,4
JHH,2020-11-27,84,10
JHH,2020-11-28,92,8
JHH,2020-11-29,95,5
JHH,2020-11-30,98,4
JHH,2020-12-01,84,3
JHH,2020-12-02,84,6
JHH,2020-12-03,79,5
JHH,2020-12-04,89,5
JHH,2020-12-05,82,6
JHH,2020-12-06,88,4
JHH,2020-12-07,97,9
JHH,2020-12-08,99,5
JHH,2020-12-09,92,4
JHH,2020-12-10,88,3
JHH,2020-12-11,82,8
JHH,2020-12-12,88,9
JHH,2020-12-13,94,7
JHH,2020-12-14,97,9
JHH,2020-12-15,96,4
JHH,2020-12-16,88,2
JHH,2020-12-17,84,6
JHH,2020-12-18,85,2
JHH,2020-12-19,87,4
JHH,2020-12-20,86,3
JHH,2020-12-21,93,12
JHH,2020-12-22,97,4
JHH,2020-12-23,98,5
JHH,2020-12-24,94,5
JHH,2020-12-25,86,6
JHH,2020-12-26,92,7
JHH,2020-12-27,99,6
JHH,2020-12-28,105,10
JHH,2020-12-29,109,5
JHH,2020-12-30,104,6
JHH,2020-12-31,106,5
JHH,2021-01-01,104,4
JHH,2021-01-02,106,7
JHH,2021-01-03,106,0
JHH,2021-01-04,109,9
JHH,2021-01-05,111,12
JHH,2021-01-06,118,6
JHH,2021-01-07,128,9
JHH,2021-01-08,121,7
JHH,2021-01-09,120,3
JHH,2021-01-10,120,4
JHH,2021-01-11,120,4
JHH,2021-01-12,116,2
JHH,2021-01-13,114,7
JHH,2021-01-14,117,5
JHH,2021-01-15,124,8
JHH,2021-01-16,125,9
JHH,2021-01-17,123,5
JHH,2021-01-18,123,7
JHH,2021-01-19,122,7
JHH,2021-01-20,127,7
JHH,2021-01-21,128,10
JHH,2021-01-22,119,5
JHH,2021-01-23,113,6
JHH,2021-01-24,118,8
JHH,2021-01-25,126,9
JHH,2021-01-26,122,8
JHH,2021-01-27,113,4
JHH,2021-01-28,110,2
JHH,2021-01-29,103,5
JHH,2021-01-30,97,4
JHH,2021-01-31,93,2
SH,2020-03-18,1,0
SH,2020-03-19,1,3
SH,2020-03-20,3,1
SH,2020-03-21,3,0
SH,2020-03-22,3,2
SH,2020-03-23,7,1
SH,2020-03-24,11,4
SH,2020-03-25,12,2
SH,2020-03-26,16,3
SH,2020-03-27,22,7
SH,2020-03-28,22,2
SH,2020-03-29,29,5
SH,2020-03-30,34,8
SH,2020-03-31,30,1
SH,2020-04-01,35,10
SH,2020-04-02,36,6
SH,2020-04-03,38,5
SH,2020-04-04,39,3
SH,2020-04-05,39,8
SH,2020-04-06,45,9
SH,2020-04-07,51,7
SH,2020-04-08,56,8
SH,2020-04-09,51,6
SH,2020-04-10,57,8
SH,2020-04-11,51,4
SH,2020-04-12,51,9
SH,2020-04-13,56,8
SH,2020-04-14,54,7
SH,2020-04-15,61,10
SH,2020-04-16,69,13
SH,2020-04-17,69,9
SH,2020-04-18,69,5
SH,2020-04-19,69,4
SH,2020-04-20,67,6
SH,2020-04-21,65,6
SH,2020-04-22,57,6
SH,2020-04-23,58,11
SH,2020-04-24,58,9
SH,2020-04-25,62,13
SH,2020-04-26,69,11
SH,2020-04-27,72,7
SH,2020-04-28,74,8
SH,2020-04-29,75,7
SH,2020-04-30,70,6
SH,2020-05-01,67,5
SH,2020-05-02,69,4
SH,2020-05-03,70,11
SH,2020-05-04,76,8
SH,2020-05-05,72,3
SH,2020-05-06,74,5
SH,2020-05-07,74,4
SH,2020-05-08,73,3
SH,2020-05-09,68,5
SH,2020-05-10,59,6
SH,2020-05-11,61,9
SH,2020-05-12,60,3
SH,2020-05-13,60,10
SH,2020-05-14,59,4
SH,2020-05-15,58,5
SH,2020-05-16,54,5
SH,2020-05-17,49,6
SH,2020-05-18,51,9
SH,2020-05-19,52,4
SH,2020-05-20,47,1
SH,2020-05-21,42,4
SH,2020-05-22,40,3
SH,2020-05-23,40,4
SH,2020-05-24,41,4
SH,2020-05-25,43,4
SH,2020-05-26,48,4
SH,2020-05-27,48,3
SH,2020-05-28,45,3
SH,2020-05-29,37,3
SH,2020-05-30,33,2
SH,2020-05-31,31,2
SH,2020-06-01,28,3
SH,2020-06-02,28,3
SH,2020-06-03,29,3
SH,2020-06-04,28,3
SH,2020-06-05,30,3
SH,2020-06-06,32,4
SH,2020-06-07,32,1
SH,2020-06-08,29,2
SH,2020-06-09,25,2
SH,2020-06-10,26,5
SH,2020-06-11,28,3
SH,2020-06-12,24,2
SH,2020-06-13,27,3
SH,2020-06-14,22,1
SH,2020-06-15,21,2
SH,2020-06-16,20,1
SH,2020-06-17,23,4
SH,2020-06-18,25,1
SH,2020-06-19,18,1
SH,2020-06-20,20,1
SH,2020-06-21,19,0
SH,2020-06-22,22,1
SH,2020-06-23,19,1
SH,2020-06-24,15,1
SH,2020-06-25,18,4
SH,2020-06-26,19,0
SH,2020-06-27,18,0
SH,2020-06-28,18,1
SH,2020-06-29,16,0
SH,2020-06-30,12,0
SH,2020-07-01,7,0
SH,2020-07-02,11,1
SH,2020-07-03,10,1
SH,2020-07-04,11,2
SH,2020-07-05,11,0
SH,2020-07-06,10,1
SH,2020-07-07,9,0
SH,2020-07-08,8,0
SH,2020-07-09,8,2
SH,2020-07-10,12,3
SH,2020-07-11,11,1
SH,2020-07-12,11,2
SH,2020-07-13,11,0
SH,2020-07-14,10,0
SH,2020-07-15,9,3
SH,2020-07-16,11,1
SH,2020-07-17,12,0
SH,2020-07-18,10,1
SH,2020-07-19,10,0
SH,2020-07-20,10,1
SH,2020-07-21,10,0
SH,2020-07-22,10,1
SH,2020-07-23,10,1
SH,2020-07-24,10,0
SH,2020-07-25,11,2
SH,2020-07-26,10,1
SH,2020-07-27,11,1
SH,2020-07-28,11,0
SH,2020-07-29,13,2
SH,2020-07-30,13,2
SH,2020-07-31,15,3
SH,2020-08-01,13,1
SH,2020-08-02,13,0
SH,2020-08-03,12,1
SH,2020-08-04,11,1
SH,2020-08-05,11,2
SH,2020-08-06,11,3
SH,2020-08-07,11,2
SH,2020-08-08,11,0
SH,2020-08-09,8,0
SH,2020-08-10,9,2
SH,2020-08-11,9,1
SH,2020-08-12,10,0
SH,2020-08-13,9,0
SH,2020-08-14,7,0
SH,2020-08-15,7,0
SH,2020-08-16,9,0
SH,2020-08-17,9,0
SH,2020-08-18,8,1
SH,2020-08-19,9,1
SH,2020-08-20,10,2
SH,2020-08-21,10,0
SH,2020-08-22,8,1
SH,2020-08-23,9,1
SH,2020-08-24,8,1
SH,2020-08-25,7,1
SH,2020-08-26,7,0
SH,2020-08-27,7,0
SH,2020-08-28,7,0
SH,2020-08-29,7,0
SH,2020-08-30,8,2
SH,2020-08-31,7,0
SH,2020-09-01,6,0
SH,2020-09-02,6,0
SH,2020-09-03,6,0
SH,2020-09-04,6,0
SH,2020-09-05,5,1
SH,2020-09-06,5,1
SH,2020-09-07,7,1
SH,2020-09-08,8,0
SH,2020-09-09,7,1
SH,2020-09-10,9,1
SH,2020-09-11,9,2
SH,2020-09-12,12,2
SH,2020-09-13,13,1
SH,2020-09-14,13,0
SH,2020-09-15,13,2
SH,2020-09-16,13,1
SH,2020-09-17,14,0
SH,2020-09-18,11,3
SH,2020-09-19,12,3
SH,2020-09-20,12,1
SH,2020-09-21,13,2
SH,2020-09-22,13,2
SH,2020-09-23,14,3
SH,2020-09-24,12,0
SH,2020-09-25,7,1
SH,2020-09-26,8,2
SH,2020-09-27,9,0
SH,2020-09-28,7,0
SH,2020-09-29,7,1
SH,2020-09-30,8,1
SH,2020-10-01,4,3
SH,2020-10-02,3,1
SH,2020-10-03,5,3
SH,2020-10-04,7,1
SH,2020-10-05,8,1
SH,2020-10-06,7,0
SH,2020-10-07,7,0
SH,2020-10-08,6,1
SH,2020-10-09,4,0
SH,2020-10-10,4,2
SH,2020-10-11,5,1
SH,2020-10-12,7,1
SH,2020-10-13,8,1
SH,2020-10-14,7,1
SH,2020-10-15,6,2
SH,2020-10-16,5,0
SH,2020-10-17,4,0
SH,2020-10-18,5,1
SH,2020-10-19,6,1
SH,2020-10-20,9,5
SH,2020-10-21,11,2
SH,2020-10-22,13,4
SH,2020-10-23,16,2
SH,2020-10-24,12,0
SH,2020-10-25,11,3
SH,2020-10-26,10,3
SH,2020-10-27,13,1
SH,2020-10-28,11,1
SH,2020-10-29,12,1
SH,2020-10-30,13,4
SH,2020-10-31,15,3
SH,2020-11-01,15,1
SH,2020-11-02,17,2
SH,2020-11-03,14,1
SH,2020-11-04,13,2
SH,2020-11-05,18,4
SH,2020-11-06,16,4
SH,2020-11-07,15,1
SH,2020-11-08,17,1
SH,2020-11-09,16,0
SH,2020-11-10,19,4
SH,2020-11-11,15,2
SH,2020-11-12,18,3
SH,2020-11-13,20,4
SH,2020-11-14,23,4
SH,2020-11-15,23,4
SH,2020-11-16,24,3
SH,2020-11-17,30,4
SH,2020-11-18,36,10
SH,2020-11-19,38,7
SH,2020-11-20,40,6
SH,2020-11-21,38,4
SH,2020-11-22,42,7
SH,2020-11-23,46,6
SH,2020-11-24,44,4
SH,2020-11-25,50,9
SH,2020-11-26,49,1
SH,2020-11-27,50,8
SH,2020-11-28,47,2
SH,2020-11-29,42,0
SH,2020-11-30,40,6
SH,2020-12-01,41,3
SH,2020-12-02,41,6
SH,2020-12-03,41,7
SH,2020-12-04,38,5
SH,2020-12-05,38,4
SH,2020-12-06,37,2
SH,2020-12-07,35,5
SH,2020-12-08,39,3
SH,2020-12-09,35,5
SH,2020-12-10,40,6
SH,2020-12-11,43,8
SH,2020-12-12,43,3
SH,2020-12-13,42,4
SH,2020-12-14,43,5
SH,2020-12-15,43,8
SH,2020-12-16,38,4
SH,2020-12-17,40,5
SH,2020-12-18,36,5
SH,2020-12-19,42,6
SH,2020-12-20,48,10
SH,2020-12-21,50,6
SH,2020-12-22,48,4
SH,2020-12-23,45,1
SH,2020-12-24,45,6
SH,2020-12-25,47,4
SH,2020-12-26,45,2
SH,2020-12-27,40,1
SH,2020-12-28,37,5
SH,2020-12-29,38,2
SH,2020-12-30,35,7
SH,2020-12-31,36,4
SH,2021-01-01,36,3
SH,2021-01-02,36,5
SH,2021-01-03,40,7
SH,2021-01-04,46,10
SH,2021-01-05,51,11
SH,2021-01-06,54,5
SH,2021-01-07,55,5
SH,2021-01-08,51,4
SH,2021-01-09,52,6
SH,2021-01-10,54,10
SH,2021-01-11,56,4
SH,2021-01-12,53,6
SH,2021-01-13,53,9
SH,2021-01-14,58,5
SH,2021-01-15,58,5
SH,2021-01-16,52,5
SH,2021-01-17,54,7
SH,2021-01-18,49,2
SH,2021-01-19,47,2
SH,2021-01-20,45,2
SH,2021-01-21,39,3
SH,2021-01-22,44,11
SH,2021-01-23,50,4
SH,2021-01-24,49,3
SH,2021-01-25,48,8
SH,2021-01-26,42,2
SH,2021-01-27,43,4
SH,2021-01-28,38,4
SH,2021-01-29,32,3
SH,2021-01-30,29,4
SH,2021-01-31,25,1
SMH,2020-03-12,1,0
SMH,2020-03-13,1,0
SMH,2020-03-14,2,0
SMH,2020-03-15,3,2
SMH,2020-03-16,2,0
SMH,2020-03-17,0,0
SMH,2020-03-21,2,2
SMH,2020-03-22,4,2
SMH,2020-03-23,4,0
SMH,2020-03-24,3,5
SMH,2020-03-25,4,2
SMH,2020-03-26,5,4
SMH,2020-03-27,9,1
SMH,2020-03-28,8,2
SMH,2020-03-29,10,3
SMH,2020-03-30,11,0
SMH,2020-03-31,11,1
SMH,2020-04-01,11,2
SMH,2020-04-02,11,0
SMH,2020-04-03,11,1
SMH,2020-04-04,11,2
SMH,2020-04-05,6,2
SMH,2020-04-06,6,0
SMH,2020-04-07,7,3
SMH,2020-04-08,10,3
SMH,2020-04-09,12,2
SMH,2020-04-10,12,0
SMH,2020-04-11,11,2
SMH,2020-04-12,11,1
SMH,2020-04-13,12,2
SMH,2020-04-14,12,0
SMH,2020-04-15,15,5
SMH,2020-04-16,14,3
SMH,2020-04-17,15,3
SMH,2020-04-18,13,2
SMH,2020-04-19,15,6
SMH,2020-04-20,25,6
SMH,2020-04-21,26,1
SMH,2020-04-22,27,4
SMH,2020-04-23,31,3
SMH,2020-04-24,32,3
SMH,2020-04-25,31,4
SMH,2020-04-26,33,7
SMH,2020-04-27,39,3
SMH,2020-04-28,38,4
SMH,2020-04-29,33,0
SMH,2020-04-30,29,4
SMH,2020-05-01,21,3
SMH,2020-05-02,20,2
SMH,2020-05-03,17,0
SMH,2020-05-04,17,3
SMH,2020-05-05,18,2
SMH,2020-05-06,18,1
SMH,2020-05-07,16,1
SMH,2020-05-08,18,3
SMH,2020-05-09,18,2
SMH,2020-05-10,18,3
SMH,2020-05-11,21,1
SMH,2020-05-12,19,3
SMH,2020-05-13,19,1
SMH,2020-05-14,20,1
SMH,2020-05-15,19,2
SMH,2020-05-16,15,5
SMH,2020-05-17,17,0
SMH,2020-05-18,16,2
SMH,2020-05-19,14,1
SMH,2020-05-20,14,3
SMH,2020-05-21,15,2
SMH,2020-05-22,15,2
SMH,2020-05-23,13,1
SMH,2020-05-24,13,1
SMH,2020-05-25,14,1
SMH,2020-05-26,14,1
SMH,2020-05-27,13,3
SMH,2020-05-28,12,1
SMH,2020-05-29,12,0
SMH,2020-05-30,9,0
SMH,2020-05-31,7,0
SMH,2020-06-01,6,3
SMH,2020-06-02,9,0
SMH,2020-06-03,10,4
SMH,2020-06-04,11,1
SMH,2020-06-05,12,1
SMH,2020-06-06,11,0
SMH,2020-06-07,9,1
SMH,2020-06-08,10,2
SMH,2020-06-09,11,1
SMH,2020-06-10,10,0
SMH,2020-06-11,8,0
SMH,2020-06-12,8,0
SMH,2020-06-13,8,1
SMH,2020-06-14,9,0
SMH,2020-06-15,9,0
SMH,2020-06-16,10,1
SMH,2020-06-17,8,1
SMH,2020-06-18,10,1
SMH,2020-06-19,10,1
SMH,2020-06-20,10,0
SMH,2020-06-21,8,0
SMH,2020-06-22,8,0
SMH,2020-06-23,8,1
SMH,2020-06-24,9,1
SMH,2020-06-25,10,1
SMH,2020-06-26,10,0
SMH,2020-06-27,9,1
SMH,2020-06-28,11,1
SMH,2020-06-29,11,1
SMH,2020-06-30,9,0
SMH,2020-07-01,8,0
SMH,2020-07-02,6,0
SMH,2020-07-03,6,1
SMH,2020-07-04,5,0
SMH,2020-07-05,4,0
SMH,2020-07-06,4,0
SMH,2020-07-07,5,1
SMH,2020-07-08,6,3
SMH,2020-07-09,8,1
SMH,2020-07-10,9,2
SMH,2020-07-11,10,1
SMH,2020-07-12,10,0
SMH,2020-07-13,9,0
SMH,2020-07-14,9,0
SMH,2020-07-15,8,0
SMH,2020-07-16,6,0
SMH,2020-07-17,4,0
SMH,2020-07-18,3,0
SMH,2020-07-19,4,1
SMH,2020-07-20,4,0
SMH,2020-07-21,5,1
SMH,2020-07-22,5,1
SMH,2020-07-23,6,0
SMH,2020-07-24,6,0
SMH,2020-07-25,5,0
SMH,2020-07-26,3,0
SMH,2020-07-27,3,1
SMH,2020-07-28,3,1
SMH,2020-07-29,3,0
SMH,2020-07-30,4,2
SMH,2020-07-31,3,0
SMH,2020-08-01,4,1
SMH,2020-08-02,4,1
SMH,2020-08-03,4,0
SMH,2020-08-04,4,0
SMH,2020-08-05,4,0
SMH,2020-08-06,4,0
SMH,2020-08-07,3,0
SMH,2020-08-08,4,2
SMH,2020-08-09,5,0
SMH,2020-08-10,5,1
SMH,2020-08-11,4,0
SMH,2020-08-12,4,0
SMH,2020-08-13,4,0
SMH,2020-08-14,3,1
SMH,2020-08-15,4,0
SMH,2020-08-16,5,0
SMH,2020-08-17,6,2
SMH,2020-08-18,7,0
SMH,2020-08-19,6,0
SMH,2020-08-20,6,2
SMH,2020-08-21,6,1
SMH,2020-08-22,7,0
SMH,2020-08-23,4,0
SMH,2020-08-24,3,2
SMH,2020-08-25,6,0
SMH,2020-08-26,5,0
SMH,2020-08-27,4,1
SMH,2020-08-28,5,1
SMH,2020-08-29,3,0
SMH,2020-08-30,4,1
SMH,2020-08-31,4,1
SMH,2020-09-01,4,1
SMH,2020-09-02,5,0
SMH,2020-09-03,5,0
SMH,2020-09-04,3,1
SMH,2020-09-05,4,1
SMH,2020-09-06,4,0
SMH,2020-09-07,4,0
SMH,2020-09-08,4,0
SMH,2020-09-09,5,1
SMH,2020-09-10,5,0
SMH,2020-09-11,4,0
SMH,2020-09-12,4,0
SMH,2020-09-13,4,0
SMH,2020-09-14,4,0
SMH,2020-09-15,4,0
SMH,2020-09-16,5,0
SMH,2020-09-17,4,0
SMH,2020-09-18,3,0
SMH,2020-09-19,2,0
SMH,2020-09-20,2,0
SMH,2020-09-21,2,0
SMH,2020-09-22,2,1
SMH,2020-09-23,3,0
SMH,2020-09-24,3,1
SMH,2020-09-25,3,0
SMH,2020-09-26,3,0
SMH,2020-09-27,3,0
SMH,2020-09-28,3,0
SMH,2020-09-29,1,0
SMH,2020-09-30,1,0
SMH,2020-10-01,1,0
SMH,2020-10-02,3,2
SMH,2020-10-03,2,0
SMH,2020-10-04,1,1
SMH,2020-10-05,2,1
SMH,2020-10-06,2,1
SMH,2020-10-07,4,2
SMH,2020-10-08,6,0
SMH,2020-10-09,6,0
SMH,2020-10-10,5,0
SMH,2020-10-11,4,1
SMH,2020-10-12,4,1
SMH,2020-10-13,4,0
SMH,2020-10-14,3,0
SMH,2020-10-15,2,0
SMH,2020-10-16,2,1
SMH,2020-10-17,2,0
SMH,2020-10-18,2,0
SMH,2020-10-19,2,3
SMH,2020-10-20,7,1
SMH,2020-10-21,6,0
SMH,2020-10-22,6,0
SMH,2020-10-23,7,1
SMH,2020-10-24,7,0
SMH,2020-10-25,7,1
SMH,2020-10-26,6,0
SMH,2020-10-27,7,1
SMH,2020-10-28,7,0
SMH,2020-10-29,5,0
SMH,2020-10-30,5,1
SMH,2020-10-31,5,0
SMH,2020-11-01,5,1
SMH,2020-11-02,5,1
SMH,2020-11-03,7,1
SMH,2020-11-04,7,1
SMH,2020-11-05,7,1
SMH,2020-11-06,8,1
SMH,2020-11-07,8,3
SMH,2020-11-08,10,1
SMH,2020-11-09,8,1
SMH,2020-11-10,9,1
SMH,2020-11-11,9,3
SMH,2020-11-12,9,1
SMH,2020-11-13,10,0
SMH,2020-11-14,8,1
SMH,2020-11-15,10,2
SMH,2020-11-16,10,1
SMH,2020-11-17,8,1
SMH,2020-11-18,10,2
SMH,2020-11-19,11,1
SMH,2020-11-20,9,1
SMH,2020-11-21,9,1
SMH,2020-11-22,10,2
SMH,2020-11-23,11,3
SMH,2020-11-24,13,0
SMH,2020-11-25,12,3
SMH,2020-11-26,16,1
SMH,2020-11-27,15,0
SMH,2020-11-28,15,3
SMH,2020-11-29,19,1
SMH,2020-11-30,20,3
SMH,2020-12-01,21,3
SMH,2020-12-02,23,2
SMH,2020-12-03,20,0
SMH,2020-12-04,16,2
SMH,2020-12-05,16,2
SMH,2020-12-06,17,3
SMH,2020-12-07,20,2
SMH,2020-12-08,20,1
SMH,2020-12-09,19,4
SMH,2020-12-10,20,3
SMH,2020-12-11,19,5
SMH,2020-12-12,21,5
SMH,2020-12-13,24,1
SMH,2020-12-14,25,3
SMH,2020-12-15,24,6
SMH,2020-12-16,25,3
SMH,2020-12-17,25,1
SMH,2020-12-18,24,1
SMH,2020-12-19,19,5
SMH,2020-12-20,23,1
SMH,2020-12-21,21,4
SMH,2020-12-22,22,1
SMH,2020-12-23,20,1
SMH,2020-12-24,21,2
SMH,2020-12-25,17,2
SMH,2020-12-26,20,2
SMH,2020-12-27,18,1
SMH,2020-12-28,19,2
SMH,2020-12-29,16,0
SMH,2020-12-30,18,3
SMH,2020-12-31,20,1
SMH,2021-01-01,18,1
SMH,2021-01-02,18,1
SMH,2021-01-03,19,3
SMH,2021-01-04,21,3
SMH,2021-01-05,21,2
SMH,2021-01-06,23,0
SMH,2021-01-07,23,2
SMH,2021-01-08,19,3
SMH,2021-01-09,21,3
SMH,2021-01-10,23,3
SMH,2021-01-11,27,3
SMH,2021-01-12,29,5
SMH,2021-01-13,30,5
SMH,2021-01-14,29,2
SMH,2021-01-15,33,6
SMH,2021-01-16,35,5
SMH,2021-01-17,40,1
SMH,2021-01-18,35,7
SMH,2021-01-19,31,3
SMH,2021-01-20,29,2
SMH,2021-01-21,28,3
SMH,2021-01-22,25,1
SMH,2021-01-23,25,3
SMH,2021-01-24,23,2
SMH,2021-01-25,25,4
SMH,2021-01-26,26,3
SMH,2021-01-27,24,2
SMH,2021-01-28,22,2
SMH,2021-01-29,23,4
SMH,2021-01-30,21,0
SMH,2021-01-31,19,0
